/*
 Navicat Premium Data Transfer

 Source Server         : 172.16.36.119
 Source Server Type    : MySQL
 Source Server Version : 50722
 Source Host           : 172.16.36.119:3309
 Source Schema         : fs

 Target Server Type    : MySQL
 Target Server Version : 50722
 File Encoding         : 65001

 Date: 10/09/2019 15:24:21
*/

SET NAMES utf8mb4;
SET FOREIGN_KEY_CHECKS = 0;

-- ----------------------------
-- Table structure for act_evt_log
-- ----------------------------
DROP TABLE IF EXISTS `act_evt_log`;
CREATE TABLE `act_evt_log`  (
  `LOG_NR_` bigint(20) NOT NULL AUTO_INCREMENT,
  `TYPE_` varchar(64) CHARACTER SET utf8 COLLATE utf8_bin NULL DEFAULT NULL,
  `PROC_DEF_ID_` varchar(64) CHARACTER SET utf8 COLLATE utf8_bin NULL DEFAULT NULL,
  `PROC_INST_ID_` varchar(64) CHARACTER SET utf8 COLLATE utf8_bin NULL DEFAULT NULL,
  `EXECUTION_ID_` varchar(64) CHARACTER SET utf8 COLLATE utf8_bin NULL DEFAULT NULL,
  `TASK_ID_` varchar(64) CHARACTER SET utf8 COLLATE utf8_bin NULL DEFAULT NULL,
  `TIME_STAMP_` timestamp(3) NOT NULL DEFAULT CURRENT_TIMESTAMP(3) ON UPDATE CURRENT_TIMESTAMP(3),
  `USER_ID_` varchar(255) CHARACTER SET utf8 COLLATE utf8_bin NULL DEFAULT NULL,
  `DATA_` longblob NULL,
  `LOCK_OWNER_` varchar(255) CHARACTER SET utf8 COLLATE utf8_bin NULL DEFAULT NULL,
  `LOCK_TIME_` timestamp(3) NULL DEFAULT NULL,
  `IS_PROCESSED_` tinyint(4) NULL DEFAULT 0,
  PRIMARY KEY (`LOG_NR_`) USING BTREE
) ENGINE = InnoDB AUTO_INCREMENT = 1 CHARACTER SET = utf8 COLLATE = utf8_bin ROW_FORMAT = Dynamic;

-- ----------------------------
-- Table structure for act_ge_bytearray
-- ----------------------------
DROP TABLE IF EXISTS `act_ge_bytearray`;
CREATE TABLE `act_ge_bytearray`  (
  `ID_` varchar(64) CHARACTER SET utf8 COLLATE utf8_bin NOT NULL,
  `REV_` int(11) NULL DEFAULT NULL,
  `NAME_` varchar(255) CHARACTER SET utf8 COLLATE utf8_bin NULL DEFAULT NULL,
  `DEPLOYMENT_ID_` varchar(64) CHARACTER SET utf8 COLLATE utf8_bin NULL DEFAULT NULL,
  `BYTES_` longblob NULL,
  `GENERATED_` tinyint(4) NULL DEFAULT NULL,
  PRIMARY KEY (`ID_`) USING BTREE,
  INDEX `ACT_FK_BYTEARR_DEPL`(`DEPLOYMENT_ID_`) USING BTREE,
  CONSTRAINT `ACT_FK_BYTEARR_DEPL` FOREIGN KEY (`DEPLOYMENT_ID_`) REFERENCES `act_re_deployment` (`ID_`) ON DELETE RESTRICT ON UPDATE RESTRICT
) ENGINE = InnoDB CHARACTER SET = utf8 COLLATE = utf8_bin ROW_FORMAT = Dynamic;

-- ----------------------------
-- Records of act_ge_bytearray
-- ----------------------------
INSERT INTO `act_ge_bytearray` VALUES ('cb608f0d526f4c5282ec617a559ec410', 1, 'test_audit.png', '809b52df107d48c98625937c3f17b1e9', 0x89504E470D0A1A0A0000000D49484452000003DC0000017C08060000003DD3B3DA000053E24944415478DAEDDD0B7C54F59DFFFF53A08AB7BF68A9CBB2FC6CEA6581D5AE5A31868B17349658A0E2AD4B5D8AAC525656A922D40B5A2FC0221A318518110C1711630AC4809186909A442E4908E112638C3166A5980245C4D218631CE3F77F3EDF39E730339949324998CC4C5ECFC7E3F3C85CCE5C32E7FB3E733E73CE9C310C000000000000000000000000000000000000000000000080EEA70F2F0100000000009D2BC12C65FD0500000000009D20DEAC2FCC4AB2FE8EE1250100000000A0739A6DBBC9962DDC9FD1740300000000D079CD766B970300000000805624B4D254DBD7F39D6E0000000000826CB65B6BA6D9D20D00000000401BC51BC16DB90E767A0000000000BA6DB33DA61DB7ABA3E90600000000A0F39AEDCEBA3D000000000051A7B503A485FA7E0000000000889A66BBB37607674B3700000000A0DBF33DE0D9F7CCBAD3FA1B0CDFDB7120350000000040B76FB6C77834CDCBCC52D6DFB636DD816E47D30D00000000E8F6CDB6B8D36A9A55104DB767B36DD7448FEBF94E3700000000A0DB08D404FB6B9E5B6ABAFD4D9FEA677ABED30D00000000E836CD7642104DB4BFA6BBADCDB66FD3CDEEE50000000080A8D3D6A6B7B5A63BD866DBF3F13F33D8D20D0000000088C266BBADCD6EA0A6BB473B9B6D1BDFE9060000000074DB66BBA5A6BBAA03CD76479F0F000000000061A3A35B94FD35DD1D69B67D9B6EBED30D000000005D2CCEACC7CDCA366BA7D5AC29AA4D95D4C1D75E7623F7DDB25D655DDE1149CC1B8AA2288AA2282ACAAACEAC6AB372CD7AC6706F68EA453B8770D4D71AA49F9A5564D61CB3C69975B1597D7879DAA4B5A392B7A6A52DDC6DF99DEE40D8C20D00008068247DCA20C3BD87A9F4325BCD3A68B83736F5E3E541B8986C35DA8BCDBA8097A343A4B9AD334ECC77B8DBD374F31D6E000000742703CC4AB6D68167F272A02BC9EE166F98956FB8B764A3F39AEE60B62807FAE92F7F47290FA6E9E628E5000000E8AE64CB77B9E1FE9AECE9BC1CE80AD26C67197CCFE14436DDAD35BBADFDCE766BBFD31DC81083DFE106000040F7D6C7EA77B2E979106AB21B793E03EF846A6D0B736BCDB6D1CEA6DBDEAD7D1CB30000000034DD7A4BF723BC14081539409A7C679BDDC84FBC405BBADBDA6C07DB74DB8F47B30D000000B8C9EEE5B2F72707524348C811FC9279194226C168BE7BF79D46F0BFB3EDAFE99EE8F3387C671B000000684EFA9F245E0684826CDDE668E4A16FBA3D0FA4E6D93CB7A5D9365AB91D3FFD050000000426472F979F0CE32BB538A1E20CF7EF6C23F47C772F976679A211FC4F7DF9DEAEA3BFFF0D00000074075B5967C689F69459737819C2A6E9EE287FBBAB03000000684EFAA06778197022C921F139A0567434DD9DDDBC03000000D14CD69B7379197022ED34383A7938E8E86EE0EC460E00000004478E565ECDCB8013499AB43EBC0C61D57407BB859A03A401000000C1933EA88E97012792E225082BC1EE16CE6EE400000000FD101860E8E4267A88E1FE448EEFE003000000F4436080A18D12AC663AA185EB3FA3D906000000E887C00043F0026DE9663772000000807E080C307472D34DB30D000000D00F8101864E6EBA9368B601000000FA2130C0D0B9A659F38A9FFE02000000E887C0004327CAB2E6552F5E0A000000807E080C30748E38B35C065BB801000000FA2130C0D0A932ADF924B5939703000000A01F02030C1D37C438BE75DB2E0E9A06000000D00F8101860ECAF269B6EDADDC7C971B000000A01F02030CEDE46FEBB65DE3787900000000FA2130C0D03ED9019A6DA9225E1E000000807E080C3004AFA5ADDB7C971B000000A01F02030CED94D54AB3CD11CB01000000FA2130C0C0BC0200000058C706030CCC2B00000080756C8001C6BC02000000C03A361860605E01000000AC63830106E615000000C03A36C000635E01000000601D1B0C3030AF00000000D6B1C10003F30A000000601D1B608031AF00000000B08E0D0618985700000000EBD86080817905000000B08E0D30C098570000000058C706030CCC2B00000080756C30C0C0BC0200000058C7061860CC2B00000000AC63830106E615000000C03A361860605E01000000AC63030C30E61500000000D6B1C10003F30A000000601D1B0C3030AF00000000D6B1010618F30A00000000EBD86080817905000000B08E0D0618985700000000EBD800038C7905000000B08E0D30C09857BC0400000000EBD86080817905000000B08E0D0618985700000000EBD800038C790500000080756C30C0C0BC0200000058C706030CCC2B00000080756C8001C6BC02000000C03A361860605E01000000AC63830106E615000000C03A36C000635E01000000601D1B0C3030AF00000000D6B1C10003F30A000000601D1B608031AF00000000B08E0D0618985700000000EBD86080817905000000B08E0D30C098570000000058C706032CA4FFB052BD535252664E9C38716F6C6C6C43EFDEBD95F53A509D503D7BF6FCEEFCF3CFFF6CF8F0E11BCDBF238918000000E887C000EB06962D5B76CFC89123EB636262D49C39B3557E7E9E6A68F8CAECC1BFA33AA9E4F52C2A2A548989CFA981030736F6EFDF7FAFF9D25F4CD4000000403F040658944A4D7D657DBF7EFD5452D20BCAE56A349BC3262A04959CBC48F5E9D3E7AB534F3DF526E206000000FA2130C0A2B0D9BEE0820B5451D176B309FC960A71959797A9BE7DFBFEC39C1563881C000000E887C0008B12CB962DBD47B66C17156D339B3F97572D5DFA921A3326418D1A75BDBAFEFA6BD40DF12355F2A2A466D3511DAFF2F2BDEA94534EF9C260F772000000D00F81011605FF9C52BD478EBCA63E29E979F3E4375EB562F95235FAE7A3D4ADB78CD53576CC8D2A3EFE5A3574E8156A916EBABFA13AB91213E77FDEAB57AF3C6207000000FA2130C0225C4ACAC29931313F522E57BDD9F0357A55C2A878DD68DF70C348A77EF6B3EBD4F061579A4D776CB3E9A9CEA9B3CF3EFB5373D6C4113D000000D00F810116C1264E9CB077CE9C27CD46EFEB663562789C7A61C17C95F556864A7931496FD9BE6AC4507DB99C76B9BEF47B3BAA63356DDABD3BCD599348F4000000403F040658048B8D1DD2909F9F63367A0DCDEAEEBB27AA837FFD546DDDF28ECAFED306B5EAD554B53E738DFAB8FA43F53F5327AB6FBFFDD2EFEDA88ED5BBEFE61E3067CD4EA207000000FA2130C02258EFDEBD5543C3E766A357DFAC1E9BF5902A2EDAA276146F55BB7795E892D33B766C578F3DF690DFDB501D2F991FE6AC71113D000000D00F810116E1FF9F525F362B97EBEF6AD6AC996ACA6F26A992924255FEDE1E5DBB76ED50D3EEFB6F35E3C1FBD4D75F7FEEF7B654C78B051B000000E887C0008B8A86BBCEAB1A1B3F57EBD6BDA662637FAAAA3FAA540F4EBFCFAB4A4B8BD590CB2F55AFAF4E550D0D9F35BB3DD5F162C106000000FA2130C0A2A2E1FE8753DF7D774CBDB5215D0D1B1AAB6AAAABD47B65BB55EEE68D2AF3CD3FAAB4D757AAD4575E329BF134BD7BF995575EAED2D357A86FBFFDC2EB3EA88E170B36000000D00F810116150DF731A7B66ED9A47F6B5B9AECBCBCCDEACD8C74DD68AF58BE44BDBC78914A7AE159F5CCBCA7F501D416BFB4505D7BCD08B5F1ED355EF74175BC58B0010000807E080CB0A868B8FFEED463B37EA78F442E8DF5B2D4C5BA96BC9CAC92172D50CF27CE53FF3BF749F5C4EF1F513367FC563DF9C4A366B39DA97E37F37EAFFBA03A5E2CD8000000403F0406585434DC5F38250DB7FC04D8EDB7DDACDE487B5537DAD27C3F3B7F8E9A3BE709F5DCB37375D32D4DF898D1096A73CEDB56C3FD05D589C5820D000000F44360804545C37DD4A9BD7BB7A9471F99A17E79FB38DD50CBAEE4FE2A2E6E88FAF584F17A6B7769E9BB5EF74175BC58B0010000807E080CB0A868B83FF72AD7377F535F7EF9A94A7CEE699530EA3A3562F8956AE8D02B54DC9543D450B3D1BEE6EAE1EA81FBEF51C78EFD454FEB7B7BAAE3C5820D000000F44360804545C37D840AB362C106000000FA2130C0A2A2E1FE8C0AB362C106000000FA2130C0A2A2E13E4C8559B16003000000FD10186051D170FF8D0AB362C106000000FA2130C0A2A2E13E448559B16003000000FD10186051D1701FA4C2AC58B0010000807E080CB0A868B80F5061566D18774F98D5403C010000403F0406585837DC7FA5C2AC5A1877D2687F6D5DCFC20F000000F44360808577C35DEBB7E4BA850B67ABC4C4C775EDDB57AC2F2B29D918F036C196DC5F6666AA733A27E7757DBABA7A5BC0DB9497BFA3F6ECC9F17A1EBECF4BCECF9A35ADD963CD9F3F4B9F3E74688FD77555555BF4F5478E94377BBCDADAD26697555616E8E96B6A0AF5F90D1B96AB33CE38BDDDFFBBBFEB5A69B469B8010000403F040658F837DC9FFAADE30DA1F76559592BBC2EBBF9E6043579F2AFCC86BC48979CBEF7DE3B9DF3729BB9731F72A6EFD9B3A74A4E9EE35CE76EE6DDA7CBCBFF6C36CE6FAB33CF3C434F5B5DBD553F9EDD606EDCF8AA1A3FFE176AC2845BF469B9ACB676A7FE2BD37A3ECF952B5F704EEFDFBF43FFADACCC5705056BF569794CCFE967CF9EA98E1E7D5FFFCF727ECA94FF741EC3BE2FCFE91F7FFCB75EE72FBFFC277AFAD1A3AFD7CFCFBEEEC61B47AAE9D37FA31FEFDC73FF45CD9831C56CF0DFD5B7A9A8C80BF8DA5BF3679EE1DE755C0528000000807E080CB0F06DB8F7FB2DBBA94C4C7C4C97DD146FD9B22EE06DA42EBCF0C72A36F6D216A7B1EF5F9ACFC387F7E8F3070E94EABF7979E9FABAFAFA2A7D5E1E5BCE9F724A6FDD7C8F1D1B6F36C37798CDED4A7DF9B1631F585BB8B3D4A143BB9DCB972C99AF9F4B46C612B560C1EFF565757595FA6F41C11AE77948132E973535EDD37FABAADC5BAFE5F9AC59B3586DD8B0CCEB79DBD36567AF52A5A51B556E6E9A7ECE725EFE17FBB1FDFDCFF23FC8EB77CE393F50C3865DAE9FABFD7CF7EF2FF67A6D0CFF5BB469B8010000403F040658E434DC7F695665659BD49E3DD9AAB1F163AFAAADDDA11B447FB7B1EB78C3EDFFFA82823FAA6BAF8D533939AFA9949439EAB4D34E359BE60A75F2C927A93BEEB8C96C62DF369BDA4F9CE9EDE652A6ADABFB40A5A7BFA8060E3C4F2D5CF894BE5CA67737D31F78DD46A697D32E578D2A2FDFAC2F4B4D7D4E3F5645C59FF575870EEDD297A7A52D5283075FA09B79FBF6F6FDCAEB20A7EDFB5EB52AC9DAFABF54DD7CF328E771ECE7939BFB7AC0FF5DB6DCCBF5329DBCC6F663C97D794ED786469BA2288AA22877D599B5C7AC6CB39E312BDEAC5EACC202F44360808549C3BDAF592D59324F5D74D1BFAA2D5BD6A8D5ABFFA0AEBB6E989A3DFB417D5E6E5358F8A6DFDB49B91BEE4B025E2F65E82DC9EE2DCBF3E63DA48E1CD963ED1E5EACAF97F39ED326253DA1060CF867B3A9AE50C9C94FEBCBA64E9D607D57FB5EBD9BBA3D7D6363B5F3265C5D5DA0B2B296A98D1B5778955CB76DDB3A3D7D76F6ABAAA6668BD7E31B7A2BF81FF56DFBF63D5B6F8D96CB8F1E2D536BD6A4E8867FFAF4BB557CFC087DD94F7E32488D1E7D9DBE6F792EF2E1815C6EDF974C27D7C5C40C50975C32D86CBA577B3D965CE7FBFA58F3E715B3BE35C2730B771FB3069935C6ACC7CDCA35EBA0594966F563D101049D236914B6922380F723807E080CB0A86AB83F695672F95D77FD529F4E4B5BA8B7427B5E9799B9C4EFEDA42EBC30C66AB89B5F575FFF81F55DE7E5FA7E648BB69C2E2BCB76EEF7ACB3CED4BB5CEFDF5FE83C9E34A90505E9BAD996A6559ADB55AB5EB0BE8BBDCDF92BD3A7A6CEB7B64C6FB41AEBB57EFF3FFB7F387A74AFF57DEACDFA7C6D6D91F3DCEC6957AF4ED2A70F1FDEE55C26CDF88D375EAB1F4F2E5BB8F049DD6837347CA8FF4FCFC7CAC858EC9C970F0D9A9A6A9C0F040CFDDDF59C66CFCF673EBD1AA0F10E3703ACA6415674EE61F101B43B47C9667D61D64C5E0E80F723807E080CB0886EB8FFAF59B91BEEDB9DD3D3A7DFE5755D66E6CB7E6F2775BCE1F67F7D71F19BFAF676232BBB725757BBB776BB5CD5CDEE5FCE2F5E2CBB93BFAF0E1C2856E9E98BCCA6FD625553E36E560F1D2AB1BEC3BDDE6C643F562929B3AD03A4E5EADB6FD8B05437F59326DDA6CB6EF6E5FA86864AA77995E90A0BD7A98B2EBA5037E9EE263CC76AE6B7367B7DC68EBD5EDD7A6B82D92C6FD2FFF39123BB5476F60AEB68EBAF7A4DEB6EB8BD5F87C4C447F5070B5959A97E5FFF00F3CB778B77B8922D0DB28561AD59A7B31801DA9DA372C3BD9B2C3902783F02E887C0008BCC86BBA65919FA27C19E50F5F5EF5B074A4B379BD03566435B6D36ACCBFCDEC6AEE30DB7FFEB6B6B0BD5F2E5CF5A3FD3F590D96CE7A9F3CEFB7F6AEEDC079DC77637DCC79F4B72F293BAA1DDB76F8B6EB8E5B2C6C60FADADC479D62EE0696613BDD96CDA3FB29AF917023E07CFC73876ACCC795E72FF863E605A91D948675BDF057FDAEFEDA5E1B6FF4F795CF97EF61D77FC42DF56AE5FB0609633AD5C7FF4E86E75D965FFA666CF9EAE2F97D7D4D0DFF95EE5F7FE5B996FF616EF7026DF9FCBB2567200B44F1F2B47D906DF4905783F02E887C0008BC486FB63BF75E448A9F5B35D8FE8F315159B9CADC10D0D15FAB2C3874BD44D37C5EB9A3265BCD93CBEAAB7DA9E7B6E7F7D5A2A2D2DC93A08D97A7D1B437F577ABBD52CBFA31B5A431F25FC23E7FACCCCC5CEF390F3C386FDD46CF4535546468A4A4D7D463F867D9DDC87A177F15EEA759BF2F23FA9C2C2B5BA09969A34E9565D723FEE2638C76C82DD074DEBD7EF87AAACCC7D90B4BCBCD5CEF35BBC78B6B5F57B89D76B63E803B03D6336FD95FAB9DD7BEF0475E850B19A376FA6FAFEF77BE9FBF29C566AD5AAE79DFF511E431E535E1FFB317DEF3F8A567264CB02BBF3011D6BBA654BF723BC1400EF4700FD10186011D770577B554ECE0ADDBCF6EF7F8ED974EF6C76BDDC66DAB489CEF98686F79B4D13A81A1B3FD0D3CBFDCBFD1C3EBCC36A385FF3BA7F77F37CFC7C4949863EED727D681DE13B4B9F6F6AAA72A6292878DDEB360B163CAAA7F7F73CE4FAE2E275FAF4BE7D05FAAF7C77BCA6264FDFCFE0C1E73BD3CA63B93F30C8F4BAFD810385FABA6DDBD2D5E8D1D7AA5B6F1DE5F7F1E4B9DB97575464ABABAFBE4237F2BEF7BF7AF502AFFB8FA23126BBF37D6A70E01AA0A339FA8C1C01BC1F01F4436080455CC3FD51445553D3879D324DA89E4B7BA68FC2712707AE496271027448323902783F02E887C0008BB886BB8A0AB38AC27127478B9523C5F21D54801C01E408A01F02BA53C3FD21156615A5E34EBE3B97C02205E890ADE408E0FD08A01F02032CA21AEE4A2ACC2A4AC7DDE3867B573E00ED37871C01BC1F01F44360804554C3FD01156615A5E36E8CE1FE6923001DCB512E2F03C0FB11403F040658C434DC15549855948E3B393AEC1E162940877354CDCB00F07E04D00F810116310DF7FB549855948E3BF92DE13A1629003902C811403F0474A386BB9C0AB38AE271C7021B2047003902C80BD09D1AEEF7A8302B1A6E00E4082047007901032C2A1AEE322ACC8A861B003902C811405EC0008B8A867B2F156645C30D801C01E408202F60804545C3BD870AB3A2E106408E007204901730C0A2A2E1DE4D8559D170032047003902C80B186011EEE4934FFAAEA1A1C86CF2765161525F7D55B8CF9C352EF204801C01E408202F608045B0C1837F7C283F7F89D9E895526152EBD73FFFB6396B76922700E4082047007901032C825D75D565EBE6CC994AA31B463576EC5569E6AC49244F00C811408E00F2020658041B30E007B103069CF38DCBB58366373CEA931E3D7A5498B3268E3C012047003902C80B186011AE7FFF1F9626253D48B31B063566CC554BCD59924B9E009023801C01E4050CB0E830E8CC334FAB2F2A5A41D3DB85959FBF74BD392F0E9A75317902408E007204901730C0A247FC39E79CFD779AEEAE6BB67BF4E85163CE8731E409003902C811405EC0008BC2A6FBA493BE7F6CDEBCFB3EE73BDDA1FBCEB6B51BF9C16ED06CB3C006C811408E00F20274EB0136A867CFEFE59C7EFAA987A74CB965F7A64D2F1E6C6828A431EEC4FAEAABEDFBE4A7BFE468E4D601D2E43BDB17932700E408204700790103AC7BB8D4AC39666D35ABC17A1DA8CE2997E1FE9D6DF9E9AF38F204801C01E408202F6080219C6559F3AA172F057902C811007204901730C0D039642BB1CB9A5709BC1CE409204700C811405EC00043E7C8348EEFAEBD9397833C01E408003902C80B1860E8B821C6F1ADDB768DE165214F003902408E00F20206183A26CB687E5032D9CACD77B9C913408E00902380BC80018676F2B775DBAE71BC3CE409204700C811405EC00043FB641B817F7AAB8897873C01E408003902C80B1860085E4B5BB7F92E377902C811007204901730C0D04E59AD34DB1CB19C3C01E408003902C80B1860605E318F009023801C01E4050C3030AFC03C02C811408E00F20230C09857601E01E408003902C80B1860605E318F009023801C01E4050C3030AFC03C02C811408E00F20230C09857601E01E408003902C80B1860605E318F009023801C01E4050C3030AFC03C02C811408E00F20230C09857601E01E408204700C80B1860605E318F009023801C01E4050C3030AFC03C02C811408E00F20230C09857601E01E408204700C80B1860605E318F009023801C01E4050C3030AFC03C02C811408E00F20230C09857601E01E408204700C80B1860605E318F007204801C01E4050C3030AFC03C02C811408E00F20230C09857601E01E408204700C80B4E882C6B40B5543B799958188079049023801C01E40508CE10B35CAD34DC63789958188079049023801C01E405085E760BCD769159BD788958188079049023801C01E40508DE90161AEE71BC3C2C0CC03C02C811408E00F202B49FBFEF72CB77B7D9BACDC200CC23801C01E408202F4007F8FB2E37DFDD666100E611408E0072049017A013641A6CDD666100E611408E0072049017A0D3C57934DC09BC1C2C0CC03C02C811408E00F202741EFBBBDC6CDD666100E611408E0072049017A0130D6180B13000F3082047003902C80B22678E29D53B252565E6C48913F7C6C6C636F4EEDD3BD0CF70512D54CF9E3DBF3BFFFCF33F1B3E7CF846F3EF4846160B03E611408E00902380BC7463CB962DBB67E4C891F53131316ACE9CD92A3F3F4F35347C65F6E0DF514196BC6E4545852A31F1393570E0C0C6FEFDFBEF355FE28B5918807904902300E408202FDD4C6AEA2BEBFBF5EBA792925E502E57A3D93436519D58C9C98B549F3E7DBE3AF5D4536F626100E611408E00902380BC74A366FB820B2E504545DBCDE6F05BEA0455797999EADBB7EF3F8CEEF9BBE12C0C9847003902408E00F2D2BD2C5BB6F41ED9B25D54B4CD6C0A5D5EB574E94B6ACC9804356AD4F5EAFAEBAF5137C48F54C98B929A4D47B5BDCACBF7AA534E39E50BA3FBED5ECEC2807904902300E408202FDD68EE28D57BE4C86BEA93929E374F7EE3552B962F55A37F3E4ADD7ACB585D63C7DCA8E2E3AF5543875EA116E9A6FB1BAA9D959838FFF35EBD7AE5B13000F308204700C811405EA2544ACAC29931313F522E57BDD908367A55C2A878DD68DF70C348A77EF6B3EBD4F061579A4D776CB3E9A9E0EAECB3CFFED49C05712C0CC03C02C8110072049097283471E284BD73E63C6936805F37AB11C3E3D40B0BE6ABACB73254CA8B497ACBF6552386EACBE5B4CBF5A5DFDB516DAB69D3EEDD69CE82441606601E01E408003902C84B148A8D1DD2909F9F6336800DCDEAEEBB27AA837FFD546DDDF28ECAFED306B5EAD554B53E738DFAB8FA43F53F5327AB6FBFFDD2EFEDA8B6D5BBEFE61E3067C14E1606601E01E408003902C84B14EADDBBB76A68F8DC6C00EB9BD563B31E52C5455BD48EE2AD6AF7AE125D727AC78EEDEAB1C71EF27B1BAAED25AFBB390B5CDD64A825580B830452C7021B204700C811405EBACD0C52EACB66E572FD5DCD9A35534DF9CD24555252A8CADFDBA36BD7AE1D6ADA7DFFAD663C789FFAFAEBCFFDDE966A7B759380C49B2547654FB2FE8E21762CB0017204801C01E4A59B34DC755ED5D8F8B95AB7EE35151BFB5355FD51A57A70FA7D5E555A5AAC865C7EA97A7D75AA6A68F8ACD9EDA9B657370848BC4F932D5BB83FA3E966810D902300E408202FDDA4E1FE8753DF7D774CBDB5215D0D1B1AAB6AAAABD47B65BB55EEE68D2AF3CD3FAAB4D757AAD4575E329BF134BD7BF995575EAED2D357A86FBFFDC2EB3EA8B6579407C4B7D96EED72B0C006C8110072049097686BB88F39B575CB26FD5BDBD264E7E56D566F66A4EB467BC5F225EAE5C58B54D20BCFAA67E63DAD0FA0B6F8A585EADA6B46A88D6FAFF1BA0FAAED15C5014968A5A9B6AFE73BDD2CB0017204801C01519A970166DD67D65AB3AACDAAB39E7083599F989569D64C6BBA286EB8FFEED463B37EA78F442E8DF5B2D4C5BA96BC9CAC92172D50CF27CE53FF3BF749F5C4EF1F513367FC563DF9C4A366B39DA97E37F37EAFFBA0DA5E51FA86D2D6669A2DDD2CB0017204801C015198977166E55A4DF62B66DD66D620B34EB7AE97BF31562390644D976FD684E86CB8BF704A1A6EF909B0DB6FBB59BD91F6AA6EB4A5F97E76FE1C3577CE13EAB967E7EAA65B9AF031A313D4E69CB7AD86FB0BAA1D15856F28F146705BAE839D1EACE000E408204700C2342FD244679B556E35D3BD82B8AD3404F29BC95BCDBA20BA1AEEA34EEDDDBB4D3DFAC80CF5CBDBC7E9865A7625F757717143D4AF278CD75BBB4B4BDFF5BA0FAAED15656F28EDDD622DB7ABA3E966810D902300E40888DCBC8C37EBA0E1DE45BC5707EEE73EEB7EA2656BB7D9F87DEE55AE6FFEA6BEFCF25395F8DCD32A61D4756AC4F02BD5D0A157A8B82B87A8A166A37DCDD5C3D503F7DFA38E1DFB8B9ED6F7F654DB2B8ADE503ABA7B38BB97B3C006C81100720444685E64255EBE931DD749F777A9757F93A3A3E13E42755145C91B4A6B07480BF5FD80151C801C01E408202F2132DE6A8E633AF97E63ACFB8DF42DDD66E3F719D54515056F289D7DB471B674B38203902300E4088890BC48532CBB7FC79DA0FBBFD4BAFF4191DD701FA6BAA822FC0DC5F78067DF33EB4EEB6F307C6FC781D458C101C811408E0044405EE448E4334FF063C877BAB74676C3FD37AA8B2A82DF507CB7444BB3BCCCFA7F9605D17407BA1D4D372B38003902C8118030CE8BFCF4971C8DBC77081E6B8F11B9BB969B8DDF21AA8B2A42DF50FCEDF67DA7F5BFA8209A6ECF66DBAE891ED7F39D6E5670007204902300619A97DC10AEA84B0312A95BB9CDC6EF20D54515816F28819A607FCD734B4DB7BFE953FD4CCF77BA59C101C811408E0084595E0618EE039AF50AE163561B9D7F60B68E7EE030A26D0DF701AA8BAA8B02D2D6B111A8D94E08A289F6D774B7B5D9F66DBAD9BD9C151C801C01E4084018E445BE57BD38C48F99689CF8EF8B07FBC22BABB98A6BB9E1FE6B874AEE23337399733A27274D9FAEAEDE1EF036E5E5EFA83D7B36AB92928D5EF7E379DEAE7DFB76A8934F3EA94DCF63FCF89B9A5DB666CD12BFD36767AF56679E7946BBFFE79494799DF2DA85F1D8684FD3DB5AD31D6CB3EDF9F89F196CE96605072047003902D0E579596BD66D217E4C6904B2C2B0E1B62BDBF0BF55D36CFC6A83AE9E3D7BAAE4E43966335CACEF3F31F171E7B434D3D238BB9BD95AB3F1DEA6B2B2563ACF65E3C655BA319E30E1167D5A2EABAD2DD57F655A7F8F27D79D724AEF80CFE7D0A13D7A9A0103FE59DF67FFFEFFA4D2D25E349BE2FF55175DF4AFCEE31C3B56D9EC7E2B2AF2544D4DA19EE6D65B7FAE264FFE95337D7171969EAEB07083BE6CD2A45FEABFF23871713FD5A7A5366C58AECE3BEFDCA05FC72E6EB85B1B1BBECD765B9BDD404D778F7636DB36BED3CD0A0E408E007204200CF222BB775F10E2C78C31EBD3306EB83DB76A8EF06EB83F6D77C9ED67CC98A20E1FDEABCF1F38B04BFFCDCBFBA3BEAEBEFE237D5E1A72BB69CECA5AA1C68EBD414D99F29F66B3FAAAD3081B7A0BF7DB7AFAF2F23FEBE6574AA691E6B95FBF1FEAC7B26F3371E26D7A5A97EB13DDF0CA6969B40B0BD7AB6BAF1DAAE6CD7BD8798ED278DBCFF9C891F7D4B06143F4FDD8CFCB7EDE86DE5A9FEA9CCEC858EA9C5EB366B1731FB2C55D6E6B9FFFFEF77BA9C71FFF6DBB5EBF301E1BED69B65B6ABAAB3AD06C77F4F980151C801C01E408202F9DA4CEACD343FC98F2780D11D0707B6ED58C7337DCFB83AE828235BAA9CDC9596D36B373D569A79D6A36CD1FE846F48E3BC6A9D2D28DAAA9699F33BDFDB8326D5D5DA54A4F4F5103079EAF162E7C5A5F2ED3CB5FB9CEDFE35D78E18F556CECA5019F8F3CEEE8D1D7A949936E371BE9956AF1E2797A0BB434E8F66572FF6969C9CE6DE4F9C9659595F9AAAC2CC76CDCFF4F9FCFCE5EE53C67799E72BAA1A15A9597E79ACD7A992EB96EE5CA17F4E99A9A6DBAD16FCFEB18660DB7EFD8E8E816657F4D77479A6DDFA69BEF74B382039023801C01E4A51B8554456229F5977695DCB6AA2A5FFF9D37EF21B3F9DC6BED1EBE435F2FE73DA74D4A7A42EF8A5D57F7814A4E9EAD2F9B3AF5D7FAEFAC59F7E9DDD4033DD6F186BBF975F6E3EEDF5FA4FF8E1D1BEF34D95959CBF58701FBF615AA8A8A3F7BDDEE8927EED75BDC6FBF7DB4DAB265ADAAAE7E57DFFED0A15DCE73CEC858E2F53FA4A52D528D8D1F5B5BC297EAD3D9D9AFEAC768EF6B18E695D4C14CC86EE4BE5BB6ABACCB3B22C9BAAF3E2C6359C101C811408E00F2125A6CE10EDC40ED34DC5B2CED23B89B8DDFBEA0AABEBE525D7EF94FCC867685BECF3BEEB8499F2E2BDBE434A2679D75A63AE79C1FE826586E23975F72C9605550F047B3D97E5AC5C40CD05BA457AD7A415FB76FDF76E7AFFD38DBB6AD5393278F57B9B9ABF5EEE452F238CB9727EA695DAE8F9B3D37FBF1EDF38D8DD5FA32B90FDFE92A2A729DD7E5E8D132B3A1BF44C5C78FF09A2623E365AFF323465CE1FCDFF2DCE4B46CDDBEF9E65141BF8EF67D86F1D868EDA8E4AD69690B775B7EA73B10B670B382039023801C01E8C2BCF01DEED69B29E378C3FD49D0555C9C6936B64BF47DAF5E9DA4060FBE40555717388DB0BBF15DE24C2FE7172F96DDC92BD481033B547A7AB26EDA6B6AECADCA3BADEF706F706ED3D8F89173FAC20B637443DCDAF392FB90E9264DBACD6C8697ABACAC65EA8C334EF39A66DFBE6DFABEA50C7D54F5552A2F2FCD6AF8B7398F6DE8DDCB577ADDB7FD3F19FAE06FCBF56969E6DD07880BFE750C93863BD0D8B09BDB3AE3C47C87BB3D4D37DFE16605072047003902D0C579E128E5C79B9A22B3C619817F93DC6CFCFE2FE8AAAD2D54CB973FA71F63FEFC87CC663B5F1FA57BEEDC19FA7A7773FAB233BD9C4F4E7E4A1D39B2CB6C6AB79A0DF7227D59636395757472F7AEE905056FF87DBCE30D77CBCF4BEEE3E187EFD18F6197BB715ED16C5AFBB16B6A0AD4E1C3A5CEF390EBAAAADE71AEF3BCEFF8F8E1BAD136F416EEFFD0A7FBF63D4BCD9831B95DAF631737DCAD8D0DDF26B7AD5B9403FDF497BFA39407D37473947256700072049023006190177E87BBE5AD963E0D774DD065E8EF6A175A4D6A9E4A49711FFCACA9A9DAB9DEDD701F9F7ED830F919AD652A23E325959AFA8CDEE5DCBE4EEE43FE6665BDE2F7F18E37DCEEF32ED747D6AEE0BB9B3D2FCFC7B52FF377BFF5F5EF5B5BB5B758DF01DFA69F875C2EBBBCCBF36DE9FF97FFA53DAF9DEFFD84F1D8F0D774B7D6ECB6F63BDBADFD4E7720430C7E879B151C801C01E4084058E46580599F04D9507494ECC61E13893348A98F83AAC6C64AD5D0506136B14B75C374F87089FE9B97B7DA99C6DDE42EF53A5F52F2A63EED72B9B72C9795BDADCF37357DE44C5350906636BCE5EAE69B7FA6E6CE7D5025263E6236C4EFAAA953FF534D9B36519F962A2C5CAB4E3BED1475ECD85EAFE76638BB94DFAA6BE3C654ABA17FA7D9FF5157F79E75E0B6FFD4CFC97E2EF26180EFFFE35B86DE6ABE3CE8D7CEDFFD44D058696D0B736BCDB6D1CEA6DBDEAD7D1CCB535670007204902300E191975C23745BC3A421D81AA93348A9EA905753535544DDEF897A9C087C4309B4A5BBADCD76B04DB7FD7834DBACE000E408204700C2282FB2825E6E84662BB7ECA23B21721BEE8FA82EAA087D43912DDDBEBB77DF6904FF3BDBFE9AEE893E8FC377B659C101C811408E0084695EF28D13FFBD6AF9BEF85623B4BBAF7772C35D45755145F01B8AEF4F867936CF6D69B68D566EC74F7FB182039023801C0108F3BCC49875D0ACB81374FF975AF73F28926790521F525D5411FE86E2BB7BB934CB138DE07FEACBF7761DFDFD6FB082039023801C01E42544C61BEE03A8C59C80665EEE7742A4CF20A52AA92EAA287843E9ECDFC5F6B7BB3A58C101C811408E0084715E2659CD71676DE9BED4BABF47A2610629F501D54515256F289DD5747776F30E5670007204902380BC84886CE9962D67F29DEE8E7CDF5ABEB37DD06AE2A36206295541755145D11B4A47770367377216D8003902408E8008CF4B8CE1FEB9B0F276ACD8CBD6B722C37D80B441D13483947A9FEAA28AB23794F61E559C03A4B1C006C81100720444515E6EB31A6FD92D7CB1E1FE09B10BCC3ADDBAFE74AB39970620D1AC6AABD19E6444EED1C85B68B8CBA92EAA287C430976B770762367810D902300E40888D2BC0C30EB01B3D65ACD7783F584E5EFA7666519EE5DD063A2790629F51ED54515A56F286D6DA2879855677DE00516D8003902408E00F2128D0D7719D54515C50149B09AE98416AEFF8C669B0536408E00902380BC4479C3BD97EAA28AF28004DAD2CD6EE42CB0017204801C01E4A5BB34DC7BA82EAA6E1010DFE69A669B0536408E00902380BC740F279F7CD2770D0DC566F3B79B0A717DF555E13E7316B8BAC130B39BEC249A6D16D8003902408E00F2D26D0C1EFCE343F9F94BCD06701715E25ABFFE85B7CD59B0B39B0CB5046B61C04F7FB1C006C8110072049097EEE1AAAB2E5B3767CE54B3012CA5425C63C75E9566B87F768E85019847003902408E00F2126D060CF841EC8001E77CE372EDA0090E6D7DD2A3478F0A7316C4B13000F308204700C811405EA254FFFE3F2C4D4A7A902638843566CC554BCD973E9785019847003902408E00F212DD069D79E669F545452B68864350F9F94BD79BAFF941B32E666100E611408E00902380BC44BFF873CE39FBEF34DD27BED9EED1A3478DD13D8FD4CDC2807904902300E408202FDDB7E93EE9A4EF1F9B37EFBECFF94E77E77F67DBDA8DFCA0D17D7F168B8501F308204700C811405EBAB5413D7B7E2FE7F4D34F3D3C65CA2DBB376D7AF1604343210D733BEAABAFB6EF5BBFFEF9B7E568E4D601D2E43BDB17B33000F308204700C811405EBAB74BCD9A63D656B31AAC194905572EC3FD3BDBF2D35F710C291606CC23801C012047007901C0C2807904801C01E408202F0058188079049023801C01E405000B03308F007204801C01E405000B03E611007204902380BC00606100E611408E0072049017002C0CC03C02C8110072049017002C0C984700C811408E00F2028085019847003902C811405E00B03000F308204700C811405E00B030601E012047003902C80B001606601E01E4082047007901C0C200CC23801C012047007901C0C2807904801C01E408202F0058188079049023801C01E405000B03308F007204902300E405000B03E611007204902380BC00606100E611408E0072049017002C0CC03C02C811408E009017002C0C984700C811408E00F2028085019847003902C811405E00B03000F3082047003902405E00B030601E01E408003902C80B001606601E01E4082047007901C0C200CC23801C01E408007901C0C2807904902300E408202F005818308F7809007204902380BC00606100E611408E0072049017006061C03C02C8110072049017002C0C984700C811408E00F2028085019847003902C811405E00B03000F308204700C811405E00B45B9615FE966A272F130B6C801C012047007901109C2166B95A69B8C7F032B1C006C811007204901700C1CB6EA1D92E32AB172F110B6C801C01204700790110BC212D34DCE37879586003E408003902C80B80F6F3F75D6EF9EE365BB7596003E408003902C80B800EF0F75D6EBEBBCD021B204700C811405E0074824C83ADDB2CB0017204801C01E40540A78BF368B8137839586003E408003902C80B80CE637F979BADDB2CB0017204801C01E40540271AC2C2800536408E00902380BC00E19F2AA57AA7A4A4CC9C3871E2DED8D8D886DEBD7B07FAF92D2A88EAD9B3E777E79F7FFE67C3870FDF68FE1DC9029B1C51E4881C912372448EC81139222F4037B26CD9B27B468E1C591F1313A3E6CC99ADF2F3F35443C357E6B2FA3BAA8325AF635151A14A4C7C4E0D1C38B0B17FFFFE7BCD97FC625670C811458EC811392247E4881C9123F20244B9D4D457D6F7EBD74F2525BDA05CAE467361D2449DC04A4E5EA4FAF4E9F3D5A9A79E7A132B38E4882247E4881C912372448EC8117901A278A17CC10517A8A2A2EDE642E35B2A44555E5EA6FAF6EDFB0FA37BFC7EB8224714392247E4881C912372448EC80BD0AD2C5BB6F41EF904B4A8689BB9B07079D5D2A52FA9316312D4A851D7ABEBAFBF46DD103F52252F4A6A361DD5FE2A2FDFAB4E39E5942F8CE8DF9D4F912372448EC811392247E4881C9123F202741B72208D9123AFA94F4A7ADE3CF98D57AD58BE548DFEF92875EB2D63758D1D73A38A8FBF560D1D7A855AA417CEDF509D548989F33FEFD5AB571E2B38E4882247E4881C912372448EC8117901A2444ACAC29931313F522E57BDB98068F4AA8451F17A817CC30D239DFAD9CFAE53C3875D692E9C639B4D4F75ACCE3EFBEC4FCD5912C70A0E39A2C811392247E4881C912372445E80283071E284BD73E63C692E18BE6E562386C7A91716CC57596F65A8941793F427A0578D18AA2F97D32ED7977E6F47B5AFA64DBB77A7394B1259C1214714392247E4881C912372448EC80B100562638734E4E7E7980B86866675F7DD13D5C1BF7EAAB66E794765FF69835AF56AAA5A9FB9467D5CFDA1FA9FA993D5B7DF7EE9F77654FBEADD77730F98B364272B38E4882247E4881C912372448EC8117901A240EFDEBD5543C3E7E682A1BE593D36EB21555CB445ED28DEAA76EF2AD125A777ECD8AE1E7BEC21BFB7A1DA5F321FCC59E26205871C51E4881C912372448EC81139222F4094BCE928F565B372B9FEAE66CD9AA9A6FC66922A292954E5EFEDD1B56BD70E35EDBEFF56331EBC4F7DFDF5E77E6F4BB5BFA27CA1A6C811392247E4881C912372448EC8117901BA59C35DE7558D8D9FAB75EB5E53B1B13F55D51F55AA07A7DFE755A5A5C56AC8E597AAD757A7AA8686CF9ADD9E6A7FB182438E2872448EC811392247E4881C911720AA16CCFF70EABBEF8EA9B736A4AB614363554D75957AAF6CB7CADDBC5165BEF94795F6FA4A95FACA4BE6423B4DEF8674E59597ABF4F415EADB6FBFF0BA0FAAFDC50A0E39A2C811392247E4881C912372445E80A85A301F736AEB964DFA371965619C97B759BD9991AE17C82B962F512F2F5EA4925E78563D33EF697DA08DC52F2D54D75E33426D7C7B8DD77D50ED2F5670C811458EC811392247E4881C9123F20244D582F9EF4E3D36EB77FA8895B2005E96BA58D792979355F2A205EAF9C479EA7FE73EA99EF8FD236AE68CDFAA279F78D45C2867AADFCDBCDFEB3EA8F6172B38E4882247E4881C912372448EC8117901A26AC1FC8553B260969F8AB8FDB69BD51B69AFEA05B22CA49F9D3F47CD9DF3847AEED9B97AE12C0BEB31A313D4E69CB7AD05F3175427142B38E4882247E4881C912372448EC8117901A26AC17CD4A9BD7BB7A9471F99A17E79FB38BDE0955D8EFC555CDC10F5EB09E3F5A7A2A5A5EF7ADD07D5FE6205871C51E4881C912372448EC81139EA2259D6736EA9761A00825D307FEE55AE6FFEA6BEFCF25395F8DCD32A61D4756AC4F02BD5D0A157A8B82B87A8A1E602F99AAB87AB07EEBF471D3BF6173DADEFEDA9F6172B38E4882247E4881C912372448EC851171962B87F3BBCA5867B0CED1310F482F9081526C50A0E39A2C81139A2C811392247E4A80B65B7D06C1799D58BF609087AC1FC191526C50A0E39A2C81139A2C811392247E4A80B0D69A1E11E47EB04B46BC17C980A938AE2958004EB7F4B204714392247E4881C912372448EC29ABFEF72CB77B7D9BA0DB46FC1FC372A4C2A4A5770E2CDFAC2AC24EBEF187244912372448EC811392247E4286CF9FB2E37DFDD06DABF603E44854945E10A4EBCCF4A8D6C51F82C0A17DA8C5F72448EC811392247E4888AA61C651A6CDD063A6BC17C900A938AB2159CF8005B10E2A370CB02E3971C912372448EC81139A2A22947711E0D77B47E050308D582F900152615452B3809ADACC4D8D72790238A1C912372448EC81139224761C9FE2E375BB7818E2D98FF4A854945C90A4E5B575EA269CB02E3971C912372448EC81139A2223D4703CCBACFACB566559B556FFD0F0D667D62B877339F694D07A0ED0BE65A2A4C2A0A5670E283DC5210ECF4E4882247E4882247E4881C91A3CE253FF7956B35D6AA8D956FD6045A29A04D0BE64FA930A9085FC169EF1602B95D5D84AFE4307EC911392247E4881C91232AD27214635676104DB6BFDA6AD605B454408B0BE6FD54985404AFE0747477BC48DF9D8FF14B8EC811392247E4881C519194A3F186FB48FD9ECDB3CB6AC0279B75B1597DAD69FB9835C8BA8DEC6EEEBB255C3EA8626B371078C1FC172A4C2A4257705A3B204DA8EF871C912372448E2872448E287214D818C3FB77B6E574A2E1DEE2DD16FDACE97D7FAB7B32AD15E077C1BC8F0A938AC0159CCE3EBA6BA46E5960FC922372448EC8113922475424E468BC4FA35C69B8B766B787DCAEDCA7E9664B37D07CC1FC499B4BA6DFB66DADAAACFCB33E7DE0C00EBFD3E5E5A5A9112386A8C993FF434D9A749B576DDCB85C65652D532D3DB65C376DDA9D6D7E5EAB5727A9F3CE3B37E0F53535EFEAFBACAFFF40D7860DAFA88103CF73AEDFB76F9BD7F425251B545959B63E2D7F1B1B3F6A56727F0505E9CD9EF7F2E5CF39E7EBEA2A827E7D2368ECF81E60E67B66DD69FD0D86EFED22F1C035E4881C91A310E7883AB1458EC8111595398A31BC772397EF5FF7EDE07DCAEEE6B986F7EEE58368B100AF05F3FFB5A94A4BDFD241BAF9E6517A655F4EDF7BEFAFF5E933CF3C432D5CF88433AD9C97E93C6FDFBFFF3FA96BAF8DD3A71B1BAB544B8F2DD7DD74D30D6D7E6EFDFAFD505D7D756C8BD3486320D35457E7EBFB8F8F1F6E362CA9CEFFE25EC1F77E0E05056FE8BF1327DEA2B66CF9A39E46CE3FF5D4FDEA8E3B7EA172735FD3D39694ACD7D72F58F098BE5E2ECFC858AC2EBAE8427D9B7DFBB6EACB172F9ED3E2738CA0151CDF4FFE65E56499F5FC9705B19213E87691B692438EC811390A618EA8135FE4881C51519923CFC6B8B2139A6DCFA6BBDCA79107707CC15CD36A1D3B56A60374F9E5173B97C9F9CCCC97F5E93D7BB2BCA677370A3FF3BA2C3D7D91B952BECC5C69DE62360A1FAA961E5BAE93C622D0F54D4DD5FA3EEC3AE38CD3D4E8D1239DF3478FEE568585EB9CE94B4A327533515C9CA12EBBECDFF4ED7BF6ECA957E4E5F9D4D7BFEF4CEB727DA4FFCA6532BD3C97C38777AAD4D467D469A79DAAFF87356B92554CCC00E73672BDBC06F6E3CB6DF6EFDFA6FFCAF4F6EBE7FB3AF9FBBF2370E5C6B0B60878EE4ED496951CCF951BBB267A5C1F49DFA12347E4881C85284754688A1C91232AEA7234CEF0FECEF6C59D7CFF171BDEBBAAB36B39707CC1FC718B5557F79E1A30A09FCACA5AAA4E39A5B77AFCF17B556EEEAB3A4C9326DDAA4F9F7B6E7FAFDBF4ED7B96CACE5EAE468DBA4A4D9932DE5C594ED5D39F76DA2966C3B0505557BFA3023D7653937B375369365A7A4EB2ABEDD8B1D739CF65C2849BF469A979F3667ADD7F69E97A6BE57DAB3E9F93B3529FB71B8123474A9D692B2A36E9CB6A6BB7ABBCBCD5CEF5EEC668B19E461EC3F7F9C9F577DD75BBAAACCCD1A71B1B2BF5DF7DFBDCBBE1CA7368EDB58E80159C402B1DFE56565A5AC9F1377DAA9FE923E53B74E4881C91A310E4880A5D91237244455D8E3CB76E279EA0C778C6602B37E06FC15CDD62D5D595E9BF1B37BEA21B829C9C15E6CA6F810E5361E11A555EBE519D77DEFFF3BACDF12D73EEF37979AF59BBB7C6EBF38D8D1FA8408FBD67CF5BD696B973CCA6A1AAD5E72725D3A7A7FFC139BF61C3CB2A26E65F9CF31919296AE0C01FABAAAACDEA924B06A9D9B31F70AE2B2E5EA76F2F5BEC3CEFEF77BF9B6C36347FB69A06F756B659B3A6EAFF3D2D2DC9B97F797D6263FF5D4D9B36D16C0632F5E3C834A9A9F3D459679D6936193BF56DEDD7B1B5FF23440BDC111D58B9490862A5C5DF4A4E5B576E7C5772BA6277BEB6BE56E4881C91A310E4880A5D9123724445558E0618C7B73EBBACF327821CBDDCF327C36268B500BD60FEA84D9599F9923AF9E49374C3B06AD5737A57D2871F9EA2CF7FFFFBBDF45F7B5A77A370833EBD6F5FBED324D8D3343656A8408F2D978F1E7DADB902BF569F6E6AFAB0C5E765DF7F65E526E732D9923862C4E55ED365652DD1BBCC4E9FFE5F6AD2A45B74C9F391DB6664BCE8F7791C3A54E8DCB7FC9586406E234D8CFDFF49B95C95EAC081EDCEF9D2D237F5F3B6EFFBC89112EBE058DB5BFC5F42B460B61F4716D0716DBC4D5B57325A5BC90976E5C6F3F13FEB822D0B6D7DADC81139224721CC1175E28B1C91232AAA72749FC7745927F8F9ACF578AC99B45A805E3057B558070E6C53B9B92BD4B5D7C6AA1B6FBC5A9F9E3BF7011DA479F31E5453A6FC87BE4CCE9794ACD3B7B11B85CACA6C6B65BF526FC992FB90EB1B1BDF57FE1E5BA693CBD3D216E8F3727AC182475A7C7E32CDFCF9339B5D76FBED095E976DDCB8547FD7D4BEFEEAABAF704E6FD8B0D8996EFFFE023DAD5CDED0F09EFE5B5595A3F2F25639CF3B31F121B389D8EEDCA6BE7EAFBEDC7E7DECDBC8DFECEC54E7713233535AFD5F42B860B62BBB954F4683DD8D2ED04A4E8F76AEDCF86ED108E54A4E5B5F2B72448EC8510872E4398FB76D7BC3C986E4CBDF7432DEE443A3C9936F773E203AFE41D1529595F5B2DF0CD5D66ED1B7F57C3CC9A9BFC7282F7F5B5FEF727DA0EAEAF638555DBD597F68D4D2FF218FE3795E325053F3E716FFEF9494275B7D6D1E7EF837CE69CFECECD9B33EA8D7981C45778EDA3206ECE5AD9CCEC959A64FCBD80E741BC9838C33FB7DCCBEADEFF959B3EE09F81EE4F9BE2065BF0F1C39B2A3D50CD925CFD5F379CAEDE5EB53819EB7BC4F1D3DBA531516A6AB2D5B5E57D3A6FD5AFF953DCF5ACB7184E4C8B3099E74829FCFF81036F740A434DC1FB6584D4D1F982B1215CE7959E9902D7437DD74BDB5F06D7E1B690A2EBAE802BDB03B7AB4C45C60BF68ED5E7AB7BEBEB1B15CF97B6CB96CEAD45F39E7ABAA3679340ECD1F47763B95C7F1773FAB563DEB7599AC58FDE427FFDAEC7AF70AC92BCD6E3F6CD865E64236435FB77F7FBEB5F2EF7E3EFDFAF5D5D7D9D3DBFF4F6EEE72E7F695957FD27FB76C59AD2F97D37979AFB6F85A77D182D9F393D1111D5CB9696925A7AA032B371D7D3E27FAB52247E4881C8520475232660C7DA4FF1BCCA6798975A4FFFFD4A7DD47FA7FCC99F6F85E22C76F2F7B56B83FB40A9C217B1CC963D5D5EDB69AD5CC80D33DFEF8547DBAA464AD3A76ACD4B9CDF8F1A39DE98E1C2956E9E92FE84C4816972F9FA7A7B19BFE29537EE964DC5E56C8CABFFC5F9326DDACFFCA5E27717197E8D3521B36BC647D15C5FBF9AC5C39DF39BD66CD1F9A9D6E4B91A3E8CE51A092BDAE92937FAFF6EDCB733E18B54F979767E931EE3EF6C687FABDC91EBF863EB8E5123DE6274CF88593CDDA5AF7F137DCCDAFFF316ABF37C8F2BEA0E035EBB81D795ED3CF9EFD5BAFF741C98BFD18F67D05CAB0DCCEFD215D9AD7F592D3B2B20DFABA279EB857FF6F86FE9A57BA5E36D8CB07C96D7B5FCF30CA51B5C7E5179FE0E733C8E3B13EA5D502F482B9B24D555DEDFE84B1A2E26DBD9093DD42ED85A4AC0C34355538D3BA5772E29DF3870E6DB316D66FE9F38D8DEF29DFC736F4019B7ED1EC71376C48B18EEC7C91AAAFDFE35C2ECFE1ACB3FE3FE7FC912345E6827FB1B9B05E65AD94AFF4BA1F790E2ED7FBE60A47926E74CACAD6EBEFA18E1E7D8DAAA9D9DCECB9A4A53DAF0F5A75ECD84EEB08CBDBF5E3CB69995EFE26253DAAA76F68D86B6DED1BE2F1265360BD69BC63BE193C633655A9ADBEC65DBC60F6FC6434AE133EC1F7B792D391951BDF959C84307AADC81139224721C8913D8E641C7BCE6F590997D3EEA6B8326086A464E559C6978C297F199231BD7AF5737A5CCB74729042F97BEEB9FFACE6CD9BEE35AD64D1BEBDA1B73E3FA14F9F73CE0FACAF63F81F9F727FF6695916C85F79CC0307B6585BF28A9CEB256BF66D25738989BF73CECBD750DCCD7EA55E8ED8B9B9EEBA389591B1C86A74729CFBAAACDCA8FFBFB62CABC851F4BF1FB536FF67CCF82FBDCC96F33236E5AFBC27C875F6FB888C47392F070395F78EB163477A35C376664B4AD6E8F70FFBF2254B9E56175EF8233D4E172C78D83A46C72EEBA7245739CF43C6ACA1F7F0AAB03EB0B5F76AD9A2B321EF6DBECF5DDE5BE472B97FFB83DAECECA53ACB727B7FFFABBD0CB17362BFEFD8B7EDC8EB182663E32B8FF37D4FF0F3E9E3F1580DB45A805E307FD062D5D6E6EB1596A953C73B976DDCF8B2B93232D0392F2B0AF60A837D5E5688A64FBF5337119E25B7B557FE65DAC387B7E99586C2C2B480CF41AE73AF7CE79B0BF9DD7ACBDF534FDDDB6CBAD2D2B5CE279F9E9797976F50DBB6ADD65BE6162C78C8EBBA3D7BDE74DE583CA79715B5BABA5273656593BEECC08177ADEFD05EA7CFDB974B3534D80D448E3E9F9BBB4CFF35F4774F17B6FA1ADBD5868566A82BA983E3AB879F2D0955D6E51D91146EAF15392247E4E8C4E648C6D18001FF64AED4BF641DE9FF1E3D46EC0FABE4B434C59EB7711FE97FA91A356A84D504BCEC71A4FF057AFCF93EAEDC8F64C9F7F18F37EFEEF3FBF7E7390DB1EC21121F3F545F9E9696A84FCB5F799C4387B6361B9FF23C1A1BCBACAD670B3CB67027EB2DF09E99901C1D3952A8CBBD356F9E3E2D39F19CD6F3FE651AFBB47CA0662F2BECD7CBDDA490A3EEFA7ED4521514BCAAF700C9C97945A5A4FC5E8FE163C74AF4873D77DC3146BF3F3435BDDF6C9CC8B4925119CFB2D7D4C285B3AC2DCC6BAD66BAD4EB3632BD9C76B9CAF51897CB5253E7E8C7AAA8C8D2D74976DC1FDC26AAC183CFD3CDBC7D7BFB7EE5BD474E7BFE0FF27EE8DE529DD66C4CCBF3F337D6172F7ED2790FB2970BF23C827DFF89801C85EAA8E9A17E3C20DC1BEE8AA0ABA9A9BC5DB7A35AAE2EFE2474A7B5F5A097355D6B4781EDC81685B6FC2E6A386F51F07DADC81139224727384775753BF5DF8D1B17EBC65A1A827DFB72AD15EBD7CD95F6F5EABCF30678DDE67893EC3E9F97B7C2E3039F0AB3E9DDAB7C1F373737D56AB82B5ABCAF03070AF474F673D8BFFF1D6B97F6479D69CACA32AD2D762BF5636566BAB73A2F5F3ED76C381EB71A919D56E3FE82D9486FB70E34B8C56B3C4BC3613F57B90F399D9DEDDEFAEE6FFC4BC3633F7669E91AE7F2CB2E1B4C8E783F6AD3BCAFAADA681DBBE001675CD6D6E6E9EBE5BCE7B449490FEB0FC3642C27273F667DAD69BCF55DED297A37757B7A7B1CBB1BDB6CFD019A64DAB30CBDFBF76A3DBD8C73F970C9F3F1ED4CC96DE543B561C32EF57AFEF6F3B5EFC3F3B9BA9BE7E3CB94F4F4E7F5E5B7DE7A835E86B8B79EBBF7ACB233E4799B087E3FAA630B37D0A50DF7FB549854172D987DDFAC7D5726EA8C13F39DB9F6ACE474F577E602BD568C5F72448E4294A3CCCC85D691FE5F52AB563D63AECCF7500F3F7CB73EEF3ED2FF4BCEB4679E79BAD9245FAF4FEFDBB7D969B6ED691A1BF728DFC7CDCD7DC5DA0A9CACEEB863B4BAEBAE9BF5F4863E18D9DD5ED31E3D5A68ED365B6CAEE4CBD72DCAF47DDA9593B3D45C79CF6F363EEDC77737D00BADADF4E3F4E96DDB5E6B36FD88113F759EC3E4C9B7EAD3EEA3FC5FEF4C575C9CA6264C18E334239EF76F9FCEC8F80339224701ABBEBE545D7EF9BF39634DC6BF9C2E2B7BD3194BB2C7C439E79CADF6EFFFB3334E644F2D1973C9C9B3F49E53A3475FADB369E8DDB2373B7F65FAD4D4D9D696E9755653FC9ADFB1678F5B3B6315151BF47969BAEDE7664FBB7AF57CAFDBD7D4B8B750CB8700CB97CFD15F535AB2E449E7715B7A3C43EF529EE5DCAFA1BFC695190DEF477C871BE8DA86BB3CE4E5FE847F8E73BEAE6E47ABD3AF59B3C039DFD8B8DB3A90D2ABADDE2E25E5B156A791152ADFFBCEC959D225AF4B0817CC45668D0BB062D3914FF003FDD48ABFA3C206B392D39547856DEDB5EAD431909DBD5867424E1F3DBA3DE074E3C7DFD8624E3CEBC0813CE7FECACA32F44AD4860D8BF4A7FAF6CA5546469233FDB5D75EA16EBC7184B99294A3121367E892D3BED90DC7DC91A3E8CC918C616986EDB129A7E7CE9D666D85BB5F4D99729BD32C9794BCA16F6337DC95956F59DF032D331B82FEFA3E3CC79DE7E3D4D6BEA357B0F7EFCFD5CDBC9D33C9CEE1C35B9CE9E4BEE4B6D2FCA7A7279A2BF9D96AD6ACDF388F252BEB478E6C359B989DCDC6A7DCB7FC3F721F9ED93D76AC485FEE3BBDBB1928F768D6CBF5FF2AFF9F3D9DCBB5D7596ED8CB01DFDBCA73B31F931CF17EE4AF8A8B5F773E0492312CBB7257576FB40EE6B7D76B4CD9E364F1E2DFEBB1276357B2204DBBE4C1D07B6B14389994B127EF0DF65894DBCBFB908CE949936ED265BF1FC9F50D0DA5CEFC91E90A0B57EBAF6F6CDBB6CA6AC2D75BCD7C8ED7FF60E7CED05BD137EAEF72C7C7C739635FEED777ACCBE3C97396BD46E4B9CE9F3FDDDACDFDE968793FE228E540D736DCEF85AC4A4AD2CC2679A55AB060A6F57DB2A5E64AFE0BE602F47C73257EB6B9D0DC642DBC1FF7BA9D5C969CFCA83EED72B9B748C89B80EFFD1716BE662EAC53AC85768AFE74332EEEDFF569295960BB7739F4BE6F59F1AFAB2BD6CF4DCAD0BB43FDD2392DD785E2F509D182B9A52D081DFD24BFB5DF356DED775103196274CDEF9EB6F5B5EA94F95F559565359D2F3BE3A1B434BDD974870EE53B9FDECBB8EEDFFF872A2DED59BD22235992CBDC5BDD0A9DDB24263EA87F3FBBA6E64FCE65329D1C29DCDF73912D18B282E26F8CA6A73F17D6B92347D199A3A6A6BD7AF96F9F9F37EFB7D691FE473A99F12D69AE2513D5D56F9B0DF336B351F88375A4FF49FAFAC6C65DCAF371F7EC59A33FF0928641A691C774370DF96613FEA6B912FE807E4C7B7ACF8C555464EAE9ED3128EF6DBECF47F26CE8ADEC23F57392C7B2F32AF991AC48C3E33B9E258BF6749327DFA24FF7EDDB47CD9871A7DFF1BF72E55CE7B4FC4FF2DE6BE85D65DFB17617CE2247BC1FF9ADDADA3FEBF53143FF4CD7037A9CCAF25B3EDCB2C785E4C877FDECC8912D7A1D4EDE1FE4323B5B727B43EF75B1DC6C6A3738EB70AB573FD3E2D8B31FC3CE983C2F7B1D51C6B1E4F1F887BB81EF471EF3F8876CC7DFB3ECF549C9A0FB03EC04AFFCDA99B11F53FE46F8FB11BFC30D746DC35D16B23A7CB840BFF9373696EA727FD29F637D6AFFA25EB0DA2B089EB7B3177E478EBC6BFD4CC5837EEFDFFDC97EA273DE7D44D7E3D3BA8FE83A459F6E6828515959C9FA3673E7DE67ADE017990BF10CE7F1ECE7D9D4B42724AF8F11DE079768ED13FDD6566E8C76AEE4D8BB118E8BF61CB9B7D4FDD6392F5BAFA401F59CC6E5DA6DAE942FD4A7A5D12E2C5C65AE480C716EE75E0199E5759BFAFA1D5E2B0E999949FA3BB013278ED597D9974BC360DF46569A64D741693A8E6F7978D15A81CAB28E6C1E9EB92347D19D23197FF6789531191B7BB1F33E22E3D473DCB8B7705FE79C3F74C8FE79A30C7DDE7E1F92D3478F6E75DE7FE4C3A9DB6FFF59B371653FB69CAFAD757F775BB22479713706C7A77537DC65D6D1F90B9CC7DEB265458BEF5DF6F481C6B6FCCFFEAE93C7B71B6AC9B8BC0E867310AD32E7FF36F4AEF1779123DE8F02CE777B6CCB7897F71343EF1DB2C7B95EC697E7F4F21D6A199732E653539FD21FD8FA664696FB9EB791B128EF5F77DCF1735DBEEF339595EB9D4CCA07C365656BAD5FCE48759E9F6C9C31F4D6EF857EFF0F3BC30307C6A8CB2E1BE475DDFCF9F77BFD9F72B99D99BBEE1AE74C27CFC3D0BBBEBF1AE9EF4703CC7259CFC7659D3F11FA19EEEF6DDBFF7B0CAD16A017CC7B435AF6C2ACB232D3FA1474A7D50C645B5BF4D2FCDE66F5EA79D6016202DF7743C30E7321BE4E37E67673BE72E51C7DBAA6E66DDDA0F8BBEFB163AFF13A2FF7216F04EE159FFC90BE36613E5E026D5968EBCA4DB02B39F6E38D8BF61C19FA3B6937FABD7CC488CBBC2E938676F4E8ABCC95935FE89593C58B1FD35B9467CC98E85C66E8032D3DE3DC4759D91A7345E5157305668BD9FCFEC6FA5997623DCEED69B2B216398F215B347C1F57AAA969B7932DB9AF70CC1D398ACE1CD5D66ED6CDB3FB4328F76532D62FB9E45F9DF3F23E61BF5FD8E7656BF5F4E91374363C4B6EBB61C31F94BFC795F7A369D37EA51B072977037E83DFE7649F96C771EFD9E1BE5FF92B75F5D597377B5F93EC48032039966924FBF2BE28A7870DBB44E5E62E0938B6B3B35302BE46729DE7FBA8BB393F7EDDA851C3F463B6255FE4A8FBBD1FC9FA982CCFE5BDC05E0EBB9BDC57BCC685E77B85FB83D2D7F569976B97F37E63BF5FD8D314142CF3BACD820533F4F481C65E71F16B4E16E5AF7CC82BEF27723F8307FFD899561ECB1EF3727F921D69B03D7322FFC7C30FFF97DE2B44EAA9A7EE71DEBFECAAA878D3790CCFE7B170E143CEDF28783FCAF518E38927E8319EF1788CADB45980B360DE1392AAABDBAEB7444C9B365E2F186581B86FDF9F546AEA937A2177E44881B5B56BBB9E5ECEDF7AEBF57A1A43EF66FB925E495AB2E4719598385D5F9E97B7D45AF17FD7791CBBD1686C2CB13E897D419F9685AFBB613FFE9C5CAEE3DF0F92DBC88A956C2D2C2E5E65BDA92C0CD9EB633FF7081833B265C17777BA3B8DE07FD7D4DF4ACEC420B660444D8E72735F3657CA7FAAC7DBAA557375B33B63C6AFCD9565F796606916ECB16CE764FFFE6CA76975370FC9FAF632C6251B151519FABE65BA030772BDB2619FB63FF42A2F5FDB6CBC5755AD779A7D5949979CC6C5FD44FF9506DABD05604F58E68E1C759F1C3535ED0AE932BAAB2B94FF2F39EA9EEF47A118A3E198DB13F59CC22C47E33CC6B76CE5EEEC83A75D6C1CDF8A2E3581360B7016CCBB43562ED74E73E57FB373BEB4F4757321576AED7EF7BCD94CE45BDFCFD9EC753BF727A8AF998DC4466B57A5C08FE16E1264F7A645D6F7DD6ED6A7A549B8F9E6915ED3AE5E3DD7FAE4F515B3317851DFBF7D1F7BF6BCE1B1D53134AF8F1139BF57E8FB132D9E2B2B6D59B9315AB95D287F6AA54B735457B74D8F7BFBFC860D49CE18B7B35155956936AF3BFC8E97CCCC05CE7999C6D0C74658EC355D6DED26B3015FA7AAAB37E8FB96F1EEDE7AF18ED578BFE9D1E8B63C3EA74CB945DF6ECB9665619B3B72D4FD7244F17E448EC811396A937C8F86B8D2E8BC9F08939F022B37BCB76EF73200D80BE65D21ABFA7AF76F23DE78E370B32978C96A26DEB476934BD6D31C6F228EDFCED007E578C8393D75EA6D011FC3F3F686FEBEDB227D5A1ECF7D44D7E3D32E5FFEA4DE7D6FDEBCFBF4F9868622EBFB3CEBCDE6E30FD6C1727243F6FA44D00A8EE74AC8188F95958946F03FADE27BBB8EFEDE6A44E7C8D0DF6DFE1F7DBAAE6EABD540BF1470DAD8D88BD4A44963F53897317BC619A706BCEFA626FBEB1B6F5BDF815DEB8C77437F0F4EB64A17ABCB2F1FACEFAF5FBF1FA8FBEFFF9573FF32CDE8D12374BE7EF2930BC23677E4881C51BC1F91238A1CF91563B8F70AF16C8C3BDA744BB3EDB9BBBA1CE760102D16E0B5602E0D59353616793410A5D6D6B575D681645E719AF0BCBC97BD6E77BCE12E55478FBA0F3C73CA29279B0DC996668F61E823BAC69A2BFC0BAD2D6DE3F469F7115D2738D3D5D6FE49B95C3BF4CFBEC83435351BACA3CF96EAC6C3D0DF215A19D2D727C25670FCADE474C6968AAE38FA6B58E4E8C891779C2CC8F96DDB9659CDE7E680E3E5E187EF341BE82CA7DC1F5E2D6A76BFAB56CD562B573EA5EAEBB7E9CB0A0A969A0DF2F3BA41974C55576736BB7F791E9E8F6FE803B23D1CF0B9844BEEC851F7CE11C5FB113962FC92A316C9CF7679EEFA2D5BBADBBB7BB9DCCE73CB36BB92035DBD606E68701F855CBEAF6AAF98CB0AB87BAB5B966E0872725EF4BBC092EF81CAC171EC662423E33927DC070E6C0AB8A093C7696D613861C2CF9DE7274754BEFDF678E73AF7EEB0ACE0846025A7B35796222A477636D2D3E7A9A6A6127D991CDB60D8B07F6F71BC48D3EC7B59565652B3690F1FCEF5D87A5EAA9B683B3B923B43EFCE9DE6F731162C98AE1B7543FF26E9EFDB348EBB3277E4A8FBE688E2FD881C912372D426937C9A6E392D0752EBD7C6DBCB74CFF8DC87D423B456409834DCB2554BCE7B6EE99606DADF6DA4F990EBA74DFB0FBFD7FBDBCAEDB9A0F3DDDAE76F1A791EB2C5EFBCF3FE456F7DF3DD221FAA2DDD11BA82636F09E8C86E7791B8DB5EA7E5A8B4F435FDDD6A7BECC9DF59B3EE723E886A69BCD8BB94BB77FB5E68ED9A9DE9777AF9B04A1E4BFE0E1CF823AFEB240332FE03E53629E941EB006B7F6CD338EECADC91A3EE99238AF72372448EC85150C65B635DF934DE5956432E5BAFEDDDCD65B7F141D66DDE30DCBB8D7BDEAECEBA0D80EEB660B6B71476741A16CC41ADA404BB4520D20E481336390AA7B11B4EB92347E4882247E48822476D1263787FFFBA3DB5D5E03BDB000B6616CC2113EC6E7891BCDB1E392247E4881C912372448EA868C8D16D56E3ED0AB2D19E647034728005330BE6B05DC91962B877411A478E2872448EC811392247E4881C75B901663D60D65AB33E31ABC1FA1FE4EFA7867B77F399867BCB380016CC2C98BB5082B5F292D0C2F59F45C9CA0D392247E4881C912372448EA868CE110016CC2C982368CB42B4ECB6478EC811392247E4881C91238A861B000B6616CC61B392138D2B37E4881C912372448EC81139A268B801B06066C1DCA52B394951BA72438EC811392247E4881C91238A861B000B6616CC5D26C1FADF12C811458EC811392247E4881C91230034DC140BE6CED5871C51E4881C912372448EC811390240C34DB160063922472047E408E4882247005830B3600639A2C81139A2C811C8113902C0829962C14C8E28720472448E408EC8110016CC140B669023720472448E408E2872048005330B66902372448EC811458EC811458E00B060A6583093238A1C811C912390237204800533C58219E4881C811C912390238A1C0160C1CC8219E4881C811C51E4881C51E408000B668A053339A2C81118BFE408E4881C01882E279F7CD2770D0D852C14C3A0BEFA6AFB3E7396B81895E4882247E48822472047E4084014183CF8C787F2F397B0600C835ABFFEF9B7CD59B29351498E2872448E28720472448E004481ABAEBA6CDD9C3953593086418D1D7B559A394B121995E4882247E48822472047E40840141830E007B103069CF38DCBB5838563D7D6273D7AF4A83067491CA3921C51E4881C319EC911C81139021025FAF7FF616952D2832C1CBBB0C68CB96AA9392B72198DE4882247E4881C91239023720420BA0C3AF3CCD3EA8B8A56B090EC82CACF5FBADE9C0707CDBA98A1488E2872448EC811390239224700A24FFC39E79CFD7716CEA15F28F7E8D1A3C67CFDC73004C911458E408EC811C811390210C50BE7934EFAFEB179F3EEFB9CEFFE9CF8EFF658BB1B1D64A14C8E28720472448E408EC81180EE6150CF9EDFCB39FDF4530F4F9972CBEE4D9B5E3CC8EF3976DEEF31CA4F44C8512BAD0369C8777BD8DD881C51E408E4881C811C912300DDCCA566CD316BAB590D6629AAC3E532DCBFC7283F11C1512BC911458E408EC811C8113902000000000000000000000000000000000000000000000000000000000000000000000000000000000000000000000000000000A2DFFF0FF0398BADE63642580000000049454E44AE426082, 0);
INSERT INTO `act_ge_bytearray` VALUES ('e6a33d903772421a97cd3d4c531156b7', 1, 'test_audit.bpmn20.xml', '809b52df107d48c98625937c3f17b1e9', 0x3C3F786D6C2076657273696F6E3D27312E302720656E636F64696E673D275554462D38273F3E0D0A3C646566696E6974696F6E7320786D6C6E733D22687474703A2F2F7777772E6F6D672E6F72672F737065632F42504D4E2F32303130303532342F4D4F44454C2220786D6C6E733A7873693D22687474703A2F2F7777772E77332E6F72672F323030312F584D4C536368656D612D696E7374616E63652220786D6C6E733A61637469766974693D22687474703A2F2F61637469766974692E6F72672F62706D6E2220786D6C6E733A62706D6E64693D22687474703A2F2F7777772E6F6D672E6F72672F737065632F42504D4E2F32303130303532342F44492220786D6C6E733A6F6D6764633D22687474703A2F2F7777772E6F6D672E6F72672F737065632F44442F32303130303532342F44432220786D6C6E733A6F6D6764693D22687474703A2F2F7777772E6F6D672E6F72672F737065632F44442F32303130303532342F44492220747970654C616E67756167653D22687474703A2F2F7777772E77332E6F72672F323030312F584D4C536368656D61222065787072657373696F6E4C616E67756167653D22687474703A2F2F7777772E77332E6F72672F313939392F585061746822207461726765744E616D6573706163653D22687474703A2F2F7777772E61637469766974692E6F72672F74657374223E0D0A20203C70726F636573732069643D22746573745F617564697422206E616D653D22E6B581E7A88BE5AEA1E689B9E6B58BE8AF95E6B581E7A88B2220697345786563757461626C653D2274727565223E0D0A202020203C73746172744576656E742069643D22737461727422206E616D653D22E590AFE58AA8E5AEA1E689B9222061637469766974693A696E69746961746F723D226170706C79222061637469766974693A666F726D4B65793D222F6F612F7465737441756469742F666F726D222F3E0D0A202020203C656E644576656E742069643D22656E6422206E616D653D22E7BB93E69D9FE5AEA1E689B9222F3E0D0A202020203C757365725461736B2069643D226D6F6469667922206E616D653D22E59198E5B7A5E896AAE985ACE6A1A3E7BAA7E4BFAEE694B9222061637469766974693A61737369676E65653D22247B6170706C797D222F3E0D0A202020203C757365725461736B2069643D22617564697422206E616D653D22E896AAE985ACE4B8BBE7AEA1E5889DE5AEA1222061637469766974693A61737369676E65653D227468696E6B67656D222F3E0D0A202020203C6578636C7573697665476174657761792069643D227369642D43323842423546362D303133442D343537302D423433322D363142333830433146343646222F3E0D0A202020203C757365725461736B2069643D2261756469743222206E616D653D22E99B86E59BA2E4BABAE58A9BE8B584E6BA90E983A8E983A8E995BFE5AEA1E6A0B8222061637469766974693A61737369676E65653D227468696E6B67656D222F3E0D0A202020203C6578636C7573697665476174657761792069643D227369642D45443436464534312D413046442D343936442D383644432D324339374146353733354630222F3E0D0A202020203C73657175656E6365466C6F772069643D227369642D45463246353142422D314439392D344630422D414346322D4236433133303041374432422220736F757263655265663D2261756469743222207461726765745265663D227369642D45443436464534312D413046442D343936442D383644432D324339374146353733354630222F3E0D0A202020203C757365725461736B2069643D2261756469743322206E616D653D22E99B86E59BA2E4BABAE58A9BE8B584E6BA90E983A8E58886E7AEA1E9A286E5AFBCE5AEA1E6A0B8222061637469766974693A61737369676E65653D227468696E6B67656D222F3E0D0A202020203C6578636C7573697665476174657761792069643D227369642D46453438354232442D394132332D343233362D424430442D443738384341364533304534222F3E0D0A202020203C73657175656E6365466C6F772069643D227369642D33444243443636312D353732302D343438302D383135362D3734384245303237354645462220736F757263655265663D2261756469743322207461726765745265663D227369642D46453438354232442D394132332D343233362D424430442D443738384341364533304534222F3E0D0A202020203C757365725461736B2069643D2261756469743422206E616D653D22E99B86E59BA2E680BBE7BB8FE79086E5AEA1E689B9222061637469766974693A61737369676E65653D227468696E6B67656D222F3E0D0A202020203C6578636C7573697665476174657761792069643D227369642D33463533423642442D463846332D343936422D414330382D353036333042443131343737222F3E0D0A202020203C757365725461736B2069643D226170706C795F656E6422206E616D653D22E896AAE985ACE6A1A3E7BAA7E58591E78EB0222061637469766974693A61737369676E65653D227468696E6B67656D222F3E0D0A202020203C73657175656E6365466C6F772069643D227369642D30324442324144392D313333322D343139382D414338442D3232413335313639443135432220736F757263655265663D2261756469743422207461726765745265663D227369642D33463533423642442D463846332D343936422D414330382D353036333042443131343737222F3E0D0A202020203C73657175656E6365466C6F772069643D227369642D32414237433031412D353045452D344141432D384338462D4636453139333542334441372220736F757263655265663D22617564697422207461726765745265663D227369642D43323842423546362D303133442D343537302D423433322D363142333830433146343646222F3E0D0A202020203C73657175656E6365466C6F772069643D227369642D33364535304338422D364337432D343936382D423032442D4542414134323542463442452220736F757263655265663D22737461727422207461726765745265663D226175646974222F3E0D0A202020203C73657175656E6365466C6F772069643D227369642D37443732333139302D313433322D343131442D413441342D37373432323545353443443922206E616D653D22E698AF2220736F757263655265663D227369642D33463533423642442D463846332D343936422D414330382D35303633304244313134373722207461726765745265663D226170706C795F656E64223E0D0A2020202020203C636F6E646974696F6E45787072657373696F6E207873693A747970653D2274466F726D616C45787072657373696F6E223E3C215B43444154415B247B706173733D3D317D5D5D3E3C2F636F6E646974696F6E45787072657373696F6E3E0D0A202020203C2F73657175656E6365466C6F773E0D0A202020203C73657175656E6365466C6F772069643D227369642D44343443414434332D303237312D343932302D413532342D39423835333345353235353022206E616D653D22E698AF2220736F757263655265663D227369642D46453438354232442D394132332D343233362D424430442D44373838434136453330453422207461726765745265663D22617564697434223E0D0A2020202020203C636F6E646974696F6E45787072657373696F6E207873693A747970653D2274466F726D616C45787072657373696F6E223E3C215B43444154415B247B706173733D3D317D5D5D3E3C2F636F6E646974696F6E45787072657373696F6E3E0D0A202020203C2F73657175656E6365466C6F773E0D0A202020203C73657175656E6365466C6F772069643D227369642D35333235383530322D343345452D344445382D423141342D44424431313932324238414622206E616D653D22E590A62220736F757263655265663D227369642D43323842423546362D303133442D343537302D423433322D36314233383043314634364622207461726765745265663D226D6F64696679223E0D0A2020202020203C636F6E646974696F6E45787072657373696F6E207873693A747970653D2274466F726D616C45787072657373696F6E223E3C215B43444154415B247B706173733D3D307D5D5D3E3C2F636F6E646974696F6E45787072657373696F6E3E0D0A202020203C2F73657175656E6365466C6F773E0D0A202020203C6578636C7573697665476174657761792069643D227369642D35464544303244362D433338382D343843362D383730452D303937444232313331454130222F3E0D0A202020203C73657175656E6365466C6F772069643D227369642D31363344424336302D444243392D343338422D393731412D3637373338464237373135412220736F757263655265663D226D6F6469667922207461726765745265663D227369642D35464544303244362D433338382D343843362D383730452D303937444232313331454130222F3E0D0A202020203C73657175656E6365466C6F772069643D227369642D37323235384134312D323033452D343238432D423731442D43413335303632353244373322206E616D653D22E698AF2220736F757263655265663D227369642D43323842423546362D303133442D343537302D423433322D36314233383043314634364622207461726765745265663D22617564697432223E0D0A2020202020203C636F6E646974696F6E45787072657373696F6E207873693A747970653D2274466F726D616C45787072657373696F6E223E3C215B43444154415B247B706173733D3D317D5D5D3E3C2F636F6E646974696F6E45787072657373696F6E3E0D0A202020203C2F73657175656E6365466C6F773E0D0A202020203C73657175656E6365466C6F772069643D227369642D38343438454634412D423632452D343839392D414243322D30453244423241453638333822206E616D653D22E9878DE696B0E794B3E8AFB72220736F757263655265663D227369642D35464544303244362D433338382D343843362D383730452D30393744423231333145413022207461726765745265663D226175646974223E0D0A2020202020203C636F6E646974696F6E45787072657373696F6E207873693A747970653D2274466F726D616C45787072657373696F6E223E3C215B43444154415B247B706173733D3D317D5D5D3E3C2F636F6E646974696F6E45787072657373696F6E3E0D0A202020203C2F73657175656E6365466C6F773E0D0A202020203C73657175656E6365466C6F772069643D227369642D41373538393038342D343632332D344645412D413737342D30304137304444433144323022206E616D653D22E698AF2220736F757263655265663D227369642D45443436464534312D413046442D343936442D383644432D32433937414635373335463022207461726765745265663D22617564697433223E0D0A2020202020203C636F6E646974696F6E45787072657373696F6E207873693A747970653D2274466F726D616C45787072657373696F6E223E3C215B43444154415B247B706173733D3D317D5D5D3E3C2F636F6E646974696F6E45787072657373696F6E3E0D0A202020203C2F73657175656E6365466C6F773E0D0A202020203C73657175656E6365466C6F772069643D227369642D46413631383633362D333730382D344430432D383531342D32394134424238424339323622206E616D653D22E590A62220736F757263655265663D227369642D45443436464534312D413046442D343936442D383644432D32433937414635373335463022207461726765745265663D226D6F64696679223E0D0A2020202020203C636F6E646974696F6E45787072657373696F6E207873693A747970653D2274466F726D616C45787072657373696F6E223E3C215B43444154415B247B706173733D3D307D5D5D3E3C2F636F6E646974696F6E45787072657373696F6E3E0D0A202020203C2F73657175656E6365466C6F773E0D0A202020203C73657175656E6365466C6F772069643D227369642D31353235424646342D334539442D344438412D424638302D31463633414645313632383922206E616D653D22E590A62220736F757263655265663D227369642D46453438354232442D394132332D343233362D424430442D44373838434136453330453422207461726765745265663D226D6F64696679223E0D0A2020202020203C636F6E646974696F6E45787072657373696F6E207873693A747970653D2274466F726D616C45787072657373696F6E223E3C215B43444154415B247B706173733D3D307D5D5D3E3C2F636F6E646974696F6E45787072657373696F6E3E0D0A202020203C2F73657175656E6365466C6F773E0D0A202020203C73657175656E6365466C6F772069643D227369642D33354343384336432D313036372D343339382D393931432D43434639353531313539363522206E616D653D22E590A62220736F757263655265663D227369642D33463533423642442D463846332D343936422D414330382D35303633304244313134373722207461726765745265663D226D6F64696679223E0D0A2020202020203C636F6E646974696F6E45787072657373696F6E207873693A747970653D2274466F726D616C45787072657373696F6E223E3C215B43444154415B247B706173733D3D307D5D5D3E3C2F636F6E646974696F6E45787072657373696F6E3E0D0A202020203C2F73657175656E6365466C6F773E0D0A202020203C73657175656E6365466C6F772069643D227369642D42444230414142322D374535302D344433352D383045452D4345304245434444394635372220736F757263655265663D226170706C795F656E6422207461726765745265663D22656E64222F3E0D0A202020203C73657175656E6365466C6F772069643D227369642D34344146423943312D343035372D344334382D423146322D31454338393741353243423722206E616D653D22E99480E6AF812220736F757263655265663D227369642D35464544303244362D433338382D343843362D383730452D30393744423231333145413022207461726765745265663D22656E64223E0D0A2020202020203C636F6E646974696F6E45787072657373696F6E207873693A747970653D2274466F726D616C45787072657373696F6E223E3C215B43444154415B247B706173733D3D307D5D5D3E3C2F636F6E646974696F6E45787072657373696F6E3E0D0A202020203C2F73657175656E6365466C6F773E0D0A20203C2F70726F636573733E0D0A20203C62706D6E64693A42504D4E4469616772616D2069643D2242504D4E4469616772616D5F746573745F6175646974223E0D0A202020203C62706D6E64693A42504D4E506C616E652062706D6E456C656D656E743D22746573745F6175646974222069643D2242504D4E506C616E655F746573745F6175646974223E0D0A2020202020203C62706D6E64693A42504D4E53686170652062706D6E456C656D656E743D227374617274222069643D2242504D4E53686170655F7374617274223E0D0A20202020202020203C6F6D6764633A426F756E6473206865696768743D2233302E30222077696474683D2233302E302220783D2233302E302220793D223234352E30222F3E0D0A2020202020203C2F62706D6E64693A42504D4E53686170653E0D0A2020202020203C62706D6E64693A42504D4E53686170652062706D6E456C656D656E743D22656E64222069643D2242504D4E53686170655F656E64223E0D0A20202020202020203C6F6D6764633A426F756E6473206865696768743D2232382E30222077696474683D2232382E302220783D223937352E302220793D223335362E30222F3E0D0A2020202020203C2F62706D6E64693A42504D4E53686170653E0D0A2020202020203C62706D6E64693A42504D4E53686170652062706D6E456C656D656E743D226D6F64696679222069643D2242504D4E53686170655F6D6F64696679223E0D0A20202020202020203C6F6D6764633A426F756E6473206865696768743D2235382E30222077696474683D223130322E302220783D223230392E302220793D223133352E30222F3E0D0A2020202020203C2F62706D6E64693A42504D4E53686170653E0D0A2020202020203C62706D6E64693A42504D4E53686170652062706D6E456C656D656E743D226175646974222069643D2242504D4E53686170655F6175646974223E0D0A20202020202020203C6F6D6764633A426F756E6473206865696768743D2235372E30222077696474683D2239362E302220783D223130352E302220793D223233312E35222F3E0D0A2020202020203C2F62706D6E64693A42504D4E53686170653E0D0A2020202020203C62706D6E64693A42504D4E53686170652062706D6E456C656D656E743D227369642D43323842423546362D303133442D343537302D423433322D363142333830433146343646222069643D2242504D4E53686170655F7369642D43323842423546362D303133442D343537302D423433322D363142333830433146343646223E0D0A20202020202020203C6F6D6764633A426F756E6473206865696768743D2234302E30222077696474683D2234302E302220783D223234302E302220793D223234302E30222F3E0D0A2020202020203C2F62706D6E64693A42504D4E53686170653E0D0A2020202020203C62706D6E64693A42504D4E53686170652062706D6E456C656D656E743D22617564697432222069643D2242504D4E53686170655F617564697432223E0D0A20202020202020203C6F6D6764633A426F756E6473206865696768743D2238302E30222077696474683D223130302E302220783D223231302E302220793D223333302E30222F3E0D0A2020202020203C2F62706D6E64693A42504D4E53686170653E0D0A2020202020203C62706D6E64693A42504D4E53686170652062706D6E456C656D656E743D227369642D45443436464534312D413046442D343936442D383644432D324339374146353733354630222069643D2242504D4E53686170655F7369642D45443436464534312D413046442D343936442D383644432D324339374146353733354630223E0D0A20202020202020203C6F6D6764633A426F756E6473206865696768743D2234302E30222077696474683D2234302E302220783D223334352E302220793D223335302E30222F3E0D0A2020202020203C2F62706D6E64693A42504D4E53686170653E0D0A2020202020203C62706D6E64693A42504D4E53686170652062706D6E456C656D656E743D22617564697433222069643D2242504D4E53686170655F617564697433223E0D0A20202020202020203C6F6D6764633A426F756E6473206865696768743D2238302E30222077696474683D223130302E302220783D223432302E302220793D223333302E30222F3E0D0A2020202020203C2F62706D6E64693A42504D4E53686170653E0D0A2020202020203C62706D6E64693A42504D4E53686170652062706D6E456C656D656E743D227369642D46453438354232442D394132332D343233362D424430442D443738384341364533304534222069643D2242504D4E53686170655F7369642D46453438354232442D394132332D343233362D424430442D443738384341364533304534223E0D0A20202020202020203C6F6D6764633A426F756E6473206865696768743D2234302E30222077696474683D2234302E302220783D223535352E302220793D223335302E30222F3E0D0A2020202020203C2F62706D6E64693A42504D4E53686170653E0D0A2020202020203C62706D6E64693A42504D4E53686170652062706D6E456C656D656E743D22617564697434222069643D2242504D4E53686170655F617564697434223E0D0A20202020202020203C6F6D6764633A426F756E6473206865696768743D2238302E30222077696474683D223130302E302220783D223633302E302220793D223333302E30222F3E0D0A2020202020203C2F62706D6E64693A42504D4E53686170653E0D0A2020202020203C62706D6E64693A42504D4E53686170652062706D6E456C656D656E743D227369642D33463533423642442D463846332D343936422D414330382D353036333042443131343737222069643D2242504D4E53686170655F7369642D33463533423642442D463846332D343936422D414330382D353036333042443131343737223E0D0A20202020202020203C6F6D6764633A426F756E6473206865696768743D2234302E30222077696474683D2234302E302220783D223736352E302220793D223335302E30222F3E0D0A2020202020203C2F62706D6E64693A42504D4E53686170653E0D0A2020202020203C62706D6E64693A42504D4E53686170652062706D6E456C656D656E743D226170706C795F656E64222069643D2242504D4E53686170655F6170706C795F656E64223E0D0A20202020202020203C6F6D6764633A426F756E6473206865696768743D2238302E30222077696474683D223130302E302220783D223834302E302220793D223333302E30222F3E0D0A2020202020203C2F62706D6E64693A42504D4E53686170653E0D0A2020202020203C62706D6E64693A42504D4E53686170652062706D6E456C656D656E743D227369642D35464544303244362D433338382D343843362D383730452D303937444232313331454130222069643D2242504D4E53686170655F7369642D35464544303244362D433338382D343843362D383730452D303937444232313331454130223E0D0A20202020202020203C6F6D6764633A426F756E6473206865696768743D2234302E30222077696474683D2234302E302220783D223234302E302220793D2234352E30222F3E0D0A2020202020203C2F62706D6E64693A42504D4E53686170653E0D0A2020202020203C62706D6E64693A42504D4E456467652062706D6E456C656D656E743D227369642D33444243443636312D353732302D343438302D383135362D373438424530323735464546222069643D2242504D4E456467655F7369642D33444243443636312D353732302D343438302D383135362D373438424530323735464546223E0D0A20202020202020203C6F6D6764693A776179706F696E7420783D223532302E302220793D223337302E30222F3E0D0A20202020202020203C6F6D6764693A776179706F696E7420783D223535352E302220793D223337302E30222F3E0D0A2020202020203C2F62706D6E64693A42504D4E456467653E0D0A2020202020203C62706D6E64693A42504D4E456467652062706D6E456C656D656E743D227369642D34344146423943312D343035372D344334382D423146322D314543383937413532434237222069643D2242504D4E456467655F7369642D34344146423943312D343035372D344334382D423146322D314543383937413532434237223E0D0A20202020202020203C6F6D6764693A776179706F696E7420783D223238302E302220793D2236352E30222F3E0D0A20202020202020203C6F6D6764693A776179706F696E7420783D223938392E302220793D2236352E30222F3E0D0A20202020202020203C6F6D6764693A776179706F696E7420783D223938392E302220793D223335362E30222F3E0D0A2020202020203C2F62706D6E64693A42504D4E456467653E0D0A2020202020203C62706D6E64693A42504D4E456467652062706D6E456C656D656E743D227369642D38343438454634412D423632452D343839392D414243322D304532444232414536383338222069643D2242504D4E456467655F7369642D38343438454634412D423632452D343839392D414243322D304532444232414536383338223E0D0A20202020202020203C6F6D6764693A776179706F696E7420783D223234302E302220793D2236352E30222F3E0D0A20202020202020203C6F6D6764693A776179706F696E7420783D223135332E302220793D2236352E30222F3E0D0A20202020202020203C6F6D6764693A776179706F696E7420783D223135332E302220793D223233312E35222F3E0D0A2020202020203C2F62706D6E64693A42504D4E456467653E0D0A2020202020203C62706D6E64693A42504D4E456467652062706D6E456C656D656E743D227369642D41373538393038342D343632332D344645412D413737342D303041373044444331443230222069643D2242504D4E456467655F7369642D41373538393038342D343632332D344645412D413737342D303041373044444331443230223E0D0A20202020202020203C6F6D6764693A776179706F696E7420783D223338352E302220793D223337302E30222F3E0D0A20202020202020203C6F6D6764693A776179706F696E7420783D223432302E302220793D223337302E30222F3E0D0A2020202020203C2F62706D6E64693A42504D4E456467653E0D0A2020202020203C62706D6E64693A42504D4E456467652062706D6E456C656D656E743D227369642D33354343384336432D313036372D343339382D393931432D434346393535313135393635222069643D2242504D4E456467655F7369642D33354343384336432D313036372D343339382D393931432D434346393535313135393635223E0D0A20202020202020203C6F6D6764693A776179706F696E7420783D223738352E302220793D223335302E30222F3E0D0A20202020202020203C6F6D6764693A776179706F696E7420783D223738352E302220793D223136342E30222F3E0D0A20202020202020203C6F6D6764693A776179706F696E7420783D223331312E302220793D223136342E30222F3E0D0A2020202020203C2F62706D6E64693A42504D4E456467653E0D0A2020202020203C62706D6E64693A42504D4E456467652062706D6E456C656D656E743D227369642D45463246353142422D314439392D344630422D414346322D423643313330304137443242222069643D2242504D4E456467655F7369642D45463246353142422D314439392D344630422D414346322D423643313330304137443242223E0D0A20202020202020203C6F6D6764693A776179706F696E7420783D223331302E302220793D223337302E30222F3E0D0A20202020202020203C6F6D6764693A776179706F696E7420783D223334352E302220793D223337302E30222F3E0D0A2020202020203C2F62706D6E64693A42504D4E456467653E0D0A2020202020203C62706D6E64693A42504D4E456467652062706D6E456C656D656E743D227369642D37443732333139302D313433322D343131442D413441342D373734323235453534434439222069643D2242504D4E456467655F7369642D37443732333139302D313433322D343131442D413441342D373734323235453534434439223E0D0A20202020202020203C6F6D6764693A776179706F696E7420783D223830352E302220793D223337302E30222F3E0D0A20202020202020203C6F6D6764693A776179706F696E7420783D223834302E302220793D223337302E30222F3E0D0A2020202020203C2F62706D6E64693A42504D4E456467653E0D0A2020202020203C62706D6E64693A42504D4E456467652062706D6E456C656D656E743D227369642D32414237433031412D353045452D344141432D384338462D463645313933354233444137222069643D2242504D4E456467655F7369642D32414237433031412D353045452D344141432D384338462D463645313933354233444137223E0D0A20202020202020203C6F6D6764693A776179706F696E7420783D223230312E302220793D223236302E30222F3E0D0A20202020202020203C6F6D6764693A776179706F696E7420783D223234302E302220793D223236302E30222F3E0D0A2020202020203C2F62706D6E64693A42504D4E456467653E0D0A2020202020203C62706D6E64693A42504D4E456467652062706D6E456C656D656E743D227369642D44343443414434332D303237312D343932302D413532342D394238353333453532353530222069643D2242504D4E456467655F7369642D44343443414434332D303237312D343932302D413532342D394238353333453532353530223E0D0A20202020202020203C6F6D6764693A776179706F696E7420783D223539352E302220793D223337302E30222F3E0D0A20202020202020203C6F6D6764693A776179706F696E7420783D223633302E302220793D223337302E30222F3E0D0A2020202020203C2F62706D6E64693A42504D4E456467653E0D0A2020202020203C62706D6E64693A42504D4E456467652062706D6E456C656D656E743D227369642D46413631383633362D333730382D344430432D383531342D323941344242384243393236222069643D2242504D4E456467655F7369642D46413631383633362D333730382D344430432D383531342D323941344242384243393236223E0D0A20202020202020203C6F6D6764693A776179706F696E7420783D223336352E302220793D223335302E30222F3E0D0A20202020202020203C6F6D6764693A776179706F696E7420783D223336352E302220793D223136342E30222F3E0D0A20202020202020203C6F6D6764693A776179706F696E7420783D223331312E302220793D223136342E30222F3E0D0A2020202020203C2F62706D6E64693A42504D4E456467653E0D0A2020202020203C62706D6E64693A42504D4E456467652062706D6E456C656D656E743D227369642D30324442324144392D313333322D343139382D414338442D323241333531363944313543222069643D2242504D4E456467655F7369642D30324442324144392D313333322D343139382D414338442D323241333531363944313543223E0D0A20202020202020203C6F6D6764693A776179706F696E7420783D223733302E302220793D223337302E30222F3E0D0A20202020202020203C6F6D6764693A776179706F696E7420783D223736352E302220793D223337302E30222F3E0D0A2020202020203C2F62706D6E64693A42504D4E456467653E0D0A2020202020203C62706D6E64693A42504D4E456467652062706D6E456C656D656E743D227369642D33364535304338422D364337432D343936382D423032442D454241413432354246344245222069643D2242504D4E456467655F7369642D33364535304338422D364337432D343936382D423032442D454241413432354246344245223E0D0A20202020202020203C6F6D6764693A776179706F696E7420783D2236302E302220793D223236302E30222F3E0D0A20202020202020203C6F6D6764693A776179706F696E7420783D223130352E302220793D223236302E30222F3E0D0A2020202020203C2F62706D6E64693A42504D4E456467653E0D0A2020202020203C62706D6E64693A42504D4E456467652062706D6E456C656D656E743D227369642D35333235383530322D343345452D344445382D423141342D444244313139323242384146222069643D2242504D4E456467655F7369642D35333235383530322D343345452D344445382D423141342D444244313139323242384146223E0D0A20202020202020203C6F6D6764693A776179706F696E7420783D223236302E302220793D223234302E30222F3E0D0A20202020202020203C6F6D6764693A776179706F696E7420783D223236302E302220793D223139332E30222F3E0D0A2020202020203C2F62706D6E64693A42504D4E456467653E0D0A2020202020203C62706D6E64693A42504D4E456467652062706D6E456C656D656E743D227369642D31363344424336302D444243392D343338422D393731412D363737333846423737313541222069643D2242504D4E456467655F7369642D31363344424336302D444243392D343338422D393731412D363737333846423737313541223E0D0A20202020202020203C6F6D6764693A776179706F696E7420783D223236302E302220793D223133352E30222F3E0D0A20202020202020203C6F6D6764693A776179706F696E7420783D223236302E302220793D2238352E30222F3E0D0A2020202020203C2F62706D6E64693A42504D4E456467653E0D0A2020202020203C62706D6E64693A42504D4E456467652062706D6E456C656D656E743D227369642D42444230414142322D374535302D344433352D383045452D434530424543444439463537222069643D2242504D4E456467655F7369642D42444230414142322D374535302D344433352D383045452D434530424543444439463537223E0D0A20202020202020203C6F6D6764693A776179706F696E7420783D223934302E302220793D223337302E30222F3E0D0A20202020202020203C6F6D6764693A776179706F696E7420783D223937352E302220793D223337302E30222F3E0D0A2020202020203C2F62706D6E64693A42504D4E456467653E0D0A2020202020203C62706D6E64693A42504D4E456467652062706D6E456C656D656E743D227369642D31353235424646342D334539442D344438412D424638302D314636334146453136323839222069643D2242504D4E456467655F7369642D31353235424646342D334539442D344438412D424638302D314636334146453136323839223E0D0A20202020202020203C6F6D6764693A776179706F696E7420783D223537352E302220793D223335302E30222F3E0D0A20202020202020203C6F6D6764693A776179706F696E7420783D223537352E302220793D223136342E30222F3E0D0A20202020202020203C6F6D6764693A776179706F696E7420783D223331312E302220793D223136342E30222F3E0D0A2020202020203C2F62706D6E64693A42504D4E456467653E0D0A2020202020203C62706D6E64693A42504D4E456467652062706D6E456C656D656E743D227369642D37323235384134312D323033452D343238432D423731442D434133353036323532443733222069643D2242504D4E456467655F7369642D37323235384134312D323033452D343238432D423731442D434133353036323532443733223E0D0A20202020202020203C6F6D6764693A776179706F696E7420783D223236302E302220793D223238302E30222F3E0D0A20202020202020203C6F6D6764693A776179706F696E7420783D223236302E302220793D223333302E30222F3E0D0A2020202020203C2F62706D6E64693A42504D4E456467653E0D0A202020203C2F62706D6E64693A42504D4E506C616E653E0D0A20203C2F62706D6E64693A42504D4E4469616772616D3E0D0A3C2F646566696E6974696F6E733E, 0);

-- ----------------------------
-- Table structure for act_ge_property
-- ----------------------------
DROP TABLE IF EXISTS `act_ge_property`;
CREATE TABLE `act_ge_property`  (
  `NAME_` varchar(64) CHARACTER SET utf8 COLLATE utf8_bin NOT NULL,
  `VALUE_` varchar(300) CHARACTER SET utf8 COLLATE utf8_bin NULL DEFAULT NULL,
  `REV_` int(11) NULL DEFAULT NULL,
  PRIMARY KEY (`NAME_`) USING BTREE
) ENGINE = InnoDB CHARACTER SET = utf8 COLLATE = utf8_bin ROW_FORMAT = Dynamic;

-- ----------------------------
-- Records of act_ge_property
-- ----------------------------
INSERT INTO `act_ge_property` VALUES ('next.dbid', '1', 1);
INSERT INTO `act_ge_property` VALUES ('schema.history', 'create(5.21.0.0)', 1);
INSERT INTO `act_ge_property` VALUES ('schema.version', '5.21.0.0', 1);

-- ----------------------------
-- Table structure for act_hi_actinst
-- ----------------------------
DROP TABLE IF EXISTS `act_hi_actinst`;
CREATE TABLE `act_hi_actinst`  (
  `ID_` varchar(64) CHARACTER SET utf8 COLLATE utf8_bin NOT NULL,
  `PROC_DEF_ID_` varchar(64) CHARACTER SET utf8 COLLATE utf8_bin NOT NULL,
  `PROC_INST_ID_` varchar(64) CHARACTER SET utf8 COLLATE utf8_bin NOT NULL,
  `EXECUTION_ID_` varchar(64) CHARACTER SET utf8 COLLATE utf8_bin NOT NULL,
  `ACT_ID_` varchar(255) CHARACTER SET utf8 COLLATE utf8_bin NOT NULL,
  `TASK_ID_` varchar(64) CHARACTER SET utf8 COLLATE utf8_bin NULL DEFAULT NULL,
  `CALL_PROC_INST_ID_` varchar(64) CHARACTER SET utf8 COLLATE utf8_bin NULL DEFAULT NULL,
  `ACT_NAME_` varchar(255) CHARACTER SET utf8 COLLATE utf8_bin NULL DEFAULT NULL,
  `ACT_TYPE_` varchar(255) CHARACTER SET utf8 COLLATE utf8_bin NOT NULL,
  `ASSIGNEE_` varchar(255) CHARACTER SET utf8 COLLATE utf8_bin NULL DEFAULT NULL,
  `START_TIME_` datetime(3) NULL,
  `END_TIME_` datetime(3) NULL DEFAULT NULL,
  `DURATION_` bigint(20) NULL DEFAULT NULL,
  `TENANT_ID_` varchar(255) CHARACTER SET utf8 COLLATE utf8_bin NULL DEFAULT '',
  PRIMARY KEY (`ID_`) USING BTREE,
  INDEX `ACT_IDX_HI_ACT_INST_START`(`START_TIME_`) USING BTREE,
  INDEX `ACT_IDX_HI_ACT_INST_END`(`END_TIME_`) USING BTREE,
  INDEX `ACT_IDX_HI_ACT_INST_PROCINST`(`PROC_INST_ID_`, `ACT_ID_`) USING BTREE,
  INDEX `ACT_IDX_HI_ACT_INST_EXEC`(`EXECUTION_ID_`, `ACT_ID_`) USING BTREE
) ENGINE = InnoDB CHARACTER SET = utf8 COLLATE = utf8_bin ROW_FORMAT = Dynamic;

-- ----------------------------
-- Table structure for act_hi_attachment
-- ----------------------------
DROP TABLE IF EXISTS `act_hi_attachment`;
CREATE TABLE `act_hi_attachment`  (
  `ID_` varchar(64) CHARACTER SET utf8 COLLATE utf8_bin NOT NULL,
  `REV_` int(11) NULL DEFAULT NULL,
  `USER_ID_` varchar(255) CHARACTER SET utf8 COLLATE utf8_bin NULL DEFAULT NULL,
  `NAME_` varchar(255) CHARACTER SET utf8 COLLATE utf8_bin NULL DEFAULT NULL,
  `DESCRIPTION_` varchar(4000) CHARACTER SET utf8 COLLATE utf8_bin NULL DEFAULT NULL,
  `TYPE_` varchar(255) CHARACTER SET utf8 COLLATE utf8_bin NULL DEFAULT NULL,
  `TASK_ID_` varchar(64) CHARACTER SET utf8 COLLATE utf8_bin NULL DEFAULT NULL,
  `PROC_INST_ID_` varchar(64) CHARACTER SET utf8 COLLATE utf8_bin NULL DEFAULT NULL,
  `URL_` varchar(4000) CHARACTER SET utf8 COLLATE utf8_bin NULL DEFAULT NULL,
  `CONTENT_ID_` varchar(64) CHARACTER SET utf8 COLLATE utf8_bin NULL DEFAULT NULL,
  `TIME_` datetime(3) NULL DEFAULT NULL,
  PRIMARY KEY (`ID_`) USING BTREE
) ENGINE = InnoDB CHARACTER SET = utf8 COLLATE = utf8_bin ROW_FORMAT = Dynamic;

-- ----------------------------
-- Table structure for act_hi_comment
-- ----------------------------
DROP TABLE IF EXISTS `act_hi_comment`;
CREATE TABLE `act_hi_comment`  (
  `ID_` varchar(64) CHARACTER SET utf8 COLLATE utf8_bin NOT NULL,
  `TYPE_` varchar(255) CHARACTER SET utf8 COLLATE utf8_bin NULL DEFAULT NULL,
  `TIME_` datetime(3) NULL,
  `USER_ID_` varchar(255) CHARACTER SET utf8 COLLATE utf8_bin NULL DEFAULT NULL,
  `TASK_ID_` varchar(64) CHARACTER SET utf8 COLLATE utf8_bin NULL DEFAULT NULL,
  `PROC_INST_ID_` varchar(64) CHARACTER SET utf8 COLLATE utf8_bin NULL DEFAULT NULL,
  `ACTION_` varchar(255) CHARACTER SET utf8 COLLATE utf8_bin NULL DEFAULT NULL,
  `MESSAGE_` varchar(4000) CHARACTER SET utf8 COLLATE utf8_bin NULL DEFAULT NULL,
  `FULL_MSG_` longblob NULL,
  PRIMARY KEY (`ID_`) USING BTREE
) ENGINE = InnoDB CHARACTER SET = utf8 COLLATE = utf8_bin ROW_FORMAT = Dynamic;

-- ----------------------------
-- Table structure for act_hi_detail
-- ----------------------------
DROP TABLE IF EXISTS `act_hi_detail`;
CREATE TABLE `act_hi_detail`  (
  `ID_` varchar(64) CHARACTER SET utf8 COLLATE utf8_bin NOT NULL,
  `TYPE_` varchar(255) CHARACTER SET utf8 COLLATE utf8_bin NOT NULL,
  `PROC_INST_ID_` varchar(64) CHARACTER SET utf8 COLLATE utf8_bin NULL DEFAULT NULL,
  `EXECUTION_ID_` varchar(64) CHARACTER SET utf8 COLLATE utf8_bin NULL DEFAULT NULL,
  `TASK_ID_` varchar(64) CHARACTER SET utf8 COLLATE utf8_bin NULL DEFAULT NULL,
  `ACT_INST_ID_` varchar(64) CHARACTER SET utf8 COLLATE utf8_bin NULL DEFAULT NULL,
  `NAME_` varchar(255) CHARACTER SET utf8 COLLATE utf8_bin NOT NULL,
  `VAR_TYPE_` varchar(255) CHARACTER SET utf8 COLLATE utf8_bin NULL DEFAULT NULL,
  `REV_` int(11) NULL DEFAULT NULL,
  `TIME_` datetime(3) NULL,
  `BYTEARRAY_ID_` varchar(64) CHARACTER SET utf8 COLLATE utf8_bin NULL DEFAULT NULL,
  `DOUBLE_` double NULL DEFAULT NULL,
  `LONG_` bigint(20) NULL DEFAULT NULL,
  `TEXT_` varchar(4000) CHARACTER SET utf8 COLLATE utf8_bin NULL DEFAULT NULL,
  `TEXT2_` varchar(4000) CHARACTER SET utf8 COLLATE utf8_bin NULL DEFAULT NULL,
  PRIMARY KEY (`ID_`) USING BTREE,
  INDEX `ACT_IDX_HI_DETAIL_PROC_INST`(`PROC_INST_ID_`) USING BTREE,
  INDEX `ACT_IDX_HI_DETAIL_ACT_INST`(`ACT_INST_ID_`) USING BTREE,
  INDEX `ACT_IDX_HI_DETAIL_TIME`(`TIME_`) USING BTREE,
  INDEX `ACT_IDX_HI_DETAIL_NAME`(`NAME_`) USING BTREE,
  INDEX `ACT_IDX_HI_DETAIL_TASK_ID`(`TASK_ID_`) USING BTREE
) ENGINE = InnoDB CHARACTER SET = utf8 COLLATE = utf8_bin ROW_FORMAT = Dynamic;

-- ----------------------------
-- Table structure for act_hi_identitylink
-- ----------------------------
DROP TABLE IF EXISTS `act_hi_identitylink`;
CREATE TABLE `act_hi_identitylink`  (
  `ID_` varchar(64) CHARACTER SET utf8 COLLATE utf8_bin NOT NULL,
  `GROUP_ID_` varchar(255) CHARACTER SET utf8 COLLATE utf8_bin NULL DEFAULT NULL,
  `TYPE_` varchar(255) CHARACTER SET utf8 COLLATE utf8_bin NULL DEFAULT NULL,
  `USER_ID_` varchar(255) CHARACTER SET utf8 COLLATE utf8_bin NULL DEFAULT NULL,
  `TASK_ID_` varchar(64) CHARACTER SET utf8 COLLATE utf8_bin NULL DEFAULT NULL,
  `PROC_INST_ID_` varchar(64) CHARACTER SET utf8 COLLATE utf8_bin NULL DEFAULT NULL,
  PRIMARY KEY (`ID_`) USING BTREE,
  INDEX `ACT_IDX_HI_IDENT_LNK_USER`(`USER_ID_`) USING BTREE,
  INDEX `ACT_IDX_HI_IDENT_LNK_TASK`(`TASK_ID_`) USING BTREE,
  INDEX `ACT_IDX_HI_IDENT_LNK_PROCINST`(`PROC_INST_ID_`) USING BTREE
) ENGINE = InnoDB CHARACTER SET = utf8 COLLATE = utf8_bin ROW_FORMAT = Dynamic;

-- ----------------------------
-- Table structure for act_hi_procinst
-- ----------------------------
DROP TABLE IF EXISTS `act_hi_procinst`;
CREATE TABLE `act_hi_procinst`  (
  `ID_` varchar(64) CHARACTER SET utf8 COLLATE utf8_bin NOT NULL,
  `PROC_INST_ID_` varchar(64) CHARACTER SET utf8 COLLATE utf8_bin NOT NULL,
  `BUSINESS_KEY_` varchar(255) CHARACTER SET utf8 COLLATE utf8_bin NULL DEFAULT NULL,
  `PROC_DEF_ID_` varchar(64) CHARACTER SET utf8 COLLATE utf8_bin NOT NULL,
  `START_TIME_` datetime(3) NULL,
  `END_TIME_` datetime(3) NULL DEFAULT NULL,
  `DURATION_` bigint(20) NULL DEFAULT NULL,
  `START_USER_ID_` varchar(255) CHARACTER SET utf8 COLLATE utf8_bin NULL DEFAULT NULL,
  `START_ACT_ID_` varchar(255) CHARACTER SET utf8 COLLATE utf8_bin NULL DEFAULT NULL,
  `END_ACT_ID_` varchar(255) CHARACTER SET utf8 COLLATE utf8_bin NULL DEFAULT NULL,
  `SUPER_PROCESS_INSTANCE_ID_` varchar(64) CHARACTER SET utf8 COLLATE utf8_bin NULL DEFAULT NULL,
  `DELETE_REASON_` varchar(4000) CHARACTER SET utf8 COLLATE utf8_bin NULL DEFAULT NULL,
  `TENANT_ID_` varchar(255) CHARACTER SET utf8 COLLATE utf8_bin NULL DEFAULT '',
  `NAME_` varchar(255) CHARACTER SET utf8 COLLATE utf8_bin NULL DEFAULT NULL,
  PRIMARY KEY (`ID_`) USING BTREE,
  UNIQUE INDEX `PROC_INST_ID_`(`PROC_INST_ID_`) USING BTREE,
  INDEX `ACT_IDX_HI_PRO_INST_END`(`END_TIME_`) USING BTREE,
  INDEX `ACT_IDX_HI_PRO_I_BUSKEY`(`BUSINESS_KEY_`) USING BTREE
) ENGINE = InnoDB CHARACTER SET = utf8 COLLATE = utf8_bin ROW_FORMAT = Dynamic;

-- ----------------------------
-- Table structure for act_hi_taskinst
-- ----------------------------
DROP TABLE IF EXISTS `act_hi_taskinst`;
CREATE TABLE `act_hi_taskinst`  (
  `ID_` varchar(64) CHARACTER SET utf8 COLLATE utf8_bin NOT NULL,
  `PROC_DEF_ID_` varchar(64) CHARACTER SET utf8 COLLATE utf8_bin NULL DEFAULT NULL,
  `TASK_DEF_KEY_` varchar(255) CHARACTER SET utf8 COLLATE utf8_bin NULL DEFAULT NULL,
  `PROC_INST_ID_` varchar(64) CHARACTER SET utf8 COLLATE utf8_bin NULL DEFAULT NULL,
  `EXECUTION_ID_` varchar(64) CHARACTER SET utf8 COLLATE utf8_bin NULL DEFAULT NULL,
  `NAME_` varchar(255) CHARACTER SET utf8 COLLATE utf8_bin NULL DEFAULT NULL,
  `PARENT_TASK_ID_` varchar(64) CHARACTER SET utf8 COLLATE utf8_bin NULL DEFAULT NULL,
  `DESCRIPTION_` varchar(4000) CHARACTER SET utf8 COLLATE utf8_bin NULL DEFAULT NULL,
  `OWNER_` varchar(255) CHARACTER SET utf8 COLLATE utf8_bin NULL DEFAULT NULL,
  `ASSIGNEE_` varchar(255) CHARACTER SET utf8 COLLATE utf8_bin NULL DEFAULT NULL,
  `START_TIME_` datetime(3) NULL,
  `CLAIM_TIME_` datetime(3) NULL DEFAULT NULL,
  `END_TIME_` datetime(3) NULL DEFAULT NULL,
  `DURATION_` bigint(20) NULL DEFAULT NULL,
  `DELETE_REASON_` varchar(4000) CHARACTER SET utf8 COLLATE utf8_bin NULL DEFAULT NULL,
  `PRIORITY_` int(11) NULL DEFAULT NULL,
  `DUE_DATE_` datetime(3) NULL DEFAULT NULL,
  `FORM_KEY_` varchar(255) CHARACTER SET utf8 COLLATE utf8_bin NULL DEFAULT NULL,
  `CATEGORY_` varchar(255) CHARACTER SET utf8 COLLATE utf8_bin NULL DEFAULT NULL,
  `TENANT_ID_` varchar(255) CHARACTER SET utf8 COLLATE utf8_bin NULL DEFAULT '',
  PRIMARY KEY (`ID_`) USING BTREE,
  INDEX `ACT_IDX_HI_TASK_INST_PROCINST`(`PROC_INST_ID_`) USING BTREE
) ENGINE = InnoDB CHARACTER SET = utf8 COLLATE = utf8_bin ROW_FORMAT = Dynamic;

-- ----------------------------
-- Table structure for act_hi_varinst
-- ----------------------------
DROP TABLE IF EXISTS `act_hi_varinst`;
CREATE TABLE `act_hi_varinst`  (
  `ID_` varchar(64) CHARACTER SET utf8 COLLATE utf8_bin NOT NULL,
  `PROC_INST_ID_` varchar(64) CHARACTER SET utf8 COLLATE utf8_bin NULL DEFAULT NULL,
  `EXECUTION_ID_` varchar(64) CHARACTER SET utf8 COLLATE utf8_bin NULL DEFAULT NULL,
  `TASK_ID_` varchar(64) CHARACTER SET utf8 COLLATE utf8_bin NULL DEFAULT NULL,
  `NAME_` varchar(255) CHARACTER SET utf8 COLLATE utf8_bin NOT NULL,
  `VAR_TYPE_` varchar(100) CHARACTER SET utf8 COLLATE utf8_bin NULL DEFAULT NULL,
  `REV_` int(11) NULL DEFAULT NULL,
  `BYTEARRAY_ID_` varchar(64) CHARACTER SET utf8 COLLATE utf8_bin NULL DEFAULT NULL,
  `DOUBLE_` double NULL DEFAULT NULL,
  `LONG_` bigint(20) NULL DEFAULT NULL,
  `TEXT_` varchar(4000) CHARACTER SET utf8 COLLATE utf8_bin NULL DEFAULT NULL,
  `TEXT2_` varchar(4000) CHARACTER SET utf8 COLLATE utf8_bin NULL DEFAULT NULL,
  `CREATE_TIME_` datetime(3) NULL DEFAULT NULL,
  `LAST_UPDATED_TIME_` datetime(3) NULL DEFAULT NULL,
  PRIMARY KEY (`ID_`) USING BTREE,
  INDEX `ACT_IDX_HI_PROCVAR_PROC_INST`(`PROC_INST_ID_`) USING BTREE,
  INDEX `ACT_IDX_HI_PROCVAR_NAME_TYPE`(`NAME_`, `VAR_TYPE_`) USING BTREE,
  INDEX `ACT_IDX_HI_PROCVAR_TASK_ID`(`TASK_ID_`) USING BTREE
) ENGINE = InnoDB CHARACTER SET = utf8 COLLATE = utf8_bin ROW_FORMAT = Dynamic;

-- ----------------------------
-- Table structure for act_id_group
-- ----------------------------
DROP TABLE IF EXISTS `act_id_group`;
CREATE TABLE `act_id_group`  (
  `ID_` varchar(64) CHARACTER SET utf8 COLLATE utf8_bin NOT NULL,
  `REV_` int(11) NULL DEFAULT NULL,
  `NAME_` varchar(255) CHARACTER SET utf8 COLLATE utf8_bin NULL DEFAULT NULL,
  `TYPE_` varchar(255) CHARACTER SET utf8 COLLATE utf8_bin NULL DEFAULT NULL,
  PRIMARY KEY (`ID_`) USING BTREE
) ENGINE = InnoDB CHARACTER SET = utf8 COLLATE = utf8_bin ROW_FORMAT = Dynamic;

-- ----------------------------
-- Table structure for act_id_info
-- ----------------------------
DROP TABLE IF EXISTS `act_id_info`;
CREATE TABLE `act_id_info`  (
  `ID_` varchar(64) CHARACTER SET utf8 COLLATE utf8_bin NOT NULL,
  `REV_` int(11) NULL DEFAULT NULL,
  `USER_ID_` varchar(64) CHARACTER SET utf8 COLLATE utf8_bin NULL DEFAULT NULL,
  `TYPE_` varchar(64) CHARACTER SET utf8 COLLATE utf8_bin NULL DEFAULT NULL,
  `KEY_` varchar(255) CHARACTER SET utf8 COLLATE utf8_bin NULL DEFAULT NULL,
  `VALUE_` varchar(255) CHARACTER SET utf8 COLLATE utf8_bin NULL DEFAULT NULL,
  `PASSWORD_` longblob NULL,
  `PARENT_ID_` varchar(255) CHARACTER SET utf8 COLLATE utf8_bin NULL DEFAULT NULL,
  PRIMARY KEY (`ID_`) USING BTREE
) ENGINE = InnoDB CHARACTER SET = utf8 COLLATE = utf8_bin ROW_FORMAT = Dynamic;

-- ----------------------------
-- Table structure for act_id_membership
-- ----------------------------
DROP TABLE IF EXISTS `act_id_membership`;
CREATE TABLE `act_id_membership`  (
  `USER_ID_` varchar(64) CHARACTER SET utf8 COLLATE utf8_bin NOT NULL,
  `GROUP_ID_` varchar(64) CHARACTER SET utf8 COLLATE utf8_bin NOT NULL,
  PRIMARY KEY (`USER_ID_`, `GROUP_ID_`) USING BTREE,
  INDEX `ACT_FK_MEMB_GROUP`(`GROUP_ID_`) USING BTREE,
  CONSTRAINT `ACT_FK_MEMB_GROUP` FOREIGN KEY (`GROUP_ID_`) REFERENCES `act_id_group` (`ID_`) ON DELETE RESTRICT ON UPDATE RESTRICT,
  CONSTRAINT `ACT_FK_MEMB_USER` FOREIGN KEY (`USER_ID_`) REFERENCES `act_id_user` (`ID_`) ON DELETE RESTRICT ON UPDATE RESTRICT
) ENGINE = InnoDB CHARACTER SET = utf8 COLLATE = utf8_bin ROW_FORMAT = Dynamic;

-- ----------------------------
-- Table structure for act_id_user
-- ----------------------------
DROP TABLE IF EXISTS `act_id_user`;
CREATE TABLE `act_id_user`  (
  `ID_` varchar(64) CHARACTER SET utf8 COLLATE utf8_bin NOT NULL,
  `REV_` int(11) NULL DEFAULT NULL,
  `FIRST_` varchar(255) CHARACTER SET utf8 COLLATE utf8_bin NULL DEFAULT NULL,
  `LAST_` varchar(255) CHARACTER SET utf8 COLLATE utf8_bin NULL DEFAULT NULL,
  `EMAIL_` varchar(255) CHARACTER SET utf8 COLLATE utf8_bin NULL DEFAULT NULL,
  `PWD_` varchar(255) CHARACTER SET utf8 COLLATE utf8_bin NULL DEFAULT NULL,
  `PICTURE_ID_` varchar(64) CHARACTER SET utf8 COLLATE utf8_bin NULL DEFAULT NULL,
  PRIMARY KEY (`ID_`) USING BTREE
) ENGINE = InnoDB CHARACTER SET = utf8 COLLATE = utf8_bin ROW_FORMAT = Dynamic;

-- ----------------------------
-- Table structure for act_procdef_info
-- ----------------------------
DROP TABLE IF EXISTS `act_procdef_info`;
CREATE TABLE `act_procdef_info`  (
  `ID_` varchar(64) CHARACTER SET utf8 COLLATE utf8_bin NOT NULL,
  `PROC_DEF_ID_` varchar(64) CHARACTER SET utf8 COLLATE utf8_bin NOT NULL,
  `REV_` int(11) NULL DEFAULT NULL,
  `INFO_JSON_ID_` varchar(64) CHARACTER SET utf8 COLLATE utf8_bin NULL DEFAULT NULL,
  PRIMARY KEY (`ID_`) USING BTREE,
  UNIQUE INDEX `ACT_UNIQ_INFO_PROCDEF`(`PROC_DEF_ID_`) USING BTREE,
  INDEX `ACT_IDX_INFO_PROCDEF`(`PROC_DEF_ID_`) USING BTREE,
  INDEX `ACT_FK_INFO_JSON_BA`(`INFO_JSON_ID_`) USING BTREE,
  CONSTRAINT `ACT_FK_INFO_JSON_BA` FOREIGN KEY (`INFO_JSON_ID_`) REFERENCES `act_ge_bytearray` (`ID_`) ON DELETE RESTRICT ON UPDATE RESTRICT,
  CONSTRAINT `ACT_FK_INFO_PROCDEF` FOREIGN KEY (`PROC_DEF_ID_`) REFERENCES `act_re_procdef` (`ID_`) ON DELETE RESTRICT ON UPDATE RESTRICT
) ENGINE = InnoDB CHARACTER SET = utf8 COLLATE = utf8_bin ROW_FORMAT = Dynamic;

-- ----------------------------
-- Table structure for act_re_deployment
-- ----------------------------
DROP TABLE IF EXISTS `act_re_deployment`;
CREATE TABLE `act_re_deployment`  (
  `ID_` varchar(64) CHARACTER SET utf8 COLLATE utf8_bin NOT NULL,
  `NAME_` varchar(255) CHARACTER SET utf8 COLLATE utf8_bin NULL DEFAULT NULL,
  `CATEGORY_` varchar(255) CHARACTER SET utf8 COLLATE utf8_bin NULL DEFAULT NULL,
  `TENANT_ID_` varchar(255) CHARACTER SET utf8 COLLATE utf8_bin NULL DEFAULT '',
  `DEPLOY_TIME_` timestamp(3) NULL DEFAULT NULL,
  PRIMARY KEY (`ID_`) USING BTREE
) ENGINE = InnoDB CHARACTER SET = utf8 COLLATE = utf8_bin ROW_FORMAT = Dynamic;

-- ----------------------------
-- Records of act_re_deployment
-- ----------------------------
INSERT INTO `act_re_deployment` VALUES ('809b52df107d48c98625937c3f17b1e9', 'SpringAutoDeployment', NULL, '', '2017-11-14 15:12:37.285');

-- ----------------------------
-- Table structure for act_re_model
-- ----------------------------
DROP TABLE IF EXISTS `act_re_model`;
CREATE TABLE `act_re_model`  (
  `ID_` varchar(64) CHARACTER SET utf8 COLLATE utf8_bin NOT NULL,
  `REV_` int(11) NULL DEFAULT NULL,
  `NAME_` varchar(255) CHARACTER SET utf8 COLLATE utf8_bin NULL DEFAULT NULL,
  `KEY_` varchar(255) CHARACTER SET utf8 COLLATE utf8_bin NULL DEFAULT NULL,
  `CATEGORY_` varchar(255) CHARACTER SET utf8 COLLATE utf8_bin NULL DEFAULT NULL,
  `CREATE_TIME_` timestamp(3) NULL DEFAULT NULL,
  `LAST_UPDATE_TIME_` timestamp(3) NULL DEFAULT NULL,
  `VERSION_` int(11) NULL DEFAULT NULL,
  `META_INFO_` varchar(4000) CHARACTER SET utf8 COLLATE utf8_bin NULL DEFAULT NULL,
  `DEPLOYMENT_ID_` varchar(64) CHARACTER SET utf8 COLLATE utf8_bin NULL DEFAULT NULL,
  `EDITOR_SOURCE_VALUE_ID_` varchar(64) CHARACTER SET utf8 COLLATE utf8_bin NULL DEFAULT NULL,
  `EDITOR_SOURCE_EXTRA_VALUE_ID_` varchar(64) CHARACTER SET utf8 COLLATE utf8_bin NULL DEFAULT NULL,
  `TENANT_ID_` varchar(255) CHARACTER SET utf8 COLLATE utf8_bin NULL DEFAULT '',
  PRIMARY KEY (`ID_`) USING BTREE,
  INDEX `ACT_FK_MODEL_SOURCE`(`EDITOR_SOURCE_VALUE_ID_`) USING BTREE,
  INDEX `ACT_FK_MODEL_SOURCE_EXTRA`(`EDITOR_SOURCE_EXTRA_VALUE_ID_`) USING BTREE,
  INDEX `ACT_FK_MODEL_DEPLOYMENT`(`DEPLOYMENT_ID_`) USING BTREE,
  CONSTRAINT `ACT_FK_MODEL_DEPLOYMENT` FOREIGN KEY (`DEPLOYMENT_ID_`) REFERENCES `act_re_deployment` (`ID_`) ON DELETE RESTRICT ON UPDATE RESTRICT,
  CONSTRAINT `ACT_FK_MODEL_SOURCE` FOREIGN KEY (`EDITOR_SOURCE_VALUE_ID_`) REFERENCES `act_ge_bytearray` (`ID_`) ON DELETE RESTRICT ON UPDATE RESTRICT,
  CONSTRAINT `ACT_FK_MODEL_SOURCE_EXTRA` FOREIGN KEY (`EDITOR_SOURCE_EXTRA_VALUE_ID_`) REFERENCES `act_ge_bytearray` (`ID_`) ON DELETE RESTRICT ON UPDATE RESTRICT
) ENGINE = InnoDB CHARACTER SET = utf8 COLLATE = utf8_bin ROW_FORMAT = Dynamic;

-- ----------------------------
-- Table structure for act_re_procdef
-- ----------------------------
DROP TABLE IF EXISTS `act_re_procdef`;
CREATE TABLE `act_re_procdef`  (
  `ID_` varchar(64) CHARACTER SET utf8 COLLATE utf8_bin NOT NULL,
  `REV_` int(11) NULL DEFAULT NULL,
  `CATEGORY_` varchar(255) CHARACTER SET utf8 COLLATE utf8_bin NULL DEFAULT NULL,
  `NAME_` varchar(255) CHARACTER SET utf8 COLLATE utf8_bin NULL DEFAULT NULL,
  `KEY_` varchar(255) CHARACTER SET utf8 COLLATE utf8_bin NOT NULL,
  `VERSION_` int(11) NOT NULL,
  `DEPLOYMENT_ID_` varchar(64) CHARACTER SET utf8 COLLATE utf8_bin NULL DEFAULT NULL,
  `RESOURCE_NAME_` varchar(4000) CHARACTER SET utf8 COLLATE utf8_bin NULL DEFAULT NULL,
  `DGRM_RESOURCE_NAME_` varchar(4000) CHARACTER SET utf8 COLLATE utf8_bin NULL DEFAULT NULL,
  `DESCRIPTION_` varchar(4000) CHARACTER SET utf8 COLLATE utf8_bin NULL DEFAULT NULL,
  `HAS_START_FORM_KEY_` tinyint(4) NULL DEFAULT NULL,
  `HAS_GRAPHICAL_NOTATION_` tinyint(4) NULL DEFAULT NULL,
  `SUSPENSION_STATE_` int(11) NULL DEFAULT NULL,
  `TENANT_ID_` varchar(255) CHARACTER SET utf8 COLLATE utf8_bin NULL DEFAULT '',
  PRIMARY KEY (`ID_`) USING BTREE,
  UNIQUE INDEX `ACT_UNIQ_PROCDEF`(`KEY_`, `VERSION_`, `TENANT_ID_`) USING BTREE
) ENGINE = InnoDB CHARACTER SET = utf8 COLLATE = utf8_bin ROW_FORMAT = Dynamic;

-- ----------------------------
-- Records of act_re_procdef
-- ----------------------------
INSERT INTO `act_re_procdef` VALUES ('test_audit:1:a0b53ecd268c42b2ba57bca3f5d1078c', 1, 'http://www.activiti.org/test', '', 'test_audit', 1, '809b52df107d48c98625937c3f17b1e9', 'test_audit.bpmn20.xml', 'test_audit.png', NULL, 1, 1, 1, '');

-- ----------------------------
-- Table structure for act_ru_event_subscr
-- ----------------------------
DROP TABLE IF EXISTS `act_ru_event_subscr`;
CREATE TABLE `act_ru_event_subscr`  (
  `ID_` varchar(64) CHARACTER SET utf8 COLLATE utf8_bin NOT NULL,
  `REV_` int(11) NULL DEFAULT NULL,
  `EVENT_TYPE_` varchar(255) CHARACTER SET utf8 COLLATE utf8_bin NOT NULL,
  `EVENT_NAME_` varchar(255) CHARACTER SET utf8 COLLATE utf8_bin NULL DEFAULT NULL,
  `EXECUTION_ID_` varchar(64) CHARACTER SET utf8 COLLATE utf8_bin NULL DEFAULT NULL,
  `PROC_INST_ID_` varchar(64) CHARACTER SET utf8 COLLATE utf8_bin NULL DEFAULT NULL,
  `ACTIVITY_ID_` varchar(64) CHARACTER SET utf8 COLLATE utf8_bin NULL DEFAULT NULL,
  `CONFIGURATION_` varchar(255) CHARACTER SET utf8 COLLATE utf8_bin NULL DEFAULT NULL,
  `CREATED_` timestamp(3) NOT NULL DEFAULT CURRENT_TIMESTAMP(3),
  `PROC_DEF_ID_` varchar(64) CHARACTER SET utf8 COLLATE utf8_bin NULL DEFAULT NULL,
  `TENANT_ID_` varchar(255) CHARACTER SET utf8 COLLATE utf8_bin NULL DEFAULT '',
  PRIMARY KEY (`ID_`) USING BTREE,
  INDEX `ACT_IDX_EVENT_SUBSCR_CONFIG_`(`CONFIGURATION_`) USING BTREE,
  INDEX `ACT_FK_EVENT_EXEC`(`EXECUTION_ID_`) USING BTREE,
  CONSTRAINT `ACT_FK_EVENT_EXEC` FOREIGN KEY (`EXECUTION_ID_`) REFERENCES `act_ru_execution` (`ID_`) ON DELETE RESTRICT ON UPDATE RESTRICT
) ENGINE = InnoDB CHARACTER SET = utf8 COLLATE = utf8_bin ROW_FORMAT = Dynamic;

-- ----------------------------
-- Table structure for act_ru_execution
-- ----------------------------
DROP TABLE IF EXISTS `act_ru_execution`;
CREATE TABLE `act_ru_execution`  (
  `ID_` varchar(64) CHARACTER SET utf8 COLLATE utf8_bin NOT NULL,
  `REV_` int(11) NULL DEFAULT NULL,
  `PROC_INST_ID_` varchar(64) CHARACTER SET utf8 COLLATE utf8_bin NULL DEFAULT NULL,
  `BUSINESS_KEY_` varchar(255) CHARACTER SET utf8 COLLATE utf8_bin NULL DEFAULT NULL,
  `PARENT_ID_` varchar(64) CHARACTER SET utf8 COLLATE utf8_bin NULL DEFAULT NULL,
  `PROC_DEF_ID_` varchar(64) CHARACTER SET utf8 COLLATE utf8_bin NULL DEFAULT NULL,
  `SUPER_EXEC_` varchar(64) CHARACTER SET utf8 COLLATE utf8_bin NULL DEFAULT NULL,
  `ACT_ID_` varchar(255) CHARACTER SET utf8 COLLATE utf8_bin NULL DEFAULT NULL,
  `IS_ACTIVE_` tinyint(4) NULL DEFAULT NULL,
  `IS_CONCURRENT_` tinyint(4) NULL DEFAULT NULL,
  `IS_SCOPE_` tinyint(4) NULL DEFAULT NULL,
  `IS_EVENT_SCOPE_` tinyint(4) NULL DEFAULT NULL,
  `SUSPENSION_STATE_` int(11) NULL DEFAULT NULL,
  `CACHED_ENT_STATE_` int(11) NULL DEFAULT NULL,
  `TENANT_ID_` varchar(255) CHARACTER SET utf8 COLLATE utf8_bin NULL DEFAULT '',
  `NAME_` varchar(255) CHARACTER SET utf8 COLLATE utf8_bin NULL DEFAULT NULL,
  `LOCK_TIME_` timestamp(3) NULL DEFAULT NULL,
  PRIMARY KEY (`ID_`) USING BTREE,
  INDEX `ACT_IDX_EXEC_BUSKEY`(`BUSINESS_KEY_`) USING BTREE,
  INDEX `ACT_FK_EXE_PROCINST`(`PROC_INST_ID_`) USING BTREE,
  INDEX `ACT_FK_EXE_PARENT`(`PARENT_ID_`) USING BTREE,
  INDEX `ACT_FK_EXE_SUPER`(`SUPER_EXEC_`) USING BTREE,
  INDEX `ACT_FK_EXE_PROCDEF`(`PROC_DEF_ID_`) USING BTREE,
  CONSTRAINT `ACT_FK_EXE_PARENT` FOREIGN KEY (`PARENT_ID_`) REFERENCES `act_ru_execution` (`ID_`) ON DELETE RESTRICT ON UPDATE RESTRICT,
  CONSTRAINT `ACT_FK_EXE_PROCDEF` FOREIGN KEY (`PROC_DEF_ID_`) REFERENCES `act_re_procdef` (`ID_`) ON DELETE RESTRICT ON UPDATE RESTRICT,
  CONSTRAINT `ACT_FK_EXE_PROCINST` FOREIGN KEY (`PROC_INST_ID_`) REFERENCES `act_ru_execution` (`ID_`) ON DELETE CASCADE ON UPDATE CASCADE,
  CONSTRAINT `ACT_FK_EXE_SUPER` FOREIGN KEY (`SUPER_EXEC_`) REFERENCES `act_ru_execution` (`ID_`) ON DELETE RESTRICT ON UPDATE RESTRICT
) ENGINE = InnoDB CHARACTER SET = utf8 COLLATE = utf8_bin ROW_FORMAT = Dynamic;

-- ----------------------------
-- Table structure for act_ru_identitylink
-- ----------------------------
DROP TABLE IF EXISTS `act_ru_identitylink`;
CREATE TABLE `act_ru_identitylink`  (
  `ID_` varchar(64) CHARACTER SET utf8 COLLATE utf8_bin NOT NULL,
  `REV_` int(11) NULL DEFAULT NULL,
  `GROUP_ID_` varchar(255) CHARACTER SET utf8 COLLATE utf8_bin NULL DEFAULT NULL,
  `TYPE_` varchar(255) CHARACTER SET utf8 COLLATE utf8_bin NULL DEFAULT NULL,
  `USER_ID_` varchar(255) CHARACTER SET utf8 COLLATE utf8_bin NULL DEFAULT NULL,
  `TASK_ID_` varchar(64) CHARACTER SET utf8 COLLATE utf8_bin NULL DEFAULT NULL,
  `PROC_INST_ID_` varchar(64) CHARACTER SET utf8 COLLATE utf8_bin NULL DEFAULT NULL,
  `PROC_DEF_ID_` varchar(64) CHARACTER SET utf8 COLLATE utf8_bin NULL DEFAULT NULL,
  PRIMARY KEY (`ID_`) USING BTREE,
  INDEX `ACT_IDX_IDENT_LNK_USER`(`USER_ID_`) USING BTREE,
  INDEX `ACT_IDX_IDENT_LNK_GROUP`(`GROUP_ID_`) USING BTREE,
  INDEX `ACT_IDX_ATHRZ_PROCEDEF`(`PROC_DEF_ID_`) USING BTREE,
  INDEX `ACT_FK_TSKASS_TASK`(`TASK_ID_`) USING BTREE,
  INDEX `ACT_FK_IDL_PROCINST`(`PROC_INST_ID_`) USING BTREE,
  CONSTRAINT `ACT_FK_ATHRZ_PROCEDEF` FOREIGN KEY (`PROC_DEF_ID_`) REFERENCES `act_re_procdef` (`ID_`) ON DELETE RESTRICT ON UPDATE RESTRICT,
  CONSTRAINT `ACT_FK_IDL_PROCINST` FOREIGN KEY (`PROC_INST_ID_`) REFERENCES `act_ru_execution` (`ID_`) ON DELETE RESTRICT ON UPDATE RESTRICT,
  CONSTRAINT `ACT_FK_TSKASS_TASK` FOREIGN KEY (`TASK_ID_`) REFERENCES `act_ru_task` (`ID_`) ON DELETE RESTRICT ON UPDATE RESTRICT
) ENGINE = InnoDB CHARACTER SET = utf8 COLLATE = utf8_bin ROW_FORMAT = Dynamic;

-- ----------------------------
-- Table structure for act_ru_job
-- ----------------------------
DROP TABLE IF EXISTS `act_ru_job`;
CREATE TABLE `act_ru_job`  (
  `ID_` varchar(64) CHARACTER SET utf8 COLLATE utf8_bin NOT NULL,
  `REV_` int(11) NULL DEFAULT NULL,
  `TYPE_` varchar(255) CHARACTER SET utf8 COLLATE utf8_bin NOT NULL,
  `LOCK_EXP_TIME_` timestamp(3) NULL DEFAULT NULL,
  `LOCK_OWNER_` varchar(255) CHARACTER SET utf8 COLLATE utf8_bin NULL DEFAULT NULL,
  `EXCLUSIVE_` tinyint(1) NULL DEFAULT NULL,
  `EXECUTION_ID_` varchar(64) CHARACTER SET utf8 COLLATE utf8_bin NULL DEFAULT NULL,
  `PROCESS_INSTANCE_ID_` varchar(64) CHARACTER SET utf8 COLLATE utf8_bin NULL DEFAULT NULL,
  `PROC_DEF_ID_` varchar(64) CHARACTER SET utf8 COLLATE utf8_bin NULL DEFAULT NULL,
  `RETRIES_` int(11) NULL DEFAULT NULL,
  `EXCEPTION_STACK_ID_` varchar(64) CHARACTER SET utf8 COLLATE utf8_bin NULL DEFAULT NULL,
  `EXCEPTION_MSG_` varchar(4000) CHARACTER SET utf8 COLLATE utf8_bin NULL DEFAULT NULL,
  `DUEDATE_` timestamp(3) NULL DEFAULT NULL,
  `REPEAT_` varchar(255) CHARACTER SET utf8 COLLATE utf8_bin NULL DEFAULT NULL,
  `HANDLER_TYPE_` varchar(255) CHARACTER SET utf8 COLLATE utf8_bin NULL DEFAULT NULL,
  `HANDLER_CFG_` varchar(4000) CHARACTER SET utf8 COLLATE utf8_bin NULL DEFAULT NULL,
  `TENANT_ID_` varchar(255) CHARACTER SET utf8 COLLATE utf8_bin NULL DEFAULT '',
  PRIMARY KEY (`ID_`) USING BTREE,
  INDEX `ACT_FK_JOB_EXCEPTION`(`EXCEPTION_STACK_ID_`) USING BTREE,
  CONSTRAINT `ACT_FK_JOB_EXCEPTION` FOREIGN KEY (`EXCEPTION_STACK_ID_`) REFERENCES `act_ge_bytearray` (`ID_`) ON DELETE RESTRICT ON UPDATE RESTRICT
) ENGINE = InnoDB CHARACTER SET = utf8 COLLATE = utf8_bin ROW_FORMAT = Dynamic;

-- ----------------------------
-- Table structure for act_ru_task
-- ----------------------------
DROP TABLE IF EXISTS `act_ru_task`;
CREATE TABLE `act_ru_task`  (
  `ID_` varchar(64) CHARACTER SET utf8 COLLATE utf8_bin NOT NULL,
  `REV_` int(11) NULL DEFAULT NULL,
  `EXECUTION_ID_` varchar(64) CHARACTER SET utf8 COLLATE utf8_bin NULL DEFAULT NULL,
  `PROC_INST_ID_` varchar(64) CHARACTER SET utf8 COLLATE utf8_bin NULL DEFAULT NULL,
  `PROC_DEF_ID_` varchar(64) CHARACTER SET utf8 COLLATE utf8_bin NULL DEFAULT NULL,
  `NAME_` varchar(255) CHARACTER SET utf8 COLLATE utf8_bin NULL DEFAULT NULL,
  `PARENT_TASK_ID_` varchar(64) CHARACTER SET utf8 COLLATE utf8_bin NULL DEFAULT NULL,
  `DESCRIPTION_` varchar(4000) CHARACTER SET utf8 COLLATE utf8_bin NULL DEFAULT NULL,
  `TASK_DEF_KEY_` varchar(255) CHARACTER SET utf8 COLLATE utf8_bin NULL DEFAULT NULL,
  `OWNER_` varchar(255) CHARACTER SET utf8 COLLATE utf8_bin NULL DEFAULT NULL,
  `ASSIGNEE_` varchar(255) CHARACTER SET utf8 COLLATE utf8_bin NULL DEFAULT NULL,
  `DELEGATION_` varchar(64) CHARACTER SET utf8 COLLATE utf8_bin NULL DEFAULT NULL,
  `PRIORITY_` int(11) NULL DEFAULT NULL,
  `CREATE_TIME_` timestamp(3) NULL DEFAULT NULL,
  `DUE_DATE_` datetime(3) NULL DEFAULT NULL,
  `CATEGORY_` varchar(255) CHARACTER SET utf8 COLLATE utf8_bin NULL DEFAULT NULL,
  `SUSPENSION_STATE_` int(11) NULL DEFAULT NULL,
  `TENANT_ID_` varchar(255) CHARACTER SET utf8 COLLATE utf8_bin NULL DEFAULT '',
  `FORM_KEY_` varchar(255) CHARACTER SET utf8 COLLATE utf8_bin NULL DEFAULT NULL,
  PRIMARY KEY (`ID_`) USING BTREE,
  INDEX `ACT_IDX_TASK_CREATE`(`CREATE_TIME_`) USING BTREE,
  INDEX `ACT_FK_TASK_EXE`(`EXECUTION_ID_`) USING BTREE,
  INDEX `ACT_FK_TASK_PROCINST`(`PROC_INST_ID_`) USING BTREE,
  INDEX `ACT_FK_TASK_PROCDEF`(`PROC_DEF_ID_`) USING BTREE,
  CONSTRAINT `ACT_FK_TASK_EXE` FOREIGN KEY (`EXECUTION_ID_`) REFERENCES `act_ru_execution` (`ID_`) ON DELETE RESTRICT ON UPDATE RESTRICT,
  CONSTRAINT `ACT_FK_TASK_PROCDEF` FOREIGN KEY (`PROC_DEF_ID_`) REFERENCES `act_re_procdef` (`ID_`) ON DELETE RESTRICT ON UPDATE RESTRICT,
  CONSTRAINT `ACT_FK_TASK_PROCINST` FOREIGN KEY (`PROC_INST_ID_`) REFERENCES `act_ru_execution` (`ID_`) ON DELETE RESTRICT ON UPDATE RESTRICT
) ENGINE = InnoDB CHARACTER SET = utf8 COLLATE = utf8_bin ROW_FORMAT = Dynamic;

-- ----------------------------
-- Table structure for act_ru_variable
-- ----------------------------
DROP TABLE IF EXISTS `act_ru_variable`;
CREATE TABLE `act_ru_variable`  (
  `ID_` varchar(64) CHARACTER SET utf8 COLLATE utf8_bin NOT NULL,
  `REV_` int(11) NULL DEFAULT NULL,
  `TYPE_` varchar(255) CHARACTER SET utf8 COLLATE utf8_bin NOT NULL,
  `NAME_` varchar(255) CHARACTER SET utf8 COLLATE utf8_bin NOT NULL,
  `EXECUTION_ID_` varchar(64) CHARACTER SET utf8 COLLATE utf8_bin NULL DEFAULT NULL,
  `PROC_INST_ID_` varchar(64) CHARACTER SET utf8 COLLATE utf8_bin NULL DEFAULT NULL,
  `TASK_ID_` varchar(64) CHARACTER SET utf8 COLLATE utf8_bin NULL DEFAULT NULL,
  `BYTEARRAY_ID_` varchar(64) CHARACTER SET utf8 COLLATE utf8_bin NULL DEFAULT NULL,
  `DOUBLE_` double NULL DEFAULT NULL,
  `LONG_` bigint(20) NULL DEFAULT NULL,
  `TEXT_` varchar(4000) CHARACTER SET utf8 COLLATE utf8_bin NULL DEFAULT NULL,
  `TEXT2_` varchar(4000) CHARACTER SET utf8 COLLATE utf8_bin NULL DEFAULT NULL,
  PRIMARY KEY (`ID_`) USING BTREE,
  INDEX `ACT_IDX_VARIABLE_TASK_ID`(`TASK_ID_`) USING BTREE,
  INDEX `ACT_FK_VAR_EXE`(`EXECUTION_ID_`) USING BTREE,
  INDEX `ACT_FK_VAR_PROCINST`(`PROC_INST_ID_`) USING BTREE,
  INDEX `ACT_FK_VAR_BYTEARRAY`(`BYTEARRAY_ID_`) USING BTREE,
  CONSTRAINT `ACT_FK_VAR_BYTEARRAY` FOREIGN KEY (`BYTEARRAY_ID_`) REFERENCES `act_ge_bytearray` (`ID_`) ON DELETE RESTRICT ON UPDATE RESTRICT,
  CONSTRAINT `ACT_FK_VAR_EXE` FOREIGN KEY (`EXECUTION_ID_`) REFERENCES `act_ru_execution` (`ID_`) ON DELETE RESTRICT ON UPDATE RESTRICT,
  CONSTRAINT `ACT_FK_VAR_PROCINST` FOREIGN KEY (`PROC_INST_ID_`) REFERENCES `act_ru_execution` (`ID_`) ON DELETE RESTRICT ON UPDATE RESTRICT
) ENGINE = InnoDB CHARACTER SET = utf8 COLLATE = utf8_bin ROW_FORMAT = Dynamic;

-- ----------------------------
-- Table structure for cms_article
-- ----------------------------
DROP TABLE IF EXISTS `cms_article`;
CREATE TABLE `cms_article`  (
  `id` varchar(64) CHARACTER SET utf8 COLLATE utf8_general_ci NOT NULL COMMENT '',
  `category_id` varchar(64) CHARACTER SET utf8 COLLATE utf8_general_ci NOT NULL COMMENT '',
  `title` varchar(255) CHARACTER SET utf8 COLLATE utf8_general_ci NOT NULL COMMENT '',
  `link` varchar(255) CHARACTER SET utf8 COLLATE utf8_general_ci NULL DEFAULT NULL COMMENT '',
  `color` varchar(50) CHARACTER SET utf8 COLLATE utf8_general_ci NULL DEFAULT NULL COMMENT '',
  `image` varchar(255) CHARACTER SET utf8 COLLATE utf8_general_ci NULL DEFAULT NULL COMMENT '',
  `keywords` varchar(255) CHARACTER SET utf8 COLLATE utf8_general_ci NULL DEFAULT NULL COMMENT '',
  `description` varchar(255) CHARACTER SET utf8 COLLATE utf8_general_ci NULL DEFAULT NULL COMMENT '',
  `weight` int(11) NULL DEFAULT 0 COMMENT '',
  `weight_date` datetime(0) NULL DEFAULT NULL COMMENT '',
  `hits` int(11) NULL DEFAULT 0 COMMENT '',
  `posid` varchar(10) CHARACTER SET utf8 COLLATE utf8_general_ci NULL DEFAULT NULL COMMENT '',
  `custom_content_view` varchar(255) CHARACTER SET utf8 COLLATE utf8_general_ci NULL DEFAULT NULL COMMENT '',
  `view_config` text CHARACTER SET utf8 COLLATE utf8_general_ci NULL COMMENT '',
  `create_by` varchar(64) CHARACTER SET utf8 COLLATE utf8_general_ci NULL DEFAULT NULL COMMENT '',
  `create_date` datetime(0) NULL DEFAULT NULL COMMENT '',
  `update_by` varchar(64) CHARACTER SET utf8 COLLATE utf8_general_ci NULL DEFAULT NULL COMMENT '',
  `update_date` datetime(0) NULL DEFAULT NULL COMMENT '',
  `remarks` varchar(255) CHARACTER SET utf8 COLLATE utf8_general_ci NULL DEFAULT NULL COMMENT '',
  `del_flag` char(1) CHARACTER SET utf8 COLLATE utf8_general_ci NOT NULL DEFAULT '0' COMMENT '',
  PRIMARY KEY (`id`) USING BTREE,
  INDEX `cms_article_create_by`(`create_by`) USING BTREE,
  INDEX `cms_article_title`(`title`) USING BTREE,
  INDEX `cms_article_keywords`(`keywords`) USING BTREE,
  INDEX `cms_article_del_flag`(`del_flag`) USING BTREE,
  INDEX `cms_article_weight`(`weight`) USING BTREE,
  INDEX `cms_article_update_date`(`update_date`) USING BTREE,
  INDEX `cms_article_category_id`(`category_id`) USING BTREE
) ENGINE = InnoDB CHARACTER SET = utf8 COLLATE = utf8_general_ci COMMENT = '' ROW_FORMAT = Dynamic;

-- ----------------------------
-- Records of cms_article
-- ----------------------------
INSERT INTO `cms_article` VALUES ('1', '3', '', NULL, 'green', NULL, '1,2', NULL, 0, NULL, 0, NULL, NULL, NULL, '1', '2013-05-27 08:00:00', '1', '2013-05-27 08:00:00', NULL, '0');
INSERT INTO `cms_article` VALUES ('10', '4', '', NULL, NULL, NULL, '1,2', NULL, 0, NULL, 0, NULL, NULL, NULL, '1', '2013-05-27 08:00:00', '1', '2013-05-27 08:00:00', NULL, '0');
INSERT INTO `cms_article` VALUES ('11', '5', '', NULL, NULL, NULL, '1,2', NULL, 0, NULL, 0, NULL, NULL, NULL, '1', '2013-05-27 08:00:00', '1', '2013-05-27 08:00:00', NULL, '0');
INSERT INTO `cms_article` VALUES ('12', '5', '', NULL, NULL, NULL, '1,2', NULL, 0, NULL, 0, NULL, NULL, NULL, '1', '2013-05-27 08:00:00', '1', '2013-05-27 08:00:00', NULL, '0');
INSERT INTO `cms_article` VALUES ('13', '5', '', NULL, NULL, NULL, '1,2', NULL, 0, NULL, 0, NULL, NULL, NULL, '1', '2013-05-27 08:00:00', '1', '2013-05-27 08:00:00', NULL, '0');
INSERT INTO `cms_article` VALUES ('14', '7', '', NULL, NULL, NULL, '1,2', NULL, 0, NULL, 0, NULL, NULL, NULL, '1', '2013-05-27 08:00:00', '1', '2013-05-27 08:00:00', NULL, '0');
INSERT INTO `cms_article` VALUES ('15', '7', '', NULL, NULL, NULL, '1,2', NULL, 0, NULL, 0, NULL, NULL, NULL, '1', '2013-05-27 08:00:00', '1', '2013-05-27 08:00:00', NULL, '0');
INSERT INTO `cms_article` VALUES ('16', '7', '', NULL, NULL, NULL, '1,2', NULL, 0, NULL, 0, NULL, NULL, NULL, '1', '2013-05-27 08:00:00', '1', '2013-05-27 08:00:00', NULL, '0');
INSERT INTO `cms_article` VALUES ('17', '7', '', NULL, NULL, NULL, '1,2', NULL, 0, NULL, 0, NULL, NULL, NULL, '1', '2013-05-27 08:00:00', '1', '2013-05-27 08:00:00', NULL, '0');
INSERT INTO `cms_article` VALUES ('18', '8', '', NULL, NULL, NULL, '1,2', NULL, 0, NULL, 0, NULL, NULL, NULL, '1', '2013-05-27 08:00:00', '1', '2013-05-27 08:00:00', NULL, '0');
INSERT INTO `cms_article` VALUES ('19', '8', '', NULL, NULL, NULL, '1,2', NULL, 0, NULL, 0, NULL, NULL, NULL, '1', '2013-05-27 08:00:00', '1', '2013-05-27 08:00:00', NULL, '0');
INSERT INTO `cms_article` VALUES ('2', '3', '', NULL, 'red', NULL, '1,2', NULL, 0, NULL, 0, NULL, NULL, NULL, '1', '2013-05-27 08:00:00', '1', '2013-05-27 08:00:00', NULL, '0');
INSERT INTO `cms_article` VALUES ('20', '8', '', NULL, NULL, NULL, '1,2', NULL, 0, NULL, 0, NULL, NULL, NULL, '1', '2013-05-27 08:00:00', '1', '2013-05-27 08:00:00', NULL, '0');
INSERT INTO `cms_article` VALUES ('21', '8', '', NULL, NULL, NULL, '1,2', NULL, 0, NULL, 0, NULL, NULL, NULL, '1', '2013-05-27 08:00:00', '1', '2013-05-27 08:00:00', NULL, '0');
INSERT INTO `cms_article` VALUES ('22', '9', '', NULL, NULL, NULL, '1,2', NULL, 0, NULL, 0, NULL, NULL, NULL, '1', '2013-05-27 08:00:00', '1', '2013-05-27 08:00:00', NULL, '0');
INSERT INTO `cms_article` VALUES ('23', '9', '', NULL, NULL, NULL, '1,2', NULL, 0, NULL, 0, NULL, NULL, NULL, '1', '2013-05-27 08:00:00', '1', '2013-05-27 08:00:00', NULL, '0');
INSERT INTO `cms_article` VALUES ('24', '9', '', NULL, NULL, NULL, '1,2', NULL, 0, NULL, 0, NULL, NULL, NULL, '1', '2013-05-27 08:00:00', '1', '2013-05-27 08:00:00', NULL, '0');
INSERT INTO `cms_article` VALUES ('25', '9', '', NULL, NULL, NULL, '1,2', NULL, 0, NULL, 0, NULL, NULL, NULL, '1', '2013-05-27 08:00:00', '1', '2013-05-27 08:00:00', NULL, '0');
INSERT INTO `cms_article` VALUES ('26', '9', '', NULL, NULL, NULL, '1,2', NULL, 0, NULL, 0, NULL, NULL, NULL, '1', '2013-05-27 08:00:00', '1', '2013-05-27 08:00:00', NULL, '0');
INSERT INTO `cms_article` VALUES ('27', '11', '', NULL, NULL, NULL, '1,2', NULL, 0, NULL, 0, NULL, NULL, NULL, '1', '2013-05-27 08:00:00', '1', '2013-05-27 08:00:00', NULL, '0');
INSERT INTO `cms_article` VALUES ('28', '11', '', NULL, NULL, NULL, '1,2', NULL, 0, NULL, 0, NULL, NULL, NULL, '1', '2013-05-27 08:00:00', '1', '2013-05-27 08:00:00', NULL, '0');
INSERT INTO `cms_article` VALUES ('29', '11', '', NULL, NULL, NULL, '1,2', NULL, 0, NULL, 0, NULL, NULL, NULL, '1', '2013-05-27 08:00:00', '1', '2013-05-27 08:00:00', NULL, '0');
INSERT INTO `cms_article` VALUES ('3', '3', '', NULL, NULL, NULL, '1,2', NULL, 0, NULL, 0, NULL, NULL, NULL, '1', '2013-05-27 08:00:00', '1', '2013-05-27 08:00:00', NULL, '0');
INSERT INTO `cms_article` VALUES ('30', '11', '', NULL, NULL, NULL, '1,2', NULL, 0, NULL, 0, NULL, NULL, NULL, '1', '2013-05-27 08:00:00', '1', '2013-05-27 08:00:00', NULL, '0');
INSERT INTO `cms_article` VALUES ('31', '11', '', NULL, NULL, NULL, '1,2', NULL, 0, NULL, 0, NULL, NULL, NULL, '1', '2013-05-27 08:00:00', '1', '2013-05-27 08:00:00', NULL, '0');
INSERT INTO `cms_article` VALUES ('32', '12', '', NULL, NULL, NULL, '1,2', NULL, 0, NULL, 0, NULL, NULL, NULL, '1', '2013-05-27 08:00:00', '1', '2013-05-27 08:00:00', NULL, '0');
INSERT INTO `cms_article` VALUES ('33', '12', '', NULL, NULL, NULL, '1,2', NULL, 0, NULL, 0, NULL, NULL, NULL, '1', '2013-05-27 08:00:00', '1', '2013-05-27 08:00:00', NULL, '0');
INSERT INTO `cms_article` VALUES ('34', '12', '', NULL, NULL, NULL, '1,2', NULL, 0, NULL, 0, NULL, NULL, NULL, '1', '2013-05-27 08:00:00', '1', '2013-05-27 08:00:00', NULL, '0');
INSERT INTO `cms_article` VALUES ('35', '12', '', NULL, NULL, NULL, '1,2', NULL, 0, NULL, 0, NULL, NULL, NULL, '1', '2013-05-27 08:00:00', '1', '2013-05-27 08:00:00', NULL, '0');
INSERT INTO `cms_article` VALUES ('36', '12', '', NULL, NULL, NULL, '1,2', NULL, 0, NULL, 0, NULL, NULL, NULL, '1', '2013-05-27 08:00:00', '1', '2013-05-27 08:00:00', NULL, '0');
INSERT INTO `cms_article` VALUES ('37', '13', '', NULL, NULL, NULL, '1,2', NULL, 0, NULL, 0, NULL, NULL, NULL, '1', '2013-05-27 08:00:00', '1', '2013-05-27 08:00:00', NULL, '0');
INSERT INTO `cms_article` VALUES ('38', '13', '', NULL, NULL, NULL, '1,2', NULL, 0, NULL, 0, NULL, NULL, NULL, '1', '2013-05-27 08:00:00', '1', '2013-05-27 08:00:00', NULL, '0');
INSERT INTO `cms_article` VALUES ('39', '13', '', NULL, NULL, NULL, '1,2', NULL, 0, NULL, 0, NULL, NULL, NULL, '1', '2013-05-27 08:00:00', '1', '2013-05-27 08:00:00', NULL, '0');
INSERT INTO `cms_article` VALUES ('4', '3', '', NULL, 'green', NULL, '1,2', NULL, 0, NULL, 0, NULL, NULL, NULL, '1', '2013-05-27 08:00:00', '1', '2013-05-27 08:00:00', NULL, '0');
INSERT INTO `cms_article` VALUES ('40', '13', '', NULL, NULL, NULL, '1,2', NULL, 0, NULL, 0, NULL, NULL, NULL, '1', '2013-05-27 08:00:00', '1', '2013-05-27 08:00:00', NULL, '0');
INSERT INTO `cms_article` VALUES ('41', '14', '', NULL, NULL, NULL, '1,2', NULL, 0, NULL, 0, NULL, NULL, NULL, '1', '2013-05-27 08:00:00', '1', '2013-05-27 08:00:00', NULL, '0');
INSERT INTO `cms_article` VALUES ('42', '14', '', NULL, NULL, NULL, '1,2', NULL, 0, NULL, 0, NULL, NULL, NULL, '1', '2013-05-27 08:00:00', '1', '2013-05-27 08:00:00', NULL, '0');
INSERT INTO `cms_article` VALUES ('43', '14', '', NULL, NULL, NULL, '1,2', NULL, 0, NULL, 0, NULL, NULL, NULL, '1', '2013-05-27 08:00:00', '1', '2013-05-27 08:00:00', NULL, '0');
INSERT INTO `cms_article` VALUES ('44', '14', '', NULL, NULL, NULL, '1,2', NULL, 0, NULL, 0, NULL, NULL, NULL, '1', '2013-05-27 08:00:00', '1', '2013-05-27 08:00:00', NULL, '0');
INSERT INTO `cms_article` VALUES ('45', '14', '', NULL, NULL, NULL, '1,2', NULL, 0, NULL, 0, NULL, NULL, NULL, '1', '2013-05-27 08:00:00', '1', '2013-05-27 08:00:00', NULL, '0');
INSERT INTO `cms_article` VALUES ('46', '15', '', NULL, NULL, NULL, '1,2', NULL, 0, NULL, 0, NULL, NULL, NULL, '1', '2013-05-27 08:00:00', '1', '2013-05-27 08:00:00', NULL, '0');
INSERT INTO `cms_article` VALUES ('47', '15', '', NULL, NULL, NULL, '1,2', NULL, 0, NULL, 0, NULL, NULL, NULL, '1', '2013-05-27 08:00:00', '1', '2013-05-27 08:00:00', NULL, '0');
INSERT INTO `cms_article` VALUES ('48', '15', '', NULL, NULL, NULL, '1,2', NULL, 0, NULL, 0, NULL, NULL, NULL, '1', '2013-05-27 08:00:00', '1', '2013-05-27 08:00:00', NULL, '0');
INSERT INTO `cms_article` VALUES ('49', '16', '', NULL, NULL, NULL, '1,2', NULL, 0, NULL, 0, NULL, NULL, NULL, '1', '2013-05-27 08:00:00', '1', '2013-05-27 08:00:00', NULL, '0');
INSERT INTO `cms_article` VALUES ('5', '3', '', NULL, NULL, NULL, '1,2', NULL, 0, NULL, 0, NULL, NULL, NULL, '1', '2013-05-27 08:00:00', '1', '2013-05-27 08:00:00', NULL, '0');
INSERT INTO `cms_article` VALUES ('50', '17', '', NULL, NULL, NULL, '1,2', NULL, 0, NULL, 0, NULL, NULL, NULL, '1', '2013-05-27 08:00:00', '1', '2013-05-27 08:00:00', NULL, '0');
INSERT INTO `cms_article` VALUES ('51', '17', '', NULL, NULL, NULL, '1,2', NULL, 0, NULL, 0, NULL, NULL, NULL, '1', '2013-05-27 08:00:00', '1', '2013-05-27 08:00:00', NULL, '0');
INSERT INTO `cms_article` VALUES ('52', '26', '', NULL, NULL, NULL, '1,2', NULL, 0, NULL, 0, NULL, NULL, NULL, '1', '2013-05-27 08:00:00', '1', '2013-05-27 08:00:00', NULL, '0');
INSERT INTO `cms_article` VALUES ('53', '26', '', NULL, NULL, NULL, '1,2', NULL, 0, NULL, 0, NULL, NULL, NULL, '1', '2013-05-27 08:00:00', '1', '2013-05-27 08:00:00', NULL, '0');
INSERT INTO `cms_article` VALUES ('6', '3', '', NULL, NULL, NULL, '1,2', NULL, 0, NULL, 0, NULL, NULL, NULL, '1', '2013-05-27 08:00:00', '1', '2013-05-27 08:00:00', NULL, '0');
INSERT INTO `cms_article` VALUES ('7', '4', '', NULL, NULL, NULL, '1,2', NULL, 0, NULL, 0, NULL, NULL, NULL, '1', '2013-05-27 08:00:00', '1', '2013-05-27 08:00:00', NULL, '0');
INSERT INTO `cms_article` VALUES ('8', '4', '', NULL, 'blue', NULL, '1,2', NULL, 0, NULL, 0, NULL, NULL, NULL, '1', '2013-05-27 08:00:00', '1', '2013-05-27 08:00:00', NULL, '0');
INSERT INTO `cms_article` VALUES ('9', '4', '', NULL, NULL, NULL, '1,2', NULL, 0, NULL, 0, NULL, NULL, NULL, '1', '2013-05-27 08:00:00', '1', '2013-05-27 08:00:00', NULL, '0');

-- ----------------------------
-- Table structure for cms_article_data
-- ----------------------------
DROP TABLE IF EXISTS `cms_article_data`;
CREATE TABLE `cms_article_data`  (
  `id` varchar(64) CHARACTER SET utf8 COLLATE utf8_general_ci NOT NULL COMMENT '',
  `content` text CHARACTER SET utf8 COLLATE utf8_general_ci NULL COMMENT '',
  `copyfrom` varchar(255) CHARACTER SET utf8 COLLATE utf8_general_ci NULL DEFAULT NULL COMMENT '',
  `relation` varchar(255) CHARACTER SET utf8 COLLATE utf8_general_ci NULL DEFAULT NULL COMMENT '',
  `allow_comment` char(1) CHARACTER SET utf8 COLLATE utf8_general_ci NULL DEFAULT NULL COMMENT '',
  PRIMARY KEY (`id`) USING BTREE
) ENGINE = InnoDB CHARACTER SET = utf8 COLLATE = utf8_general_ci COMMENT = '' ROW_FORMAT = Dynamic;

-- ----------------------------
-- Records of cms_article_data
-- ----------------------------
INSERT INTO `cms_article_data` VALUES ('1', '', '', '1,2,3', '1');
INSERT INTO `cms_article_data` VALUES ('10', '', '', '1,2,3', '1');
INSERT INTO `cms_article_data` VALUES ('11', '', '', '1,2,3', '1');
INSERT INTO `cms_article_data` VALUES ('12', '', '', '1,2,3', '1');
INSERT INTO `cms_article_data` VALUES ('13', '', '', '1,2,3', '1');
INSERT INTO `cms_article_data` VALUES ('14', '', '', '1,2,3', '1');
INSERT INTO `cms_article_data` VALUES ('15', '', '', '1,2,3', '1');
INSERT INTO `cms_article_data` VALUES ('16', '', '', '1,2,3', '1');
INSERT INTO `cms_article_data` VALUES ('17', '', '', '1,2,3', '1');
INSERT INTO `cms_article_data` VALUES ('18', '', '', '1,2,3', '1');
INSERT INTO `cms_article_data` VALUES ('19', '', '', '1,2,3', '1');
INSERT INTO `cms_article_data` VALUES ('2', '', '', '1,2,3', '1');
INSERT INTO `cms_article_data` VALUES ('20', '', '', '1,2,3', '1');
INSERT INTO `cms_article_data` VALUES ('21', '', '', '1,2,3', '1');
INSERT INTO `cms_article_data` VALUES ('22', '', '', '1,2,3', '1');
INSERT INTO `cms_article_data` VALUES ('23', '', '', '1,2,3', '1');
INSERT INTO `cms_article_data` VALUES ('24', '', '', '1,2,3', '1');
INSERT INTO `cms_article_data` VALUES ('25', '', '', '1,2,3', '1');
INSERT INTO `cms_article_data` VALUES ('26', '', '', '1,2,3', '1');
INSERT INTO `cms_article_data` VALUES ('27', '', '', '1,2,3', '1');
INSERT INTO `cms_article_data` VALUES ('28', '', '', '1,2,3', '1');
INSERT INTO `cms_article_data` VALUES ('29', '', '', '1,2,3', '1');
INSERT INTO `cms_article_data` VALUES ('3', '', '', '1,2,3', '1');
INSERT INTO `cms_article_data` VALUES ('30', '', '', '1,2,3', '1');
INSERT INTO `cms_article_data` VALUES ('31', '', '', '1,2,3', '1');
INSERT INTO `cms_article_data` VALUES ('32', '', '', '1,2,3', '1');
INSERT INTO `cms_article_data` VALUES ('33', '', '', '1,2,3', '1');
INSERT INTO `cms_article_data` VALUES ('34', '', '', '1,2,3', '1');
INSERT INTO `cms_article_data` VALUES ('35', '', '', '1,2,3', '1');
INSERT INTO `cms_article_data` VALUES ('36', '', '', '1,2,3', '1');
INSERT INTO `cms_article_data` VALUES ('37', '', '', '1,2,3', '1');
INSERT INTO `cms_article_data` VALUES ('38', '', '', '1,2,3', '1');
INSERT INTO `cms_article_data` VALUES ('39', '', '', '1,2,3', '1');
INSERT INTO `cms_article_data` VALUES ('4', '', '', '1,2,3', '1');
INSERT INTO `cms_article_data` VALUES ('40', '', '', '1,2,3', '1');
INSERT INTO `cms_article_data` VALUES ('41', '', '', '1,2,3', '1');
INSERT INTO `cms_article_data` VALUES ('42', '', '', '1,2,3', '1');
INSERT INTO `cms_article_data` VALUES ('43', '', '', '1,2,3', '1');
INSERT INTO `cms_article_data` VALUES ('44', '', '', '1,2,3', '1');
INSERT INTO `cms_article_data` VALUES ('45', '', '', '1,2,3', '1');
INSERT INTO `cms_article_data` VALUES ('46', '', '', '1,2,3', '1');
INSERT INTO `cms_article_data` VALUES ('47', '', '', '1,2,3', '1');
INSERT INTO `cms_article_data` VALUES ('48', '', '', '1,2,3', '1');
INSERT INTO `cms_article_data` VALUES ('49', '', '', '1,2,3', '1');
INSERT INTO `cms_article_data` VALUES ('5', '', '', '1,2,3', '1');
INSERT INTO `cms_article_data` VALUES ('50', '', '', '1,2,3', '1');
INSERT INTO `cms_article_data` VALUES ('51', '', '', '1,2,3', '1');
INSERT INTO `cms_article_data` VALUES ('52', '', '', '1,2,3', '1');
INSERT INTO `cms_article_data` VALUES ('53', '', '', '1,2,3', '1');
INSERT INTO `cms_article_data` VALUES ('6', '', '', '1,2,3', '1');
INSERT INTO `cms_article_data` VALUES ('7', '', '', '1,2,3', '1');
INSERT INTO `cms_article_data` VALUES ('8', '', '', '1,2,3', '1');
INSERT INTO `cms_article_data` VALUES ('9', '', '', '1,2,3', '1');

-- ----------------------------
-- Table structure for cms_category
-- ----------------------------
DROP TABLE IF EXISTS `cms_category`;
CREATE TABLE `cms_category`  (
  `id` varchar(64) CHARACTER SET utf8 COLLATE utf8_general_ci NOT NULL COMMENT '',
  `parent_id` varchar(64) CHARACTER SET utf8 COLLATE utf8_general_ci NOT NULL COMMENT '',
  `parent_ids` varchar(2000) CHARACTER SET utf8 COLLATE utf8_general_ci NOT NULL COMMENT '',
  `site_id` varchar(64) CHARACTER SET utf8 COLLATE utf8_general_ci NULL DEFAULT '1' COMMENT '',
  `office_id` varchar(64) CHARACTER SET utf8 COLLATE utf8_general_ci NULL DEFAULT NULL COMMENT '',
  `module` varchar(20) CHARACTER SET utf8 COLLATE utf8_general_ci NULL DEFAULT NULL COMMENT '',
  `name` varchar(100) CHARACTER SET utf8 COLLATE utf8_general_ci NOT NULL COMMENT '',
  `image` varchar(255) CHARACTER SET utf8 COLLATE utf8_general_ci NULL DEFAULT NULL COMMENT '',
  `href` varchar(255) CHARACTER SET utf8 COLLATE utf8_general_ci NULL DEFAULT NULL COMMENT '',
  `target` varchar(20) CHARACTER SET utf8 COLLATE utf8_general_ci NULL DEFAULT NULL COMMENT '',
  `description` varchar(255) CHARACTER SET utf8 COLLATE utf8_general_ci NULL DEFAULT NULL COMMENT '',
  `keywords` varchar(255) CHARACTER SET utf8 COLLATE utf8_general_ci NULL DEFAULT NULL COMMENT '',
  `sort` int(11) NULL DEFAULT 30 COMMENT '',
  `in_menu` char(1) CHARACTER SET utf8 COLLATE utf8_general_ci NULL DEFAULT '1' COMMENT '',
  `in_list` char(1) CHARACTER SET utf8 COLLATE utf8_general_ci NULL DEFAULT '1' COMMENT '',
  `show_modes` char(1) CHARACTER SET utf8 COLLATE utf8_general_ci NULL DEFAULT '0' COMMENT '',
  `allow_comment` char(1) CHARACTER SET utf8 COLLATE utf8_general_ci NULL DEFAULT NULL COMMENT '',
  `is_audit` char(1) CHARACTER SET utf8 COLLATE utf8_general_ci NULL DEFAULT NULL COMMENT '',
  `custom_list_view` varchar(255) CHARACTER SET utf8 COLLATE utf8_general_ci NULL DEFAULT NULL COMMENT '',
  `custom_content_view` varchar(255) CHARACTER SET utf8 COLLATE utf8_general_ci NULL DEFAULT NULL COMMENT '',
  `view_config` text CHARACTER SET utf8 COLLATE utf8_general_ci NULL COMMENT '',
  `create_by` varchar(64) CHARACTER SET utf8 COLLATE utf8_general_ci NULL DEFAULT NULL COMMENT '',
  `create_date` datetime(0) NULL DEFAULT NULL COMMENT '',
  `update_by` varchar(64) CHARACTER SET utf8 COLLATE utf8_general_ci NULL DEFAULT NULL COMMENT '',
  `update_date` datetime(0) NULL DEFAULT NULL COMMENT '',
  `remarks` varchar(255) CHARACTER SET utf8 COLLATE utf8_general_ci NULL DEFAULT NULL COMMENT '',
  `del_flag` char(1) CHARACTER SET utf8 COLLATE utf8_general_ci NOT NULL DEFAULT '0' COMMENT '',
  PRIMARY KEY (`id`) USING BTREE,
  INDEX `cms_category_parent_id`(`parent_id`) USING BTREE,
  INDEX `cms_category_module`(`module`) USING BTREE,
  INDEX `cms_category_name`(`name`) USING BTREE,
  INDEX `cms_category_sort`(`sort`) USING BTREE,
  INDEX `cms_category_del_flag`(`del_flag`) USING BTREE,
  INDEX `cms_category_office_id`(`office_id`) USING BTREE,
  INDEX `cms_category_site_id`(`site_id`) USING BTREE
) ENGINE = InnoDB CHARACTER SET = utf8 COLLATE = utf8_general_ci COMMENT = '' ROW_FORMAT = Dynamic;

-- ----------------------------
-- Records of cms_category
-- ----------------------------
INSERT INTO `cms_category` VALUES ('1', '0', '0,', '0', '1', NULL, '', NULL, NULL, NULL, NULL, NULL, 0, '1', '1', '0', '0', '1', NULL, NULL, NULL, '1', '2013-05-27 08:00:00', '1', '2013-05-27 08:00:00', NULL, '0');
INSERT INTO `cms_category` VALUES ('10', '1', '0,1,', '1', '4', 'article', '', NULL, NULL, NULL, NULL, NULL, 20, '1', '1', '0', '1', '0', NULL, NULL, NULL, '1', '2013-05-27 08:00:00', '1', '2013-05-27 08:00:00', NULL, '0');
INSERT INTO `cms_category` VALUES ('11', '10', '0,1,10,', '1', '4', 'article', '', NULL, NULL, NULL, NULL, NULL, 30, '1', '1', '0', '1', '0', NULL, NULL, NULL, '1', '2013-05-27 08:00:00', '1', '2013-05-27 08:00:00', NULL, '0');
INSERT INTO `cms_category` VALUES ('12', '10', '0,1,10,', '1', '4', 'article', '', NULL, NULL, NULL, NULL, NULL, 40, '1', '1', '0', '1', '0', NULL, NULL, NULL, '1', '2013-05-27 08:00:00', '1', '2013-05-27 08:00:00', NULL, '0');
INSERT INTO `cms_category` VALUES ('13', '10', '0,1,10,', '1', '4', 'article', '', NULL, NULL, NULL, NULL, NULL, 50, '1', '1', '0', '1', '0', NULL, NULL, NULL, '1', '2013-05-27 08:00:00', '1', '2013-05-27 08:00:00', NULL, '0');
INSERT INTO `cms_category` VALUES ('14', '10', '0,1,10,', '1', '4', 'article', '', NULL, NULL, NULL, NULL, NULL, 50, '1', '1', '0', '1', '0', NULL, NULL, NULL, '1', '2013-05-27 08:00:00', '1', '2013-05-27 08:00:00', NULL, '0');
INSERT INTO `cms_category` VALUES ('15', '10', '0,1,10,', '1', '4', 'article', '', NULL, NULL, NULL, NULL, NULL, 50, '1', '1', '0', '1', '0', NULL, NULL, NULL, '1', '2013-05-27 08:00:00', '1', '2013-05-27 08:00:00', NULL, '0');
INSERT INTO `cms_category` VALUES ('16', '10', '0,1,10,', '1', '4', 'article', '', NULL, NULL, NULL, NULL, NULL, 50, '1', '1', '0', '1', '0', NULL, NULL, NULL, '1', '2013-05-27 08:00:00', '1', '2013-05-27 08:00:00', NULL, '0');
INSERT INTO `cms_category` VALUES ('17', '10', '0,1,10,', '1', '4', 'article', '', NULL, NULL, NULL, NULL, NULL, 50, '1', '1', '2', '1', '0', NULL, NULL, NULL, '1', '2013-05-27 08:00:00', '1', '2013-05-27 08:00:00', NULL, '0');
INSERT INTO `cms_category` VALUES ('18', '1', '0,1,', '1', '5', 'link', '', NULL, NULL, NULL, NULL, NULL, 90, '1', '1', '0', '1', '0', NULL, NULL, NULL, '1', '2013-05-27 08:00:00', '1', '2013-05-27 08:00:00', NULL, '0');
INSERT INTO `cms_category` VALUES ('19', '18', '0,1,18,', '1', '5', 'link', '', NULL, NULL, NULL, NULL, NULL, 50, '1', '1', '0', '1', '0', NULL, NULL, NULL, '1', '2013-05-27 08:00:00', '1', '2013-05-27 08:00:00', NULL, '0');
INSERT INTO `cms_category` VALUES ('2', '1', '0,1,', '1', '3', 'article', '', NULL, NULL, NULL, NULL, NULL, 10, '1', '1', '0', '0', '1', NULL, NULL, NULL, '1', '2013-05-27 08:00:00', '1', '2013-05-27 08:00:00', NULL, '0');
INSERT INTO `cms_category` VALUES ('20', '18', '0,1,18,', '1', '5', 'link', '', NULL, NULL, NULL, NULL, NULL, 50, '1', '1', '0', '1', '0', NULL, NULL, NULL, '1', '2013-05-27 08:00:00', '1', '2013-05-27 08:00:00', NULL, '0');
INSERT INTO `cms_category` VALUES ('21', '18', '0,1,18,', '1', '5', 'link', '', NULL, NULL, NULL, NULL, NULL, 50, '1', '1', '0', '1', '0', NULL, NULL, NULL, '1', '2013-05-27 08:00:00', '1', '2013-05-27 08:00:00', NULL, '0');
INSERT INTO `cms_category` VALUES ('22', '18', '0,1,18,', '1', '5', 'link', '', NULL, NULL, NULL, NULL, NULL, 50, '1', '1', '0', '1', '0', NULL, NULL, NULL, '1', '2013-05-27 08:00:00', '1', '2013-05-27 08:00:00', NULL, '0');
INSERT INTO `cms_category` VALUES ('23', '18', '0,1,18,', '1', '5', 'link', '', NULL, NULL, NULL, NULL, NULL, 50, '1', '1', '0', '1', '0', NULL, NULL, NULL, '1', '2013-05-27 08:00:00', '1', '2013-05-27 08:00:00', NULL, '0');
INSERT INTO `cms_category` VALUES ('24', '1', '0,1,', '1', '6', NULL, '', NULL, 'http://www.baidu.com', '_blank', NULL, NULL, 90, '1', '1', '0', '1', '0', NULL, NULL, NULL, '1', '2013-05-27 08:00:00', '1', '2013-05-27 08:00:00', NULL, '0');
INSERT INTO `cms_category` VALUES ('25', '1', '0,1,', '1', '6', NULL, '', NULL, '/search', NULL, NULL, NULL, 90, '0', '1', '0', '1', '0', NULL, NULL, NULL, '1', '2013-05-27 08:00:00', '1', '2013-05-27 08:00:00', NULL, '0');
INSERT INTO `cms_category` VALUES ('26', '1', '0,1,', '2', '6', 'article', '', NULL, NULL, NULL, NULL, NULL, 90, '1', '1', '0', '1', '0', NULL, NULL, NULL, '1', '2013-05-27 08:00:00', '1', '2013-05-27 08:00:00', NULL, '0');
INSERT INTO `cms_category` VALUES ('27', '1', '0,1,', '1', '6', NULL, '', NULL, '/guestbook', NULL, NULL, NULL, 90, '1', '1', '0', '1', '0', NULL, NULL, NULL, '1', '2013-05-27 08:00:00', '1', '2013-05-27 08:00:00', NULL, '0');
INSERT INTO `cms_category` VALUES ('3', '2', '0,1,2,', '1', '3', 'article', '', NULL, NULL, NULL, NULL, NULL, 30, '1', '1', '0', '0', '1', NULL, NULL, NULL, '1', '2013-05-27 08:00:00', '1', '2013-05-27 08:00:00', NULL, '0');
INSERT INTO `cms_category` VALUES ('4', '2', '0,1,2,', '1', '3', 'article', '', NULL, NULL, NULL, NULL, NULL, 40, '1', '1', '0', '0', '1', NULL, NULL, NULL, '1', '2013-05-27 08:00:00', '1', '2013-05-27 08:00:00', NULL, '0');
INSERT INTO `cms_category` VALUES ('5', '2', '0,1,2,', '1', '3', 'article', '', NULL, NULL, NULL, NULL, NULL, 50, '1', '1', '0', '0', '1', NULL, NULL, NULL, '1', '2013-05-27 08:00:00', '1', '2013-05-27 08:00:00', NULL, '0');
INSERT INTO `cms_category` VALUES ('6', '1', '0,1,', '1', '3', 'article', '', NULL, NULL, NULL, NULL, NULL, 20, '1', '1', '1', '1', '0', NULL, NULL, NULL, '1', '2013-05-27 08:00:00', '1', '2013-05-27 08:00:00', NULL, '0');
INSERT INTO `cms_category` VALUES ('7', '6', '0,1,6,', '1', '3', 'article', '', NULL, NULL, NULL, NULL, NULL, 30, '1', '1', '0', '1', '0', NULL, NULL, NULL, '1', '2013-05-27 08:00:00', '1', '2013-05-27 08:00:00', NULL, '0');
INSERT INTO `cms_category` VALUES ('8', '6', '0,1,6,', '1', '3', 'article', '', NULL, NULL, NULL, NULL, NULL, 40, '1', '1', '0', '1', '0', NULL, NULL, NULL, '1', '2013-05-27 08:00:00', '1', '2013-05-27 08:00:00', NULL, '0');
INSERT INTO `cms_category` VALUES ('9', '6', '0,1,6,', '1', '3', 'article', '', NULL, NULL, NULL, NULL, NULL, 50, '1', '1', '0', '1', '0', NULL, NULL, NULL, '1', '2013-05-27 08:00:00', '1', '2013-05-27 08:00:00', NULL, '0');

-- ----------------------------
-- Table structure for cms_comment
-- ----------------------------
DROP TABLE IF EXISTS `cms_comment`;
CREATE TABLE `cms_comment`  (
  `id` varchar(64) CHARACTER SET utf8 COLLATE utf8_general_ci NOT NULL COMMENT '',
  `category_id` varchar(64) CHARACTER SET utf8 COLLATE utf8_general_ci NOT NULL COMMENT '',
  `content_id` varchar(64) CHARACTER SET utf8 COLLATE utf8_general_ci NOT NULL COMMENT '',
  `title` varchar(255) CHARACTER SET utf8 COLLATE utf8_general_ci NULL DEFAULT NULL COMMENT '',
  `content` varchar(255) CHARACTER SET utf8 COLLATE utf8_general_ci NULL DEFAULT NULL COMMENT '',
  `name` varchar(100) CHARACTER SET utf8 COLLATE utf8_general_ci NULL DEFAULT NULL COMMENT '',
  `ip` varchar(100) CHARACTER SET utf8 COLLATE utf8_general_ci NULL DEFAULT NULL COMMENT 'IP',
  `create_date` datetime(0) NOT NULL COMMENT '',
  `audit_user_id` varchar(64) CHARACTER SET utf8 COLLATE utf8_general_ci NULL DEFAULT NULL COMMENT '',
  `audit_date` datetime(0) NULL DEFAULT NULL COMMENT '',
  `del_flag` char(1) CHARACTER SET utf8 COLLATE utf8_general_ci NOT NULL DEFAULT '0' COMMENT '',
  PRIMARY KEY (`id`) USING BTREE,
  INDEX `cms_comment_category_id`(`category_id`) USING BTREE,
  INDEX `cms_comment_content_id`(`content_id`) USING BTREE,
  INDEX `cms_comment_status`(`del_flag`) USING BTREE
) ENGINE = InnoDB CHARACTER SET = utf8 COLLATE = utf8_general_ci COMMENT = '' ROW_FORMAT = Dynamic;

-- ----------------------------
-- Table structure for cms_guestbook
-- ----------------------------
DROP TABLE IF EXISTS `cms_guestbook`;
CREATE TABLE `cms_guestbook`  (
  `id` varchar(64) CHARACTER SET utf8 COLLATE utf8_general_ci NOT NULL COMMENT '',
  `type` char(1) CHARACTER SET utf8 COLLATE utf8_general_ci NOT NULL COMMENT '',
  `content` varchar(255) CHARACTER SET utf8 COLLATE utf8_general_ci NOT NULL COMMENT '',
  `name` varchar(100) CHARACTER SET utf8 COLLATE utf8_general_ci NOT NULL COMMENT '',
  `email` varchar(100) CHARACTER SET utf8 COLLATE utf8_general_ci NOT NULL COMMENT '',
  `phone` varchar(100) CHARACTER SET utf8 COLLATE utf8_general_ci NOT NULL COMMENT '',
  `workunit` varchar(100) CHARACTER SET utf8 COLLATE utf8_general_ci NOT NULL COMMENT '',
  `ip` varchar(100) CHARACTER SET utf8 COLLATE utf8_general_ci NOT NULL COMMENT 'IP',
  `create_date` datetime(0) NOT NULL COMMENT '',
  `re_user_id` varchar(64) CHARACTER SET utf8 COLLATE utf8_general_ci NULL DEFAULT NULL COMMENT '',
  `re_date` datetime(0) NULL DEFAULT NULL COMMENT '',
  `re_content` varchar(100) CHARACTER SET utf8 COLLATE utf8_general_ci NULL DEFAULT NULL COMMENT '',
  `del_flag` char(1) CHARACTER SET utf8 COLLATE utf8_general_ci NOT NULL DEFAULT '0' COMMENT '',
  PRIMARY KEY (`id`) USING BTREE,
  INDEX `cms_guestbook_del_flag`(`del_flag`) USING BTREE
) ENGINE = InnoDB CHARACTER SET = utf8 COLLATE = utf8_general_ci COMMENT = '' ROW_FORMAT = Dynamic;

-- ----------------------------
-- Table structure for cms_link
-- ----------------------------
DROP TABLE IF EXISTS `cms_link`;
CREATE TABLE `cms_link`  (
  `id` varchar(64) CHARACTER SET utf8 COLLATE utf8_general_ci NOT NULL COMMENT '',
  `category_id` varchar(64) CHARACTER SET utf8 COLLATE utf8_general_ci NOT NULL COMMENT '',
  `title` varchar(255) CHARACTER SET utf8 COLLATE utf8_general_ci NOT NULL COMMENT '',
  `color` varchar(50) CHARACTER SET utf8 COLLATE utf8_general_ci NULL DEFAULT NULL COMMENT '',
  `image` varchar(255) CHARACTER SET utf8 COLLATE utf8_general_ci NULL DEFAULT NULL COMMENT '',
  `href` varchar(255) CHARACTER SET utf8 COLLATE utf8_general_ci NULL DEFAULT NULL COMMENT '',
  `weight` int(11) NULL DEFAULT 0 COMMENT '',
  `weight_date` datetime(0) NULL DEFAULT NULL COMMENT '',
  `create_by` varchar(64) CHARACTER SET utf8 COLLATE utf8_general_ci NULL DEFAULT NULL COMMENT '',
  `create_date` datetime(0) NULL DEFAULT NULL COMMENT '',
  `update_by` varchar(64) CHARACTER SET utf8 COLLATE utf8_general_ci NULL DEFAULT NULL COMMENT '',
  `update_date` datetime(0) NULL DEFAULT NULL COMMENT '',
  `remarks` varchar(255) CHARACTER SET utf8 COLLATE utf8_general_ci NULL DEFAULT NULL COMMENT '',
  `del_flag` char(1) CHARACTER SET utf8 COLLATE utf8_general_ci NOT NULL DEFAULT '0' COMMENT '',
  PRIMARY KEY (`id`) USING BTREE,
  INDEX `cms_link_category_id`(`category_id`) USING BTREE,
  INDEX `cms_link_title`(`title`) USING BTREE,
  INDEX `cms_link_del_flag`(`del_flag`) USING BTREE,
  INDEX `cms_link_weight`(`weight`) USING BTREE,
  INDEX `cms_link_create_by`(`create_by`) USING BTREE,
  INDEX `cms_link_update_date`(`update_date`) USING BTREE
) ENGINE = InnoDB CHARACTER SET = utf8 COLLATE = utf8_general_ci COMMENT = '' ROW_FORMAT = Dynamic;

-- ----------------------------
-- Records of cms_link
-- ----------------------------
INSERT INTO `cms_link` VALUES ('1', '19', 'JeeSite', NULL, NULL, 'http://thinkgem.github.com/jeesite', 0, NULL, '1', '2013-05-27 08:00:00', '1', '2013-05-27 08:00:00', NULL, '0');
INSERT INTO `cms_link` VALUES ('10', '22', '58', NULL, NULL, 'http://www.58.com/', 0, NULL, '1', '2013-05-27 08:00:00', '1', '2013-05-27 08:00:00', NULL, '0');
INSERT INTO `cms_link` VALUES ('11', '23', '', NULL, NULL, 'http://v.360.cn/', 0, NULL, '1', '2013-05-27 08:00:00', '1', '2013-05-27 08:00:00', NULL, '0');
INSERT INTO `cms_link` VALUES ('12', '23', '', NULL, NULL, 'http://www.ifeng.com/', 0, NULL, '1', '2013-05-27 08:00:00', '1', '2013-05-27 08:00:00', NULL, '0');
INSERT INTO `cms_link` VALUES ('2', '19', 'ThinkGem', NULL, NULL, 'http://thinkgem.iteye.com/', 0, NULL, '1', '2013-05-27 08:00:00', '1', '2013-05-27 08:00:00', NULL, '0');
INSERT INTO `cms_link` VALUES ('3', '19', '', NULL, NULL, 'http://www.baidu.com', 0, NULL, '1', '2013-05-27 08:00:00', '1', '2013-05-27 08:00:00', NULL, '0');
INSERT INTO `cms_link` VALUES ('4', '19', '', NULL, NULL, 'http://www.google.com', 0, NULL, '1', '2013-05-27 08:00:00', '1', '2013-05-27 08:00:00', NULL, '0');
INSERT INTO `cms_link` VALUES ('5', '20', '', NULL, NULL, 'http://www.sina.com.cn', 0, NULL, '1', '2013-05-27 08:00:00', '1', '2013-05-27 08:00:00', NULL, '0');
INSERT INTO `cms_link` VALUES ('6', '20', '', NULL, NULL, 'http://www.qq.com/', 0, NULL, '1', '2013-05-27 08:00:00', '1', '2013-05-27 08:00:00', NULL, '0');
INSERT INTO `cms_link` VALUES ('7', '21', '', NULL, NULL, 'http://www.taobao.com/', 0, NULL, '1', '2013-05-27 08:00:00', '1', '2013-05-27 08:00:00', NULL, '0');
INSERT INTO `cms_link` VALUES ('8', '21', '', NULL, NULL, 'http://www.xinhuanet.com/', 0, NULL, '1', '2013-05-27 08:00:00', '1', '2013-05-27 08:00:00', NULL, '0');
INSERT INTO `cms_link` VALUES ('9', '22', '', NULL, NULL, 'http://www.ganji.com/', 0, NULL, '1', '2013-05-27 08:00:00', '1', '2013-05-27 08:00:00', NULL, '0');

-- ----------------------------
-- Table structure for cms_site
-- ----------------------------
DROP TABLE IF EXISTS `cms_site`;
CREATE TABLE `cms_site`  (
  `id` varchar(64) CHARACTER SET utf8 COLLATE utf8_general_ci NOT NULL COMMENT '',
  `name` varchar(100) CHARACTER SET utf8 COLLATE utf8_general_ci NOT NULL COMMENT '',
  `title` varchar(100) CHARACTER SET utf8 COLLATE utf8_general_ci NOT NULL COMMENT '',
  `logo` varchar(255) CHARACTER SET utf8 COLLATE utf8_general_ci NULL DEFAULT NULL COMMENT 'Logo',
  `domain` varchar(255) CHARACTER SET utf8 COLLATE utf8_general_ci NULL DEFAULT NULL COMMENT '',
  `description` varchar(255) CHARACTER SET utf8 COLLATE utf8_general_ci NULL DEFAULT NULL COMMENT '',
  `keywords` varchar(255) CHARACTER SET utf8 COLLATE utf8_general_ci NULL DEFAULT NULL COMMENT '',
  `theme` varchar(255) CHARACTER SET utf8 COLLATE utf8_general_ci NULL DEFAULT 'default' COMMENT '',
  `copyright` text CHARACTER SET utf8 COLLATE utf8_general_ci NULL COMMENT '',
  `custom_index_view` varchar(255) CHARACTER SET utf8 COLLATE utf8_general_ci NULL DEFAULT NULL COMMENT '',
  `create_by` varchar(64) CHARACTER SET utf8 COLLATE utf8_general_ci NULL DEFAULT NULL COMMENT '',
  `create_date` datetime(0) NULL DEFAULT NULL COMMENT '',
  `update_by` varchar(64) CHARACTER SET utf8 COLLATE utf8_general_ci NULL DEFAULT NULL COMMENT '',
  `update_date` datetime(0) NULL DEFAULT NULL COMMENT '',
  `remarks` varchar(255) CHARACTER SET utf8 COLLATE utf8_general_ci NULL DEFAULT NULL COMMENT '',
  `del_flag` char(1) CHARACTER SET utf8 COLLATE utf8_general_ci NOT NULL DEFAULT '0' COMMENT '',
  PRIMARY KEY (`id`) USING BTREE,
  INDEX `cms_site_del_flag`(`del_flag`) USING BTREE
) ENGINE = InnoDB CHARACTER SET = utf8 COLLATE = utf8_general_ci COMMENT = '' ROW_FORMAT = Dynamic;

-- ----------------------------
-- Records of cms_site
-- ----------------------------
INSERT INTO `cms_site` VALUES ('1', '', 'JeeSite Web', NULL, NULL, 'JeeSite', 'JeeSite', 'basic', 'Copyright &copy; 2012-2013 <a href=\'http://thinkgem.iteye.com\' target=\'_blank\'>ThinkGem</a> - Powered By <a href=\'https://github.com/thinkgem/jeesite\' target=\'_blank\'>JeeSite</a> V1.0', NULL, '1', '2013-05-27 08:00:00', '1', '2013-05-27 08:00:00', NULL, '0');
INSERT INTO `cms_site` VALUES ('2', '', 'JeeSite Subsite', NULL, NULL, 'JeeSite subsite', 'JeeSite subsite', 'basic', 'Copyright &copy; 2012-2013 <a href=\'http://thinkgem.iteye.com\' target=\'_blank\'>ThinkGem</a> - Powered By <a href=\'https://github.com/thinkgem/jeesite\' target=\'_blank\'>JeeSite</a> V1.0', NULL, '1', '2013-05-27 08:00:00', '1', '2013-05-27 08:00:00', NULL, '0');

-- ----------------------------
-- Table structure for demo_data
-- ----------------------------
DROP TABLE IF EXISTS `demo_data`;
CREATE TABLE `demo_data`  (
  `id` varchar(64) CHARACTER SET utf8 COLLATE utf8_general_ci NOT NULL COMMENT '',
  `user_id` varchar(64) CHARACTER SET utf8 COLLATE utf8_general_ci NULL DEFAULT NULL COMMENT '',
  `office_id` varchar(64) CHARACTER SET utf8 COLLATE utf8_general_ci NULL DEFAULT NULL COMMENT '',
  `area_id` varchar(64) CHARACTER SET utf8 COLLATE utf8_general_ci NULL DEFAULT NULL COMMENT '',
  `name` varchar(100) CHARACTER SET utf8 COLLATE utf8_general_ci NULL DEFAULT NULL COMMENT '',
  `sex` char(1) CHARACTER SET utf8 COLLATE utf8_general_ci NULL DEFAULT NULL COMMENT '',
  `in_date` date NULL DEFAULT NULL COMMENT '',
  `create_by` varchar(64) CHARACTER SET utf8 COLLATE utf8_general_ci NOT NULL COMMENT '',
  `create_date` datetime(0) NOT NULL COMMENT '',
  `update_by` varchar(64) CHARACTER SET utf8 COLLATE utf8_general_ci NOT NULL COMMENT '',
  `update_date` datetime(0) NOT NULL COMMENT '',
  `remarks` varchar(255) CHARACTER SET utf8 COLLATE utf8_general_ci NULL DEFAULT NULL COMMENT '',
  `del_flag` char(1) CHARACTER SET utf8 COLLATE utf8_general_ci NOT NULL DEFAULT '0' COMMENT '',
  PRIMARY KEY (`id`) USING BTREE,
  INDEX `test_data_del_flag`(`del_flag`) USING BTREE
) ENGINE = InnoDB CHARACTER SET = utf8 COLLATE = utf8_general_ci COMMENT = '' ROW_FORMAT = Dynamic;

-- ----------------------------
-- Records of demo_data
-- ----------------------------
INSERT INTO `demo_data` VALUES ('1f7ffd949a8d4675ae13379a913fb89b', '4', '', '', '33', '', NULL, '1', '2019-09-04 20:40:26', '1', '2019-09-04 20:48:46', '4', '0');
INSERT INTO `demo_data` VALUES ('c411c00d85a6450d9e0a78f24a005528', '', '', '', '44', '', NULL, '1', '2019-09-04 20:13:29', '1', '2019-09-04 20:48:32', '333', '0');

-- ----------------------------
-- Table structure for gen_scheme
-- ----------------------------
DROP TABLE IF EXISTS `gen_scheme`;
CREATE TABLE `gen_scheme`  (
  `id` varchar(64) CHARACTER SET utf8 COLLATE utf8_general_ci NOT NULL COMMENT '',
  `name` varchar(200) CHARACTER SET utf8 COLLATE utf8_general_ci NULL DEFAULT NULL COMMENT '',
  `category` varchar(2000) CHARACTER SET utf8 COLLATE utf8_general_ci NULL DEFAULT NULL COMMENT '',
  `package_name` varchar(500) CHARACTER SET utf8 COLLATE utf8_general_ci NULL DEFAULT NULL COMMENT '',
  `module_name` varchar(30) CHARACTER SET utf8 COLLATE utf8_general_ci NULL DEFAULT NULL COMMENT '',
  `sub_module_name` varchar(30) CHARACTER SET utf8 COLLATE utf8_general_ci NULL DEFAULT NULL COMMENT '',
  `function_name` varchar(500) CHARACTER SET utf8 COLLATE utf8_general_ci NULL DEFAULT NULL COMMENT '',
  `function_name_simple` varchar(100) CHARACTER SET utf8 COLLATE utf8_general_ci NULL DEFAULT NULL COMMENT '',
  `function_author` varchar(100) CHARACTER SET utf8 COLLATE utf8_general_ci NULL DEFAULT NULL COMMENT '',
  `gen_table_id` varchar(200) CHARACTER SET utf8 COLLATE utf8_general_ci NULL DEFAULT NULL COMMENT '',
  `create_by` varchar(64) CHARACTER SET utf8 COLLATE utf8_general_ci NULL DEFAULT NULL COMMENT '',
  `create_date` datetime(0) NULL DEFAULT NULL COMMENT '',
  `update_by` varchar(64) CHARACTER SET utf8 COLLATE utf8_general_ci NULL DEFAULT NULL COMMENT '',
  `update_date` datetime(0) NULL DEFAULT NULL COMMENT '',
  `remarks` varchar(255) CHARACTER SET utf8 COLLATE utf8_general_ci NULL DEFAULT NULL COMMENT '',
  `del_flag` char(1) CHARACTER SET utf8 COLLATE utf8_general_ci NOT NULL DEFAULT '0' COMMENT '01',
  PRIMARY KEY (`id`) USING BTREE,
  INDEX `gen_scheme_del_flag`(`del_flag`) USING BTREE
) ENGINE = InnoDB CHARACTER SET = utf8 COLLATE = utf8_general_ci COMMENT = '' ROW_FORMAT = Dynamic;

-- ----------------------------
-- Records of gen_scheme
-- ----------------------------
INSERT INTO `gen_scheme` VALUES ('35a13dc260284a728a270db3f382664b', '', 'treeTable', 'com.thinkgem.jeesite.modules', 'test', NULL, '', '', 'ThinkGem', 'f6e4dafaa72f4c509636484715f33a96', '1', '2013-08-12 13:10:05', '1', '2013-08-12 13:10:05', NULL, '0');
INSERT INTO `gen_scheme` VALUES ('9c9de9db6da743bb899036c6546061ac', '', 'curd', 'com.thinkgem.jeesite.modules', 'test', NULL, '', '', 'ThinkGem', 'aef6f1fc948f4c9ab1c1b780bc471cc2', '1', '2013-08-12 13:10:05', '1', '2013-08-12 13:10:05', NULL, '0');
INSERT INTO `gen_scheme` VALUES ('e6d905fd236b46d1af581dd32bdfb3b0', '', 'curd_many', 'com.thinkgem.jeesite.modules', 'test', NULL, '', '', 'ThinkGem', '43d6d5acffa14c258340ce6765e46c6f', '1', '2013-08-12 13:10:05', '1', '2013-08-12 13:10:05', NULL, '0');

-- ----------------------------
-- Table structure for gen_table
-- ----------------------------
DROP TABLE IF EXISTS `gen_table`;
CREATE TABLE `gen_table`  (
  `id` varchar(64) CHARACTER SET utf8 COLLATE utf8_general_ci NOT NULL COMMENT '',
  `name` varchar(200) CHARACTER SET utf8 COLLATE utf8_general_ci NULL DEFAULT NULL COMMENT '',
  `comments` varchar(500) CHARACTER SET utf8 COLLATE utf8_general_ci NULL DEFAULT NULL COMMENT '',
  `class_name` varchar(100) CHARACTER SET utf8 COLLATE utf8_general_ci NULL DEFAULT NULL COMMENT '',
  `parent_table` varchar(200) CHARACTER SET utf8 COLLATE utf8_general_ci NULL DEFAULT NULL COMMENT '',
  `parent_table_fk` varchar(100) CHARACTER SET utf8 COLLATE utf8_general_ci NULL DEFAULT NULL COMMENT '',
  `create_by` varchar(64) CHARACTER SET utf8 COLLATE utf8_general_ci NULL DEFAULT NULL COMMENT '',
  `create_date` datetime(0) NULL DEFAULT NULL COMMENT '',
  `update_by` varchar(64) CHARACTER SET utf8 COLLATE utf8_general_ci NULL DEFAULT NULL COMMENT '',
  `update_date` datetime(0) NULL DEFAULT NULL COMMENT '',
  `remarks` varchar(255) CHARACTER SET utf8 COLLATE utf8_general_ci NULL DEFAULT NULL COMMENT '',
  `del_flag` char(1) CHARACTER SET utf8 COLLATE utf8_general_ci NOT NULL DEFAULT '0' COMMENT '01',
  PRIMARY KEY (`id`) USING BTREE,
  INDEX `gen_table_name`(`name`) USING BTREE,
  INDEX `gen_table_del_flag`(`del_flag`) USING BTREE
) ENGINE = InnoDB CHARACTER SET = utf8 COLLATE = utf8_general_ci COMMENT = '' ROW_FORMAT = Dynamic;

-- ----------------------------
-- Records of gen_table
-- ----------------------------
INSERT INTO `gen_table` VALUES ('43d6d5acffa14c258340ce6765e46c6f', 'test_data_main', '', 'TestDataMain', NULL, NULL, '1', '2013-08-12 13:10:05', '1', '2013-08-12 13:10:05', NULL, '0');
INSERT INTO `gen_table` VALUES ('6e05c389f3c6415ea34e55e9dfb28934', 'test_data_child', '', 'TestDataChild', 'test_data_main', 'test_data_main_id', '1', '2013-08-12 13:10:05', '1', '2013-08-12 13:10:05', NULL, '0');
INSERT INTO `gen_table` VALUES ('aef6f1fc948f4c9ab1c1b780bc471cc2', 'test_data', '', 'TestData', NULL, NULL, '1', '2013-08-12 13:10:05', '1', '2013-08-12 13:10:05', NULL, '0');
INSERT INTO `gen_table` VALUES ('f6e4dafaa72f4c509636484715f33a96', 'test_tree', '', 'TestTree', NULL, NULL, '1', '2013-08-12 13:10:05', '1', '2013-08-12 13:10:05', NULL, '0');

-- ----------------------------
-- Table structure for gen_table_column
-- ----------------------------
DROP TABLE IF EXISTS `gen_table_column`;
CREATE TABLE `gen_table_column`  (
  `id` varchar(64) CHARACTER SET utf8 COLLATE utf8_general_ci NOT NULL COMMENT '',
  `gen_table_id` varchar(64) CHARACTER SET utf8 COLLATE utf8_general_ci NULL DEFAULT NULL COMMENT '',
  `name` varchar(200) CHARACTER SET utf8 COLLATE utf8_general_ci NULL DEFAULT NULL COMMENT '',
  `comments` varchar(500) CHARACTER SET utf8 COLLATE utf8_general_ci NULL DEFAULT NULL COMMENT '',
  `jdbc_type` varchar(100) CHARACTER SET utf8 COLLATE utf8_general_ci NULL DEFAULT NULL COMMENT '',
  `java_type` varchar(500) CHARACTER SET utf8 COLLATE utf8_general_ci NULL DEFAULT NULL COMMENT 'JAVA',
  `java_field` varchar(200) CHARACTER SET utf8 COLLATE utf8_general_ci NULL DEFAULT NULL COMMENT 'JAVA',
  `is_pk` char(1) CHARACTER SET utf8 COLLATE utf8_general_ci NULL DEFAULT NULL COMMENT '',
  `is_null` char(1) CHARACTER SET utf8 COLLATE utf8_general_ci NULL DEFAULT NULL COMMENT '',
  `is_insert` char(1) CHARACTER SET utf8 COLLATE utf8_general_ci NULL DEFAULT NULL COMMENT '',
  `is_edit` char(1) CHARACTER SET utf8 COLLATE utf8_general_ci NULL DEFAULT NULL COMMENT '',
  `is_list` char(1) CHARACTER SET utf8 COLLATE utf8_general_ci NULL DEFAULT NULL COMMENT '',
  `is_query` char(1) CHARACTER SET utf8 COLLATE utf8_general_ci NULL DEFAULT NULL COMMENT '',
  `query_type` varchar(200) CHARACTER SET utf8 COLLATE utf8_general_ci NULL DEFAULT NULL COMMENT 'LIKELIKELIKE',
  `show_type` varchar(200) CHARACTER SET utf8 COLLATE utf8_general_ci NULL DEFAULT NULL COMMENT '',
  `dict_type` varchar(200) CHARACTER SET utf8 COLLATE utf8_general_ci NULL DEFAULT NULL COMMENT '',
  `settings` varchar(2000) CHARACTER SET utf8 COLLATE utf8_general_ci NULL DEFAULT NULL COMMENT 'JSON',
  `sort` decimal(10, 0) NULL DEFAULT NULL COMMENT '',
  `create_by` varchar(64) CHARACTER SET utf8 COLLATE utf8_general_ci NULL DEFAULT NULL COMMENT '',
  `create_date` datetime(0) NULL DEFAULT NULL COMMENT '',
  `update_by` varchar(64) CHARACTER SET utf8 COLLATE utf8_general_ci NULL DEFAULT NULL COMMENT '',
  `update_date` datetime(0) NULL DEFAULT NULL COMMENT '',
  `remarks` varchar(255) CHARACTER SET utf8 COLLATE utf8_general_ci NULL DEFAULT NULL COMMENT '',
  `del_flag` char(1) CHARACTER SET utf8 COLLATE utf8_general_ci NOT NULL DEFAULT '0' COMMENT '01',
  PRIMARY KEY (`id`) USING BTREE,
  INDEX `gen_table_column_table_id`(`gen_table_id`) USING BTREE,
  INDEX `gen_table_column_name`(`name`) USING BTREE,
  INDEX `gen_table_column_sort`(`sort`) USING BTREE,
  INDEX `gen_table_column_del_flag`(`del_flag`) USING BTREE
) ENGINE = InnoDB CHARACTER SET = utf8 COLLATE = utf8_general_ci COMMENT = '' ROW_FORMAT = Dynamic;

-- ----------------------------
-- Records of gen_table_column
-- ----------------------------
INSERT INTO `gen_table_column` VALUES ('0902a0cb3e8f434280c20e9d771d0658', 'aef6f1fc948f4c9ab1c1b780bc471cc2', 'sex', '', 'char(1)', 'String', 'sex', '0', '1', '1', '1', '1', '1', '=', 'radiobox', 'sex', NULL, 6, '1', '2013-08-12 13:10:05', '1', '2013-08-12 13:10:05', NULL, '0');
INSERT INTO `gen_table_column` VALUES ('103fc05c88ff40639875c2111881996a', 'aef6f1fc948f4c9ab1c1b780bc471cc2', 'create_date', '', 'timestamp(6)', 'java.util.Date', 'createDate', '0', '0', '1', '0', '0', '0', '=', 'dateselect', NULL, NULL, 9, '1', '2013-08-12 13:10:05', '1', '2013-08-12 13:10:05', NULL, '0');
INSERT INTO `gen_table_column` VALUES ('12fa38dd986e41908f7fefa5839d1220', '6e05c389f3c6415ea34e55e9dfb28934', 'create_by', '', 'varchar2(64)', 'com.thinkgem.jeesite.modules.modules.sys.entity.User', 'createBy.id', '0', '0', '1', '0', '0', '0', '=', 'input', NULL, NULL, 4, '1', '2013-08-12 13:10:05', '1', '2013-08-12 13:10:05', NULL, '0');
INSERT INTO `gen_table_column` VALUES ('195ee9241f954d008fe01625f4adbfef', 'f6e4dafaa72f4c509636484715f33a96', 'create_by', '', 'varchar2(64)', 'com.thinkgem.jeesite.modules.modules.sys.entity.User', 'createBy.id', '0', '0', '1', '0', '0', '0', '=', 'input', NULL, NULL, 6, '1', '2013-08-12 13:10:05', '1', '2013-08-12 13:10:05', NULL, '0');
INSERT INTO `gen_table_column` VALUES ('19c6478b8ff54c60910c2e4fc3d27503', '43d6d5acffa14c258340ce6765e46c6f', 'id', '', 'varchar2(64)', 'String', 'id', '1', '0', '1', '0', '0', '0', '=', 'input', NULL, NULL, 1, '1', '2013-08-12 13:10:05', '1', '2013-08-12 13:10:05', NULL, '0');
INSERT INTO `gen_table_column` VALUES ('1ac6562f753d4e599693840651ab2bf7', '43d6d5acffa14c258340ce6765e46c6f', 'in_date', '', 'date(7)', 'java.util.Date', 'inDate', '0', '1', '1', '1', '0', '0', '=', 'dateselect', NULL, NULL, 7, '1', '2013-08-12 13:10:05', '1', '2013-08-12 13:10:05', NULL, '0');
INSERT INTO `gen_table_column` VALUES ('1b8eb55f65284fa6b0a5879b6d8ad3ec', 'aef6f1fc948f4c9ab1c1b780bc471cc2', 'in_date', '', 'date(7)', 'java.util.Date', 'inDate', '0', '1', '1', '1', '0', '1', 'between', 'dateselect', NULL, NULL, 7, '1', '2013-08-12 13:10:05', '1', '2013-08-12 13:10:05', NULL, '0');
INSERT INTO `gen_table_column` VALUES ('1d5ca4d114be41e99f8dc42a682ba609', 'aef6f1fc948f4c9ab1c1b780bc471cc2', 'user_id', '', 'varchar2(64)', 'com.thinkgem.jeesite.modules.modules.sys.entity.User', 'user.id|name', '0', '1', '1', '1', '1', '1', '=', 'userselect', NULL, NULL, 2, '1', '2013-08-12 13:10:05', '1', '2013-08-12 13:10:05', NULL, '0');
INSERT INTO `gen_table_column` VALUES ('21756504ffdc487eb167a823f89c0c06', '43d6d5acffa14c258340ce6765e46c6f', 'update_by', '', 'varchar2(64)', 'com.thinkgem.jeesite.modules.modules.sys.entity.User', 'updateBy.id', '0', '0', '1', '1', '0', '0', '=', 'input', NULL, NULL, 10, '1', '2013-08-12 13:10:05', '1', '2013-08-12 13:10:05', NULL, '0');
INSERT INTO `gen_table_column` VALUES ('24bbdc0a555e4412a106ab1c5f03008e', 'f6e4dafaa72f4c509636484715f33a96', 'parent_ids', '', 'varchar2(2000)', 'String', 'parentIds', '0', '0', '1', '1', '0', '0', 'like', 'input', NULL, NULL, 3, '1', '2013-08-12 13:10:05', '1', '2013-08-12 13:10:05', NULL, '0');
INSERT INTO `gen_table_column` VALUES ('33152ce420904594b3eac796a27f0560', '6e05c389f3c6415ea34e55e9dfb28934', 'id', '', 'varchar2(64)', 'String', 'id', '1', '0', '1', '0', '0', '0', '=', 'input', NULL, NULL, 1, '1', '2013-08-12 13:10:05', '1', '2013-08-12 13:10:05', NULL, '0');
INSERT INTO `gen_table_column` VALUES ('35af241859624a01917ab64c3f4f0813', 'aef6f1fc948f4c9ab1c1b780bc471cc2', 'del_flag', '01', 'char(1)', 'String', 'delFlag', '0', '0', '1', '0', '0', '0', '=', 'radiobox', 'del_flag', NULL, 13, '1', '2013-08-12 13:10:05', '1', '2013-08-12 13:10:05', NULL, '0');
INSERT INTO `gen_table_column` VALUES ('398b4a03f06940bfb979ca574e1911e3', 'aef6f1fc948f4c9ab1c1b780bc471cc2', 'create_by', '', 'varchar2(64)', 'com.thinkgem.jeesite.modules.modules.sys.entity.User', 'createBy.id', '0', '0', '1', '0', '0', '0', '=', 'input', NULL, NULL, 8, '1', '2013-08-12 13:10:05', '1', '2013-08-12 13:10:05', NULL, '0');
INSERT INTO `gen_table_column` VALUES ('3a7cf23ae48a4c849ceb03feffc7a524', '43d6d5acffa14c258340ce6765e46c6f', 'area_id', '', 'nvarchar2(64)', 'com.thinkgem.jeesite.modules.modules.sys.entity.Area', 'area.id|name', '0', '1', '1', '1', '0', '0', '=', 'areaselect', NULL, NULL, 4, '1', '2013-08-12 13:10:05', '1', '2013-08-12 13:10:05', NULL, '0');
INSERT INTO `gen_table_column` VALUES ('3d9c32865bb44e85af73381df0ffbf3d', '43d6d5acffa14c258340ce6765e46c6f', 'update_date', '', 'timestamp(6)', 'java.util.Date', 'updateDate', '0', '0', '1', '1', '1', '0', '=', 'dateselect', NULL, NULL, 11, '1', '2013-08-12 13:10:05', '1', '2013-08-12 13:10:05', NULL, '0');
INSERT INTO `gen_table_column` VALUES ('416c76d2019b4f76a96d8dc3a8faf84c', 'f6e4dafaa72f4c509636484715f33a96', 'update_date', '', 'timestamp(6)', 'java.util.Date', 'updateDate', '0', '0', '1', '1', '1', '0', '=', 'dateselect', NULL, NULL, 9, '1', '2013-08-12 13:10:05', '1', '2013-08-12 13:10:05', NULL, '0');
INSERT INTO `gen_table_column` VALUES ('46e6d8283270493687085d29efdecb05', 'f6e4dafaa72f4c509636484715f33a96', 'del_flag', '01', 'char(1)', 'String', 'delFlag', '0', '0', '1', '0', '0', '0', '=', 'radiobox', 'del_flag', NULL, 11, '1', '2013-08-12 13:10:05', '1', '2013-08-12 13:10:05', NULL, '0');
INSERT INTO `gen_table_column` VALUES ('4a0a1fff86ca46519477d66b82e01991', 'aef6f1fc948f4c9ab1c1b780bc471cc2', 'name', '', 'nvarchar2(100)', 'String', 'name', '0', '1', '1', '1', '1', '1', 'like', 'input', NULL, NULL, 5, '1', '2013-08-12 13:10:05', '1', '2013-08-12 13:10:05', NULL, '0');
INSERT INTO `gen_table_column` VALUES ('4c8ef12cb6924b9ba44048ba9913150b', '43d6d5acffa14c258340ce6765e46c6f', 'create_date', '', 'timestamp(6)', 'java.util.Date', 'createDate', '0', '0', '1', '0', '0', '0', '=', 'dateselect', NULL, NULL, 9, '1', '2013-08-12 13:10:05', '1', '2013-08-12 13:10:05', NULL, '0');
INSERT INTO `gen_table_column` VALUES ('53d65a3d306d4fac9e561db9d3c66912', '6e05c389f3c6415ea34e55e9dfb28934', 'del_flag', '01', 'char(1)', 'String', 'delFlag', '0', '0', '1', '0', '0', '0', '=', 'radiobox', 'del_flag', NULL, 9, '1', '2013-08-12 13:10:05', '1', '2013-08-12 13:10:05', NULL, '0');
INSERT INTO `gen_table_column` VALUES ('56fa71c0bd7e4132931874e548dc9ba5', '6e05c389f3c6415ea34e55e9dfb28934', 'update_by', '', 'varchar2(64)', 'com.thinkgem.jeesite.modules.modules.sys.entity.User', 'updateBy.id', '0', '0', '1', '1', '0', '0', '=', 'input', NULL, NULL, 6, '1', '2013-08-12 13:10:05', '1', '2013-08-12 13:10:05', NULL, '0');
INSERT INTO `gen_table_column` VALUES ('5a4a1933c9c844fdba99de043dc8205e', 'aef6f1fc948f4c9ab1c1b780bc471cc2', 'update_by', '', 'varchar2(64)', 'com.thinkgem.jeesite.modules.modules.sys.entity.User', 'updateBy.id', '0', '0', '1', '1', '0', '0', '=', 'input', NULL, NULL, 10, '1', '2013-08-12 13:10:05', '1', '2013-08-12 13:10:05', NULL, '0');
INSERT INTO `gen_table_column` VALUES ('5e5c69bd3eaa4dcc9743f361f3771c08', 'aef6f1fc948f4c9ab1c1b780bc471cc2', 'id', '', 'varchar2(64)', 'String', 'id', '1', '0', '1', '0', '0', '0', '=', 'input', NULL, NULL, 1, '1', '2013-08-12 13:10:05', '1', '2013-08-12 13:10:05', NULL, '0');
INSERT INTO `gen_table_column` VALUES ('633f5a49ec974c099158e7b3e6bfa930', 'f6e4dafaa72f4c509636484715f33a96', 'name', '', 'nvarchar2(100)', 'String', 'name', '0', '0', '1', '1', '1', '1', 'like', 'input', NULL, NULL, 4, '1', '2013-08-12 13:10:05', '1', '2013-08-12 13:10:05', NULL, '0');
INSERT INTO `gen_table_column` VALUES ('652491500f2641ffa7caf95a93e64d34', '6e05c389f3c6415ea34e55e9dfb28934', 'update_date', '', 'timestamp(6)', 'java.util.Date', 'updateDate', '0', '0', '1', '1', '1', '0', '=', 'dateselect', NULL, NULL, 7, '1', '2013-08-12 13:10:05', '1', '2013-08-12 13:10:05', NULL, '0');
INSERT INTO `gen_table_column` VALUES ('6763ff6dc7cd4c668e76cf9b697d3ff6', 'f6e4dafaa72f4c509636484715f33a96', 'sort', '', 'number(10)', 'Integer', 'sort', '0', '0', '1', '1', '1', '0', '=', 'input', NULL, NULL, 5, '1', '2013-08-12 13:10:05', '1', '2013-08-12 13:10:05', NULL, '0');
INSERT INTO `gen_table_column` VALUES ('67d0331f809a48ee825602659f0778e8', '43d6d5acffa14c258340ce6765e46c6f', 'name', '', 'nvarchar2(100)', 'String', 'name', '0', '1', '1', '1', '1', '1', 'like', 'input', NULL, NULL, 5, '1', '2013-08-12 13:10:05', '1', '2013-08-12 13:10:05', NULL, '0');
INSERT INTO `gen_table_column` VALUES ('68345713bef3445c906f70e68f55de38', '6e05c389f3c6415ea34e55e9dfb28934', 'test_data_main_id', '', 'varchar2(64)', 'String', 'testDataMain.id', '0', '1', '1', '1', '0', '0', '=', 'input', NULL, NULL, 2, '1', '2013-08-12 13:10:05', '1', '2013-08-12 13:10:05', NULL, '0');
INSERT INTO `gen_table_column` VALUES ('71ea4bc10d274911b405f3165fc1bb1a', 'aef6f1fc948f4c9ab1c1b780bc471cc2', 'area_id', '', 'nvarchar2(64)', 'com.thinkgem.jeesite.modules.modules.sys.entity.Area', 'area.id|name', '0', '1', '1', '1', '1', '1', '=', 'areaselect', NULL, NULL, 4, '1', '2013-08-12 13:10:05', '1', '2013-08-12 13:10:05', NULL, '0');
INSERT INTO `gen_table_column` VALUES ('7f871058d94c4d9a89084be7c9ce806d', '6e05c389f3c6415ea34e55e9dfb28934', 'remarks', '', 'nvarchar2(255)', 'String', 'remarks', '0', '1', '1', '1', '1', '0', '=', 'input', NULL, NULL, 8, '1', '2013-08-12 13:10:05', '1', '2013-08-12 13:10:05', NULL, '0');
INSERT INTO `gen_table_column` VALUES ('8b48774cfe184913b8b5eb17639cf12d', '43d6d5acffa14c258340ce6765e46c6f', 'create_by', '', 'varchar2(64)', 'com.thinkgem.jeesite.modules.modules.sys.entity.User', 'createBy.id', '0', '0', '1', '0', '0', '0', '=', 'input', NULL, NULL, 8, '1', '2013-08-12 13:10:05', '1', '2013-08-12 13:10:05', NULL, '0');
INSERT INTO `gen_table_column` VALUES ('8b7cf0525519474ebe1de9e587eb7067', '6e05c389f3c6415ea34e55e9dfb28934', 'create_date', '', 'timestamp(6)', 'java.util.Date', 'createDate', '0', '0', '1', '0', '0', '0', '=', 'dateselect', NULL, NULL, 5, '1', '2013-08-12 13:10:05', '1', '2013-08-12 13:10:05', NULL, '0');
INSERT INTO `gen_table_column` VALUES ('8b9de88df53e485d8ef461c4b1824bc1', '43d6d5acffa14c258340ce6765e46c6f', 'user_id', '', 'varchar2(64)', 'com.thinkgem.jeesite.modules.modules.sys.entity.User', 'user.id|name', '0', '1', '1', '1', '1', '1', '=', 'userselect', NULL, NULL, 2, '1', '2013-08-12 13:10:05', '1', '2013-08-12 13:10:05', NULL, '0');
INSERT INTO `gen_table_column` VALUES ('8da38dbe5fe54e9bb1f9682c27fbf403', 'aef6f1fc948f4c9ab1c1b780bc471cc2', 'remarks', '', 'nvarchar2(255)', 'String', 'remarks', '0', '1', '1', '1', '1', '0', '=', 'textarea', NULL, NULL, 12, '1', '2013-08-12 13:10:05', '1', '2013-08-12 13:10:05', NULL, '0');
INSERT INTO `gen_table_column` VALUES ('92481c16a0b94b0e8bba16c3c54eb1e4', 'f6e4dafaa72f4c509636484715f33a96', 'create_date', '', 'timestamp(6)', 'java.util.Date', 'createDate', '0', '0', '1', '0', '0', '0', '=', 'dateselect', NULL, NULL, 7, '1', '2013-08-12 13:10:05', '1', '2013-08-12 13:10:05', NULL, '0');
INSERT INTO `gen_table_column` VALUES ('9a012c1d2f934dbf996679adb7cc827a', 'f6e4dafaa72f4c509636484715f33a96', 'parent_id', '', 'varchar2(64)', 'This', 'parent.id|name', '0', '0', '1', '1', '0', '0', '=', 'treeselect', NULL, NULL, 2, '1', '2013-08-12 13:10:05', '1', '2013-08-12 13:10:05', NULL, '0');
INSERT INTO `gen_table_column` VALUES ('ad3bf0d4b44b4528a5211a66af88f322', 'aef6f1fc948f4c9ab1c1b780bc471cc2', 'office_id', '', 'varchar2(64)', 'com.thinkgem.jeesite.modules.modules.sys.entity.Office', 'office.id|name', '0', '1', '1', '1', '1', '1', '=', 'officeselect', NULL, NULL, 3, '1', '2013-08-12 13:10:05', '1', '2013-08-12 13:10:05', NULL, '0');
INSERT INTO `gen_table_column` VALUES ('bb1256a8d1b741f6936d8fed06f45eed', 'f6e4dafaa72f4c509636484715f33a96', 'update_by', '', 'varchar2(64)', 'com.thinkgem.jeesite.modules.modules.sys.entity.User', 'updateBy.id', '0', '0', '1', '1', '0', '0', '=', 'input', NULL, NULL, 8, '1', '2013-08-12 13:10:05', '1', '2013-08-12 13:10:05', NULL, '0');
INSERT INTO `gen_table_column` VALUES ('ca68a2d403f0449cbaa1d54198c6f350', '43d6d5acffa14c258340ce6765e46c6f', 'office_id', '', 'varchar2(64)', 'com.thinkgem.jeesite.modules.modules.sys.entity.Office', 'office.id|name', '0', '1', '1', '1', '0', '0', '=', 'officeselect', NULL, NULL, 3, '1', '2013-08-12 13:10:05', '1', '2013-08-12 13:10:05', NULL, '0');
INSERT INTO `gen_table_column` VALUES ('cb9c0ec3da26432d9cbac05ede0fd1d0', '43d6d5acffa14c258340ce6765e46c6f', 'remarks', '', 'nvarchar2(255)', 'String', 'remarks', '0', '1', '1', '1', '1', '0', '=', 'textarea', NULL, NULL, 12, '1', '2013-08-12 13:10:05', '1', '2013-08-12 13:10:05', NULL, '0');
INSERT INTO `gen_table_column` VALUES ('cfcfa06ea61749c9b4c4dbc507e0e580', 'f6e4dafaa72f4c509636484715f33a96', 'id', '', 'varchar2(64)', 'String', 'id', '1', '0', '1', '0', '0', '0', '=', 'input', NULL, NULL, 1, '1', '2013-08-12 13:10:05', '1', '2013-08-12 13:10:05', NULL, '0');
INSERT INTO `gen_table_column` VALUES ('d5c2d932ae904aa8a9f9ef34cd36fb0b', '43d6d5acffa14c258340ce6765e46c6f', 'sex', '', 'char(1)', 'String', 'sex', '0', '1', '1', '1', '0', '1', '=', 'select', 'sex', NULL, 6, '1', '2013-08-12 13:10:05', '1', '2013-08-12 13:10:05', NULL, '0');
INSERT INTO `gen_table_column` VALUES ('e64050a2ebf041faa16f12dda5dcf784', '6e05c389f3c6415ea34e55e9dfb28934', 'name', '', 'nvarchar2(100)', 'String', 'name', '0', '1', '1', '1', '1', '1', 'like', 'input', NULL, NULL, 3, '1', '2013-08-12 13:10:05', '1', '2013-08-12 13:10:05', NULL, '0');
INSERT INTO `gen_table_column` VALUES ('e8d11127952d4aa288bb3901fc83127f', '43d6d5acffa14c258340ce6765e46c6f', 'del_flag', '01', 'char(1)', 'String', 'delFlag', '0', '0', '1', '0', '0', '0', '=', 'radiobox', 'del_flag', NULL, 13, '1', '2013-08-12 13:10:05', '1', '2013-08-12 13:10:05', NULL, '0');
INSERT INTO `gen_table_column` VALUES ('eb2e5afd13f147a990d30e68e7f64e12', 'aef6f1fc948f4c9ab1c1b780bc471cc2', 'update_date', '', 'timestamp(6)', 'java.util.Date', 'updateDate', '0', '0', '1', '1', '1', '0', '=', 'dateselect', NULL, NULL, 11, '1', '2013-08-12 13:10:05', '1', '2013-08-12 13:10:05', NULL, '0');
INSERT INTO `gen_table_column` VALUES ('f5ed8c82bad0413fbfcccefa95931358', 'f6e4dafaa72f4c509636484715f33a96', 'remarks', '', 'nvarchar2(255)', 'String', 'remarks', '0', '1', '1', '1', '1', '0', '=', 'textarea', NULL, NULL, 10, '1', '2013-08-12 13:10:05', '1', '2013-08-12 13:10:05', NULL, '0');

-- ----------------------------
-- Table structure for gen_template
-- ----------------------------
DROP TABLE IF EXISTS `gen_template`;
CREATE TABLE `gen_template`  (
  `id` varchar(64) CHARACTER SET utf8 COLLATE utf8_general_ci NOT NULL COMMENT '',
  `name` varchar(200) CHARACTER SET utf8 COLLATE utf8_general_ci NULL DEFAULT NULL COMMENT '',
  `category` varchar(2000) CHARACTER SET utf8 COLLATE utf8_general_ci NULL DEFAULT NULL COMMENT '',
  `file_path` varchar(500) CHARACTER SET utf8 COLLATE utf8_general_ci NULL DEFAULT NULL COMMENT '',
  `file_name` varchar(200) CHARACTER SET utf8 COLLATE utf8_general_ci NULL DEFAULT NULL COMMENT '',
  `content` text CHARACTER SET utf8 COLLATE utf8_general_ci NULL COMMENT '',
  `create_by` varchar(64) CHARACTER SET utf8 COLLATE utf8_general_ci NULL DEFAULT NULL COMMENT '',
  `create_date` datetime(0) NULL DEFAULT NULL COMMENT '',
  `update_by` varchar(64) CHARACTER SET utf8 COLLATE utf8_general_ci NULL DEFAULT NULL COMMENT '',
  `update_date` datetime(0) NULL DEFAULT NULL COMMENT '',
  `remarks` varchar(255) CHARACTER SET utf8 COLLATE utf8_general_ci NULL DEFAULT NULL COMMENT '',
  `del_flag` char(1) CHARACTER SET utf8 COLLATE utf8_general_ci NOT NULL DEFAULT '0' COMMENT '01',
  PRIMARY KEY (`id`) USING BTREE,
  INDEX `gen_template_del_falg`(`del_flag`) USING BTREE
) ENGINE = InnoDB CHARACTER SET = utf8 COLLATE = utf8_general_ci COMMENT = '' ROW_FORMAT = Dynamic;

-- ----------------------------
-- Table structure for oa_leave
-- ----------------------------
DROP TABLE IF EXISTS `oa_leave`;
CREATE TABLE `oa_leave`  (
  `id` varchar(64) CHARACTER SET utf8 COLLATE utf8_general_ci NOT NULL COMMENT '',
  `process_instance_id` varchar(64) CHARACTER SET utf8 COLLATE utf8_general_ci NULL DEFAULT NULL COMMENT '',
  `start_time` datetime(0) NULL DEFAULT NULL COMMENT '',
  `end_time` datetime(0) NULL DEFAULT NULL COMMENT '',
  `leave_type` varchar(20) CHARACTER SET utf8 COLLATE utf8_general_ci NULL DEFAULT NULL COMMENT '',
  `reason` varchar(255) CHARACTER SET utf8 COLLATE utf8_general_ci NULL DEFAULT NULL COMMENT '',
  `apply_time` datetime(0) NULL DEFAULT NULL COMMENT '',
  `reality_start_time` datetime(0) NULL DEFAULT NULL COMMENT '',
  `reality_end_time` datetime(0) NULL DEFAULT NULL COMMENT '',
  `create_by` varchar(64) CHARACTER SET utf8 COLLATE utf8_general_ci NOT NULL COMMENT '',
  `create_date` datetime(0) NOT NULL COMMENT '',
  `update_by` varchar(64) CHARACTER SET utf8 COLLATE utf8_general_ci NOT NULL COMMENT '',
  `update_date` datetime(0) NOT NULL COMMENT '',
  `remarks` varchar(255) CHARACTER SET utf8 COLLATE utf8_general_ci NULL DEFAULT NULL COMMENT '',
  `del_flag` char(1) CHARACTER SET utf8 COLLATE utf8_general_ci NOT NULL DEFAULT '0' COMMENT '',
  PRIMARY KEY (`id`) USING BTREE,
  INDEX `oa_leave_create_by`(`create_by`) USING BTREE,
  INDEX `oa_leave_process_instance_id`(`process_instance_id`) USING BTREE,
  INDEX `oa_leave_del_flag`(`del_flag`) USING BTREE
) ENGINE = InnoDB CHARACTER SET = utf8 COLLATE = utf8_general_ci COMMENT = '' ROW_FORMAT = Dynamic;

-- ----------------------------
-- Table structure for oa_notify
-- ----------------------------
DROP TABLE IF EXISTS `oa_notify`;
CREATE TABLE `oa_notify`  (
  `id` varchar(64) CHARACTER SET utf8 COLLATE utf8_general_ci NOT NULL COMMENT '',
  `type` char(1) CHARACTER SET utf8 COLLATE utf8_general_ci NULL DEFAULT NULL COMMENT '',
  `title` varchar(200) CHARACTER SET utf8 COLLATE utf8_general_ci NULL DEFAULT NULL COMMENT '',
  `content` varchar(2000) CHARACTER SET utf8 COLLATE utf8_general_ci NULL DEFAULT NULL COMMENT '',
  `files` varchar(2000) CHARACTER SET utf8 COLLATE utf8_general_ci NULL DEFAULT NULL COMMENT '',
  `status` char(1) CHARACTER SET utf8 COLLATE utf8_general_ci NULL DEFAULT NULL COMMENT '',
  `create_by` varchar(64) CHARACTER SET utf8 COLLATE utf8_general_ci NOT NULL COMMENT '',
  `create_date` datetime(0) NOT NULL COMMENT '',
  `update_by` varchar(64) CHARACTER SET utf8 COLLATE utf8_general_ci NOT NULL COMMENT '',
  `update_date` datetime(0) NOT NULL COMMENT '',
  `remarks` varchar(255) CHARACTER SET utf8 COLLATE utf8_general_ci NULL DEFAULT NULL COMMENT '',
  `del_flag` char(1) CHARACTER SET utf8 COLLATE utf8_general_ci NOT NULL DEFAULT '0' COMMENT '',
  PRIMARY KEY (`id`) USING BTREE,
  INDEX `oa_notify_del_flag`(`del_flag`) USING BTREE
) ENGINE = InnoDB CHARACTER SET = utf8 COLLATE = utf8_general_ci COMMENT = '' ROW_FORMAT = Dynamic;

-- ----------------------------
-- Table structure for oa_notify_record
-- ----------------------------
DROP TABLE IF EXISTS `oa_notify_record`;
CREATE TABLE `oa_notify_record`  (
  `id` varchar(64) CHARACTER SET utf8 COLLATE utf8_general_ci NOT NULL COMMENT '',
  `oa_notify_id` varchar(64) CHARACTER SET utf8 COLLATE utf8_general_ci NULL DEFAULT NULL COMMENT 'ID',
  `user_id` varchar(64) CHARACTER SET utf8 COLLATE utf8_general_ci NULL DEFAULT NULL COMMENT '',
  `read_flag` char(1) CHARACTER SET utf8 COLLATE utf8_general_ci NULL DEFAULT '0' COMMENT '',
  `read_date` date NULL DEFAULT NULL COMMENT '',
  PRIMARY KEY (`id`) USING BTREE,
  INDEX `oa_notify_record_notify_id`(`oa_notify_id`) USING BTREE,
  INDEX `oa_notify_record_user_id`(`user_id`) USING BTREE,
  INDEX `oa_notify_record_read_flag`(`read_flag`) USING BTREE
) ENGINE = InnoDB CHARACTER SET = utf8 COLLATE = utf8_general_ci COMMENT = '' ROW_FORMAT = Dynamic;

-- ----------------------------
-- Table structure for oa_test_audit
-- ----------------------------
DROP TABLE IF EXISTS `oa_test_audit`;
CREATE TABLE `oa_test_audit`  (
  `id` varchar(64) CHARACTER SET utf8 COLLATE utf8_general_ci NOT NULL COMMENT '',
  `PROC_INS_ID` varchar(64) CHARACTER SET utf8 COLLATE utf8_general_ci NULL DEFAULT NULL COMMENT 'ID',
  `USER_ID` varchar(64) CHARACTER SET utf8 COLLATE utf8_general_ci NULL DEFAULT NULL COMMENT '',
  `OFFICE_ID` varchar(64) CHARACTER SET utf8 COLLATE utf8_general_ci NULL DEFAULT NULL COMMENT '',
  `POST` varchar(255) CHARACTER SET utf8 COLLATE utf8_general_ci NULL DEFAULT NULL COMMENT '',
  `AGE` char(1) CHARACTER SET utf8 COLLATE utf8_general_ci NULL DEFAULT NULL COMMENT '',
  `EDU` varchar(255) CHARACTER SET utf8 COLLATE utf8_general_ci NULL DEFAULT NULL COMMENT '',
  `CONTENT` varchar(255) CHARACTER SET utf8 COLLATE utf8_general_ci NULL DEFAULT NULL COMMENT '',
  `OLDA` varchar(255) CHARACTER SET utf8 COLLATE utf8_general_ci NULL DEFAULT NULL COMMENT ' ',
  `OLDB` varchar(255) CHARACTER SET utf8 COLLATE utf8_general_ci NULL DEFAULT NULL COMMENT ' ',
  `OLDC` varchar(255) CHARACTER SET utf8 COLLATE utf8_general_ci NULL DEFAULT NULL COMMENT ' ',
  `NEWA` varchar(255) CHARACTER SET utf8 COLLATE utf8_general_ci NULL DEFAULT NULL COMMENT ' ',
  `NEWB` varchar(255) CHARACTER SET utf8 COLLATE utf8_general_ci NULL DEFAULT NULL COMMENT ' ',
  `NEWC` varchar(255) CHARACTER SET utf8 COLLATE utf8_general_ci NULL DEFAULT NULL COMMENT ' ',
  `ADD_NUM` varchar(255) CHARACTER SET utf8 COLLATE utf8_general_ci NULL DEFAULT NULL COMMENT '',
  `EXE_DATE` varchar(255) CHARACTER SET utf8 COLLATE utf8_general_ci NULL DEFAULT NULL COMMENT '',
  `HR_TEXT` varchar(255) CHARACTER SET utf8 COLLATE utf8_general_ci NULL DEFAULT NULL COMMENT '',
  `LEAD_TEXT` varchar(255) CHARACTER SET utf8 COLLATE utf8_general_ci NULL DEFAULT NULL COMMENT '',
  `MAIN_LEAD_TEXT` varchar(255) CHARACTER SET utf8 COLLATE utf8_general_ci NULL DEFAULT NULL COMMENT '',
  `create_by` varchar(64) CHARACTER SET utf8 COLLATE utf8_general_ci NOT NULL COMMENT '',
  `create_date` datetime(0) NOT NULL COMMENT '',
  `update_by` varchar(64) CHARACTER SET utf8 COLLATE utf8_general_ci NOT NULL COMMENT '',
  `update_date` datetime(0) NOT NULL COMMENT '',
  `remarks` varchar(255) CHARACTER SET utf8 COLLATE utf8_general_ci NULL DEFAULT NULL COMMENT '',
  `del_flag` char(1) CHARACTER SET utf8 COLLATE utf8_general_ci NOT NULL DEFAULT '0' COMMENT '',
  PRIMARY KEY (`id`) USING BTREE,
  INDEX `OA_TEST_AUDIT_del_flag`(`del_flag`) USING BTREE
) ENGINE = InnoDB CHARACTER SET = utf8 COLLATE = utf8_general_ci COMMENT = '' ROW_FORMAT = Dynamic;

-- ----------------------------
-- Table structure for qrtz_blob_triggers
-- ----------------------------
DROP TABLE IF EXISTS `qrtz_blob_triggers`;
CREATE TABLE `qrtz_blob_triggers`  (
  `SCHED_NAME` varchar(120) CHARACTER SET utf8 COLLATE utf8_general_ci NOT NULL,
  `TRIGGER_NAME` varchar(200) CHARACTER SET utf8 COLLATE utf8_general_ci NOT NULL,
  `TRIGGER_GROUP` varchar(200) CHARACTER SET utf8 COLLATE utf8_general_ci NOT NULL,
  `BLOB_DATA` blob NULL,
  PRIMARY KEY (`SCHED_NAME`, `TRIGGER_NAME`, `TRIGGER_GROUP`) USING BTREE,
  INDEX `SCHED_NAME`(`SCHED_NAME`, `TRIGGER_NAME`, `TRIGGER_GROUP`) USING BTREE,
  CONSTRAINT `qrtz_blob_triggers_ibfk_1` FOREIGN KEY (`SCHED_NAME`, `TRIGGER_NAME`, `TRIGGER_GROUP`) REFERENCES `qrtz_triggers` (`SCHED_NAME`, `TRIGGER_NAME`, `TRIGGER_GROUP`) ON DELETE RESTRICT ON UPDATE RESTRICT
) ENGINE = InnoDB CHARACTER SET = utf8 COLLATE = utf8_general_ci ROW_FORMAT = Dynamic;

-- ----------------------------
-- Table structure for qrtz_calendars
-- ----------------------------
DROP TABLE IF EXISTS `qrtz_calendars`;
CREATE TABLE `qrtz_calendars`  (
  `SCHED_NAME` varchar(120) CHARACTER SET utf8 COLLATE utf8_general_ci NOT NULL,
  `CALENDAR_NAME` varchar(200) CHARACTER SET utf8 COLLATE utf8_general_ci NOT NULL,
  `CALENDAR` blob NOT NULL,
  PRIMARY KEY (`SCHED_NAME`, `CALENDAR_NAME`) USING BTREE
) ENGINE = InnoDB CHARACTER SET = utf8 COLLATE = utf8_general_ci ROW_FORMAT = Dynamic;

-- ----------------------------
-- Table structure for qrtz_cron_triggers
-- ----------------------------
DROP TABLE IF EXISTS `qrtz_cron_triggers`;
CREATE TABLE `qrtz_cron_triggers`  (
  `SCHED_NAME` varchar(120) CHARACTER SET utf8 COLLATE utf8_general_ci NOT NULL,
  `TRIGGER_NAME` varchar(200) CHARACTER SET utf8 COLLATE utf8_general_ci NOT NULL,
  `TRIGGER_GROUP` varchar(200) CHARACTER SET utf8 COLLATE utf8_general_ci NOT NULL,
  `CRON_EXPRESSION` varchar(120) CHARACTER SET utf8 COLLATE utf8_general_ci NOT NULL,
  `TIME_ZONE_ID` varchar(80) CHARACTER SET utf8 COLLATE utf8_general_ci NULL DEFAULT NULL,
  PRIMARY KEY (`SCHED_NAME`, `TRIGGER_NAME`, `TRIGGER_GROUP`) USING BTREE,
  CONSTRAINT `qrtz_cron_triggers_ibfk_1` FOREIGN KEY (`SCHED_NAME`, `TRIGGER_NAME`, `TRIGGER_GROUP`) REFERENCES `qrtz_triggers` (`SCHED_NAME`, `TRIGGER_NAME`, `TRIGGER_GROUP`) ON DELETE RESTRICT ON UPDATE RESTRICT
) ENGINE = InnoDB CHARACTER SET = utf8 COLLATE = utf8_general_ci ROW_FORMAT = Dynamic;

-- ----------------------------
-- Records of qrtz_cron_triggers
-- ----------------------------
INSERT INTO `qrtz_cron_triggers` VALUES ('ctopScheduler', 'TASK_5a00beb69be648849d6e2c7638f7f417', 'DEFAULT', '0 */2 * * * ?', 'Asia/Shanghai');

-- ----------------------------
-- Table structure for qrtz_fired_triggers
-- ----------------------------
DROP TABLE IF EXISTS `qrtz_fired_triggers`;
CREATE TABLE `qrtz_fired_triggers`  (
  `SCHED_NAME` varchar(120) CHARACTER SET utf8 COLLATE utf8_general_ci NOT NULL,
  `ENTRY_ID` varchar(95) CHARACTER SET utf8 COLLATE utf8_general_ci NOT NULL,
  `TRIGGER_NAME` varchar(200) CHARACTER SET utf8 COLLATE utf8_general_ci NOT NULL,
  `TRIGGER_GROUP` varchar(200) CHARACTER SET utf8 COLLATE utf8_general_ci NOT NULL,
  `INSTANCE_NAME` varchar(200) CHARACTER SET utf8 COLLATE utf8_general_ci NOT NULL,
  `FIRED_TIME` bigint(13) NOT NULL,
  `SCHED_TIME` bigint(13) NOT NULL,
  `PRIORITY` int(11) NOT NULL,
  `STATE` varchar(16) CHARACTER SET utf8 COLLATE utf8_general_ci NOT NULL,
  `JOB_NAME` varchar(200) CHARACTER SET utf8 COLLATE utf8_general_ci NULL DEFAULT NULL,
  `JOB_GROUP` varchar(200) CHARACTER SET utf8 COLLATE utf8_general_ci NULL DEFAULT NULL,
  `IS_NONCONCURRENT` varchar(1) CHARACTER SET utf8 COLLATE utf8_general_ci NULL DEFAULT NULL,
  `REQUESTS_RECOVERY` varchar(1) CHARACTER SET utf8 COLLATE utf8_general_ci NULL DEFAULT NULL,
  PRIMARY KEY (`SCHED_NAME`, `ENTRY_ID`) USING BTREE,
  INDEX `IDX_QRTZ_FT_TRIG_INST_NAME`(`SCHED_NAME`, `INSTANCE_NAME`) USING BTREE,
  INDEX `IDX_QRTZ_FT_INST_JOB_REQ_RCVRY`(`SCHED_NAME`, `INSTANCE_NAME`, `REQUESTS_RECOVERY`) USING BTREE,
  INDEX `IDX_QRTZ_FT_J_G`(`SCHED_NAME`, `JOB_NAME`, `JOB_GROUP`) USING BTREE,
  INDEX `IDX_QRTZ_FT_JG`(`SCHED_NAME`, `JOB_GROUP`) USING BTREE,
  INDEX `IDX_QRTZ_FT_T_G`(`SCHED_NAME`, `TRIGGER_NAME`, `TRIGGER_GROUP`) USING BTREE,
  INDEX `IDX_QRTZ_FT_TG`(`SCHED_NAME`, `TRIGGER_GROUP`) USING BTREE
) ENGINE = InnoDB CHARACTER SET = utf8 COLLATE = utf8_general_ci ROW_FORMAT = Dynamic;

-- ----------------------------
-- Table structure for qrtz_job_details
-- ----------------------------
DROP TABLE IF EXISTS `qrtz_job_details`;
CREATE TABLE `qrtz_job_details`  (
  `SCHED_NAME` varchar(120) CHARACTER SET utf8 COLLATE utf8_general_ci NOT NULL,
  `JOB_NAME` varchar(200) CHARACTER SET utf8 COLLATE utf8_general_ci NOT NULL,
  `JOB_GROUP` varchar(200) CHARACTER SET utf8 COLLATE utf8_general_ci NOT NULL,
  `DESCRIPTION` varchar(250) CHARACTER SET utf8 COLLATE utf8_general_ci NULL DEFAULT NULL,
  `JOB_CLASS_NAME` varchar(250) CHARACTER SET utf8 COLLATE utf8_general_ci NOT NULL,
  `IS_DURABLE` varchar(1) CHARACTER SET utf8 COLLATE utf8_general_ci NOT NULL,
  `IS_NONCONCURRENT` varchar(1) CHARACTER SET utf8 COLLATE utf8_general_ci NOT NULL,
  `IS_UPDATE_DATA` varchar(1) CHARACTER SET utf8 COLLATE utf8_general_ci NOT NULL,
  `REQUESTS_RECOVERY` varchar(1) CHARACTER SET utf8 COLLATE utf8_general_ci NOT NULL,
  `JOB_DATA` blob NULL,
  PRIMARY KEY (`SCHED_NAME`, `JOB_NAME`, `JOB_GROUP`) USING BTREE,
  INDEX `IDX_QRTZ_J_REQ_RECOVERY`(`SCHED_NAME`, `REQUESTS_RECOVERY`) USING BTREE,
  INDEX `IDX_QRTZ_J_GRP`(`SCHED_NAME`, `JOB_GROUP`) USING BTREE
) ENGINE = InnoDB CHARACTER SET = utf8 COLLATE = utf8_general_ci ROW_FORMAT = Dynamic;

-- ----------------------------
-- Records of qrtz_job_details
-- ----------------------------
INSERT INTO `qrtz_job_details` VALUES ('ctopScheduler', 'TASK_5a00beb69be648849d6e2c7638f7f417', 'DEFAULT', NULL, 'com.ctop.modules.job.utils.QuartzJob', '0', '0', '0', '0', 0xACED0005737200156F72672E71756172747A2E4A6F62446174614D61709FB083E8BFA9B0CB020000787200266F72672E71756172747A2E7574696C732E537472696E674B65794469727479466C61674D61708208E8C3FBC55D280200015A0013616C6C6F77735472616E7369656E74446174617872001D6F72672E71756172747A2E7574696C732E4469727479466C61674D617013E62EAD28760ACE0200025A000564697274794C00036D617074000F4C6A6176612F7574696C2F4D61703B787001737200116A6176612E7574696C2E486173684D61700507DAC1C31660D103000246000A6C6F6164466163746F724900097468726573686F6C6478703F4000000000000C7708000000100000000174000D4A4F425F504152414D5F4B455973720027636F6D2E63746F702E6D6F64756C65732E6A6F622E656E746974792E5363686564756C654A6F6200000000000000010200054C00086265616E4E616D657400124C6A6176612F6C616E672F537472696E673B4C000E63726F6E45787072657373696F6E71007E00094C000A6D6574686F644E616D6571007E00094C0006706172616D7371007E00094C000673746174757371007E000978720026636F6D2E63746F702E636F6D6D6F6E2E70657273697374656E63652E44617461456E7469747900000000000000010200064C000863726561746542797400224C636F6D2F63746F702F6D6F64756C65732F7379732F656E746974792F557365723B4C000A637265617465446174657400104C6A6176612F7574696C2F446174653B4C000764656C466C616771007E00094C000772656D61726B7371007E00094C0008757064617465427971007E000B4C000A7570646174654461746571007E000C78720026636F6D2E63746F702E636F6D6D6F6E2E70657273697374656E63652E42617365456E7469747900000000000000010200055A000B69734E65775265636F72644C000B63757272656E745573657271007E000B4C0002696471007E00094C0004706167657400224C636F6D2F63746F702F636F6D6D6F6E2F70657273697374656E63652F506167653B4C000673716C4D617071007E0003787000707400203561303062656236396265363438383439643665326337363338663766343137707073720020636F6D2E63746F702E6D6F64756C65732E7379732E656E746974792E5573657200000000000000010200144C0007636F6D70616E797400244C636F6D2F63746F702F6D6F64756C65732F7379732F656E746974792F4F66666963653B4C0005656D61696C71007E00094C00096C6F67696E4461746571007E000C4C00096C6F67696E466C616771007E00094C00076C6F67696E497071007E00094C00096C6F67696E4E616D6571007E00094C00066D6F62696C6571007E00094C00046E616D6571007E00094C000B6E657750617373776F726471007E00094C00026E6F71007E00094C00066F666669636571007E00124C000C6F6C644C6F67696E4461746571007E000C4C000A6F6C644C6F67696E497071007E00094C000C6F6C644C6F67696E4E616D6571007E00094C000870617373776F726471007E00094C000570686F6E6571007E00094C000570686F746F71007E00094C0004726F6C657400224C636F6D2F63746F702F6D6F64756C65732F7379732F656E746974792F526F6C653B4C0008726F6C654C6973747400104C6A6176612F7574696C2F4C6973743B4C0008757365725479706571007E00097871007E000A00707400013170707371007E00110070740001317070707074000130707070707070740001317070707070707070707070707070737200136A6176612E7574696C2E41727261794C6973747881D21D99C7619D03000149000473697A6578700000000077040000000A78707372000E6A6176612E7574696C2E44617465686A81014B597419030000787077080000013EE348D000787400013074000FE69C80E9AB98E7AEA1E79086E591987371007E00110070740001317070707071007E001970707070707071007E001A70707070707070707070707070707371007E001B0000000077040000000A78707371007E001D77080000013EE348D0007873720022636F6D2E63746F702E6D6F64756C65732E7379732E656E746974792E4F6666696365000000000000000102000E4C00076164647265737371007E00094C0004617265617400224C636F6D2F63746F702F6D6F64756C65732F7379732F656E746974792F417265613B4C000D6368696C64446570744C69737471007E00144C0004636F646571007E00094C000C646570757479506572736F6E71007E000B4C0005656D61696C71007E00094C000366617871007E00094C0005677261646571007E00094C00066D617374657271007E00094C000570686F6E6571007E00094C000D7072696D617279506572736F6E71007E000B4C00047479706571007E00094C000775736561626C6571007E00094C00077A6970436F646571007E000978720026636F6D2E63746F702E636F6D6D6F6E2E70657273697374656E63652E54726565456E7469747900000000000000010200044C00046E616D6571007E00094C0006706172656E747400124C6A6176612F6C616E672F4F626A6563743B4C0009706172656E7449647371007E00094C0004736F72747400134C6A6176612F6C616E672F496E74656765723B7871007E000A0070740001317070707071007E0019707070740012E5B1B1E4B89CE79C81E680BBE585ACE58FB87371007E00250070740001307070707071007E0019707070707070737200116A6176612E6C616E672E496E746567657212E2A0A4F781873802000149000576616C7565787200106A6176612E6C616E672E4E756D62657286AC951D0B94E08B02000078700000001E7070707070707070707070740001327070740002302C71007E00317073720020636F6D2E63746F702E6D6F64756C65732E7379732E656E746974792E4172656100000000000000010200024C0004636F646571007E00094C00047479706571007E00097871007E00270070740001327070707071007E0019707070740009E5B1B1E4B89CE79C817371007E00340070740001317070707071007E001970707070707071007E00317070740004302C312C71007E0031707070707070707070707071007E003270707400107468696E6B67656D403136332E636F6D7371007E001D77080000016072E2216C787400013174000D3139322E3136382E302E32333974000561646D696E7400043836373574000FE7B3BBE7BB9FE7AEA1E79086E5919870740004303030317371007E00250070740001327070707071007E001970707074000CE585ACE58FB8E9A286E5AFBC7371007E00250070740001317070707071007E001970707070707071007E0031707070707070707070707071007E00327070740004302C312C71007E0031707371007E00340070740001327070707071007E0019707070740009E5B1B1E4B89CE79C817371007E00340070740001317070707071007E001970707070707071007E00317070740004302C312C71007E0031707070707070707070707071007E003270707371007E001D77080000016072DDFCD87874000D3139322E3136382E302E3233397074003830326133663037373266636361396634313561646339393037333462343563366630353963376433336565323833363263343835323033327400043836373570707371007E001B0000000277040000000A73720020636F6D2E63746F702E6D6F64756C65732E7379732E656E746974792E526F6C65000000000000000102000C4C00096461746153636F706571007E00094C0006656E6E616D6571007E00094C00086D656E754C69737471007E00144C00046E616D6571007E00094C00066F666669636571007E00124C000A6F66666963654C69737471007E00144C00096F6C64456E6E616D6571007E00094C00076F6C644E616D6571007E00094C0008726F6C655479706571007E00094C00077379734461746171007E00094C000775736561626C6571007E00094C00047573657271007E000B7871007E000A0070740001327070707071007E00197070707400013274000268727371007E001B0000000077040000000A7874000FE585ACE58FB8E7AEA1E79086E59198707371007E001B0000000077040000000A78707074000A61737369676E6D656E747074000131707371007E00540070740001317070707071007E001970707074000131740004646570747371007E001B0000000077040000000A7874000FE7B3BBE7BB9FE7AEA1E79086E59198707371007E001B0000000077040000000A78707074000A61737369676E6D656E7470740001317078707371007E001D77080000016072E4503F7871007E001974000D31E58886E9929FE4B880E6ACA171007E001571007E0067740008746573745461736B74000D30202A2F31202A202A202A203F7400047465737474000FE6809DE789B9E5AE9AE697B6E599A8740001307800);

-- ----------------------------
-- Table structure for qrtz_locks
-- ----------------------------
DROP TABLE IF EXISTS `qrtz_locks`;
CREATE TABLE `qrtz_locks`  (
  `SCHED_NAME` varchar(120) CHARACTER SET utf8 COLLATE utf8_general_ci NOT NULL,
  `LOCK_NAME` varchar(40) CHARACTER SET utf8 COLLATE utf8_general_ci NOT NULL,
  PRIMARY KEY (`SCHED_NAME`, `LOCK_NAME`) USING BTREE
) ENGINE = InnoDB CHARACTER SET = utf8 COLLATE = utf8_general_ci ROW_FORMAT = Dynamic;

-- ----------------------------
-- Records of qrtz_locks
-- ----------------------------
INSERT INTO `qrtz_locks` VALUES ('ctopScheduler', 'STATE_ACCESS');
INSERT INTO `qrtz_locks` VALUES ('ctopScheduler', 'TRIGGER_ACCESS');

-- ----------------------------
-- Table structure for qrtz_paused_trigger_grps
-- ----------------------------
DROP TABLE IF EXISTS `qrtz_paused_trigger_grps`;
CREATE TABLE `qrtz_paused_trigger_grps`  (
  `SCHED_NAME` varchar(120) CHARACTER SET utf8 COLLATE utf8_general_ci NOT NULL,
  `TRIGGER_GROUP` varchar(200) CHARACTER SET utf8 COLLATE utf8_general_ci NOT NULL,
  PRIMARY KEY (`SCHED_NAME`, `TRIGGER_GROUP`) USING BTREE
) ENGINE = InnoDB CHARACTER SET = utf8 COLLATE = utf8_general_ci ROW_FORMAT = Dynamic;

-- ----------------------------
-- Table structure for qrtz_scheduler_state
-- ----------------------------
DROP TABLE IF EXISTS `qrtz_scheduler_state`;
CREATE TABLE `qrtz_scheduler_state`  (
  `SCHED_NAME` varchar(120) CHARACTER SET utf8 COLLATE utf8_general_ci NOT NULL,
  `INSTANCE_NAME` varchar(200) CHARACTER SET utf8 COLLATE utf8_general_ci NOT NULL,
  `LAST_CHECKIN_TIME` bigint(13) NOT NULL,
  `CHECKIN_INTERVAL` bigint(13) NOT NULL,
  PRIMARY KEY (`SCHED_NAME`, `INSTANCE_NAME`) USING BTREE
) ENGINE = InnoDB CHARACTER SET = utf8 COLLATE = utf8_general_ci ROW_FORMAT = Dynamic;

-- ----------------------------
-- Records of qrtz_scheduler_state
-- ----------------------------
INSERT INTO `qrtz_scheduler_state` VALUES ('ctopScheduler', '192.168.3.151567043275449', 1567043306480, 15000);

-- ----------------------------
-- Table structure for qrtz_simple_triggers
-- ----------------------------
DROP TABLE IF EXISTS `qrtz_simple_triggers`;
CREATE TABLE `qrtz_simple_triggers`  (
  `SCHED_NAME` varchar(120) CHARACTER SET utf8 COLLATE utf8_general_ci NOT NULL,
  `TRIGGER_NAME` varchar(200) CHARACTER SET utf8 COLLATE utf8_general_ci NOT NULL,
  `TRIGGER_GROUP` varchar(200) CHARACTER SET utf8 COLLATE utf8_general_ci NOT NULL,
  `REPEAT_COUNT` bigint(7) NOT NULL,
  `REPEAT_INTERVAL` bigint(12) NOT NULL,
  `TIMES_TRIGGERED` bigint(10) NOT NULL,
  PRIMARY KEY (`SCHED_NAME`, `TRIGGER_NAME`, `TRIGGER_GROUP`) USING BTREE,
  CONSTRAINT `qrtz_simple_triggers_ibfk_1` FOREIGN KEY (`SCHED_NAME`, `TRIGGER_NAME`, `TRIGGER_GROUP`) REFERENCES `qrtz_triggers` (`SCHED_NAME`, `TRIGGER_NAME`, `TRIGGER_GROUP`) ON DELETE RESTRICT ON UPDATE RESTRICT
) ENGINE = InnoDB CHARACTER SET = utf8 COLLATE = utf8_general_ci ROW_FORMAT = Dynamic;

-- ----------------------------
-- Table structure for qrtz_simprop_triggers
-- ----------------------------
DROP TABLE IF EXISTS `qrtz_simprop_triggers`;
CREATE TABLE `qrtz_simprop_triggers`  (
  `SCHED_NAME` varchar(120) CHARACTER SET utf8 COLLATE utf8_general_ci NOT NULL,
  `TRIGGER_NAME` varchar(200) CHARACTER SET utf8 COLLATE utf8_general_ci NOT NULL,
  `TRIGGER_GROUP` varchar(200) CHARACTER SET utf8 COLLATE utf8_general_ci NOT NULL,
  `STR_PROP_1` varchar(512) CHARACTER SET utf8 COLLATE utf8_general_ci NULL DEFAULT NULL,
  `STR_PROP_2` varchar(512) CHARACTER SET utf8 COLLATE utf8_general_ci NULL DEFAULT NULL,
  `STR_PROP_3` varchar(512) CHARACTER SET utf8 COLLATE utf8_general_ci NULL DEFAULT NULL,
  `INT_PROP_1` int(11) NULL DEFAULT NULL,
  `INT_PROP_2` int(11) NULL DEFAULT NULL,
  `LONG_PROP_1` bigint(20) NULL DEFAULT NULL,
  `LONG_PROP_2` bigint(20) NULL DEFAULT NULL,
  `DEC_PROP_1` decimal(13, 4) NULL DEFAULT NULL,
  `DEC_PROP_2` decimal(13, 4) NULL DEFAULT NULL,
  `BOOL_PROP_1` varchar(1) CHARACTER SET utf8 COLLATE utf8_general_ci NULL DEFAULT NULL,
  `BOOL_PROP_2` varchar(1) CHARACTER SET utf8 COLLATE utf8_general_ci NULL DEFAULT NULL,
  PRIMARY KEY (`SCHED_NAME`, `TRIGGER_NAME`, `TRIGGER_GROUP`) USING BTREE,
  CONSTRAINT `qrtz_simprop_triggers_ibfk_1` FOREIGN KEY (`SCHED_NAME`, `TRIGGER_NAME`, `TRIGGER_GROUP`) REFERENCES `qrtz_triggers` (`SCHED_NAME`, `TRIGGER_NAME`, `TRIGGER_GROUP`) ON DELETE RESTRICT ON UPDATE RESTRICT
) ENGINE = InnoDB CHARACTER SET = utf8 COLLATE = utf8_general_ci ROW_FORMAT = Dynamic;

-- ----------------------------
-- Table structure for qrtz_triggers
-- ----------------------------
DROP TABLE IF EXISTS `qrtz_triggers`;
CREATE TABLE `qrtz_triggers`  (
  `SCHED_NAME` varchar(120) CHARACTER SET utf8 COLLATE utf8_general_ci NOT NULL,
  `TRIGGER_NAME` varchar(200) CHARACTER SET utf8 COLLATE utf8_general_ci NOT NULL,
  `TRIGGER_GROUP` varchar(200) CHARACTER SET utf8 COLLATE utf8_general_ci NOT NULL,
  `JOB_NAME` varchar(200) CHARACTER SET utf8 COLLATE utf8_general_ci NOT NULL,
  `JOB_GROUP` varchar(200) CHARACTER SET utf8 COLLATE utf8_general_ci NOT NULL,
  `DESCRIPTION` varchar(250) CHARACTER SET utf8 COLLATE utf8_general_ci NULL DEFAULT NULL,
  `NEXT_FIRE_TIME` bigint(13) NULL DEFAULT NULL,
  `PREV_FIRE_TIME` bigint(13) NULL DEFAULT NULL,
  `PRIORITY` int(11) NULL DEFAULT NULL,
  `TRIGGER_STATE` varchar(16) CHARACTER SET utf8 COLLATE utf8_general_ci NOT NULL,
  `TRIGGER_TYPE` varchar(8) CHARACTER SET utf8 COLLATE utf8_general_ci NOT NULL,
  `START_TIME` bigint(13) NOT NULL,
  `END_TIME` bigint(13) NULL DEFAULT NULL,
  `CALENDAR_NAME` varchar(200) CHARACTER SET utf8 COLLATE utf8_general_ci NULL DEFAULT NULL,
  `MISFIRE_INSTR` smallint(2) NULL DEFAULT NULL,
  `JOB_DATA` blob NULL,
  PRIMARY KEY (`SCHED_NAME`, `TRIGGER_NAME`, `TRIGGER_GROUP`) USING BTREE,
  INDEX `IDX_QRTZ_T_J`(`SCHED_NAME`, `JOB_NAME`, `JOB_GROUP`) USING BTREE,
  INDEX `IDX_QRTZ_T_JG`(`SCHED_NAME`, `JOB_GROUP`) USING BTREE,
  INDEX `IDX_QRTZ_T_C`(`SCHED_NAME`, `CALENDAR_NAME`) USING BTREE,
  INDEX `IDX_QRTZ_T_G`(`SCHED_NAME`, `TRIGGER_GROUP`) USING BTREE,
  INDEX `IDX_QRTZ_T_STATE`(`SCHED_NAME`, `TRIGGER_STATE`) USING BTREE,
  INDEX `IDX_QRTZ_T_N_STATE`(`SCHED_NAME`, `TRIGGER_NAME`, `TRIGGER_GROUP`, `TRIGGER_STATE`) USING BTREE,
  INDEX `IDX_QRTZ_T_N_G_STATE`(`SCHED_NAME`, `TRIGGER_GROUP`, `TRIGGER_STATE`) USING BTREE,
  INDEX `IDX_QRTZ_T_NEXT_FIRE_TIME`(`SCHED_NAME`, `NEXT_FIRE_TIME`) USING BTREE,
  INDEX `IDX_QRTZ_T_NFT_ST`(`SCHED_NAME`, `TRIGGER_STATE`, `NEXT_FIRE_TIME`) USING BTREE,
  INDEX `IDX_QRTZ_T_NFT_MISFIRE`(`SCHED_NAME`, `MISFIRE_INSTR`, `NEXT_FIRE_TIME`) USING BTREE,
  INDEX `IDX_QRTZ_T_NFT_ST_MISFIRE`(`SCHED_NAME`, `MISFIRE_INSTR`, `NEXT_FIRE_TIME`, `TRIGGER_STATE`) USING BTREE,
  INDEX `IDX_QRTZ_T_NFT_ST_MISFIRE_GRP`(`SCHED_NAME`, `MISFIRE_INSTR`, `NEXT_FIRE_TIME`, `TRIGGER_GROUP`, `TRIGGER_STATE`) USING BTREE,
  CONSTRAINT `qrtz_triggers_ibfk_1` FOREIGN KEY (`SCHED_NAME`, `JOB_NAME`, `JOB_GROUP`) REFERENCES `qrtz_job_details` (`SCHED_NAME`, `JOB_NAME`, `JOB_GROUP`) ON DELETE RESTRICT ON UPDATE RESTRICT
) ENGINE = InnoDB CHARACTER SET = utf8 COLLATE = utf8_general_ci ROW_FORMAT = Dynamic;

-- ----------------------------
-- Records of qrtz_triggers
-- ----------------------------
INSERT INTO `qrtz_triggers` VALUES ('ctopScheduler', 'TASK_5a00beb69be648849d6e2c7638f7f417', 'DEFAULT', 'TASK_5a00beb69be648849d6e2c7638f7f417', 'DEFAULT', NULL, 1513756320000, 1513756200000, 5, 'PAUSED', 'CRON', 1513756056000, 0, NULL, 2, 0xACED0005737200156F72672E71756172747A2E4A6F62446174614D61709FB083E8BFA9B0CB020000787200266F72672E71756172747A2E7574696C732E537472696E674B65794469727479466C61674D61708208E8C3FBC55D280200015A0013616C6C6F77735472616E7369656E74446174617872001D6F72672E71756172747A2E7574696C732E4469727479466C61674D617013E62EAD28760ACE0200025A000564697274794C00036D617074000F4C6A6176612F7574696C2F4D61703B787001737200116A6176612E7574696C2E486173684D61700507DAC1C31660D103000246000A6C6F6164466163746F724900097468726573686F6C6478703F4000000000000C7708000000100000000174000D4A4F425F504152414D5F4B455973720027636F6D2E63746F702E6D6F64756C65732E6A6F622E656E746974792E5363686564756C654A6F6200000000000000010200054C00086265616E4E616D657400124C6A6176612F6C616E672F537472696E673B4C000E63726F6E45787072657373696F6E71007E00094C000A6D6574686F644E616D6571007E00094C0006706172616D7371007E00094C000673746174757371007E000978720026636F6D2E63746F702E636F6D6D6F6E2E70657273697374656E63652E44617461456E7469747900000000000000010200064C000863726561746542797400224C636F6D2F63746F702F6D6F64756C65732F7379732F656E746974792F557365723B4C000A637265617465446174657400104C6A6176612F7574696C2F446174653B4C000764656C466C616771007E00094C000772656D61726B7371007E00094C0008757064617465427971007E000B4C000A7570646174654461746571007E000C78720026636F6D2E63746F702E636F6D6D6F6E2E70657273697374656E63652E42617365456E7469747900000000000000010200055A000B69734E65775265636F72644C000B63757272656E745573657271007E000B4C0002696471007E00094C0004706167657400224C636F6D2F63746F702F636F6D6D6F6E2F70657273697374656E63652F506167653B4C000673716C4D617071007E0003787000707400203561303062656236396265363438383439643665326337363338663766343137707073720020636F6D2E63746F702E6D6F64756C65732E7379732E656E746974792E5573657200000000000000010200144C0007636F6D70616E797400244C636F6D2F63746F702F6D6F64756C65732F7379732F656E746974792F4F66666963653B4C0005656D61696C71007E00094C00096C6F67696E4461746571007E000C4C00096C6F67696E466C616771007E00094C00076C6F67696E497071007E00094C00096C6F67696E4E616D6571007E00094C00066D6F62696C6571007E00094C00046E616D6571007E00094C000B6E657750617373776F726471007E00094C00026E6F71007E00094C00066F666669636571007E00124C000C6F6C644C6F67696E4461746571007E000C4C000A6F6C644C6F67696E497071007E00094C000C6F6C644C6F67696E4E616D6571007E00094C000870617373776F726471007E00094C000570686F6E6571007E00094C000570686F746F71007E00094C0004726F6C657400224C636F6D2F63746F702F6D6F64756C65732F7379732F656E746974792F526F6C653B4C0008726F6C654C6973747400104C6A6176612F7574696C2F4C6973743B4C0008757365725479706571007E00097871007E000A0070740001317070707074000130707070707070740001317070707070707070707070707070737200136A6176612E7574696C2E41727261794C6973747881D21D99C7619D03000149000473697A6578700000000077040000000A78707372000E6A6176612E7574696C2E44617465686A81014B597419030000787077080000016072E44E08787400013074001BE6B58BE8AF95E4BBBBE58AA1EFBC8CE4BBA5E4BE9BE58F82E880837371007E001100707400013170707371007E00110070740001317070707071007E001770707070707071007E001870707070707070707070707070707371007E00190000000077040000000A78707371007E001B77080000013EE348D000787400013074000FE69C80E9AB98E7AEA1E79086E591987371007E00110070740001317070707071007E001770707070707071007E001870707070707070707070707070707371007E00190000000077040000000A78707371007E001B77080000013EE348D0007873720022636F6D2E63746F702E6D6F64756C65732E7379732E656E746974792E4F6666696365000000000000000102000E4C00076164647265737371007E00094C0004617265617400224C636F6D2F63746F702F6D6F64756C65732F7379732F656E746974792F417265613B4C000D6368696C64446570744C69737471007E00144C0004636F646571007E00094C000C646570757479506572736F6E71007E000B4C0005656D61696C71007E00094C000366617871007E00094C0005677261646571007E00094C00066D617374657271007E00094C000570686F6E6571007E00094C000D7072696D617279506572736F6E71007E000B4C00047479706571007E00094C000775736561626C6571007E00094C00077A6970436F646571007E000978720026636F6D2E63746F702E636F6D6D6F6E2E70657273697374656E63652E54726565456E7469747900000000000000010200044C00046E616D6571007E00094C0006706172656E747400124C6A6176612F6C616E672F4F626A6563743B4C0009706172656E7449647371007E00094C0004736F72747400134C6A6176612F6C616E672F496E74656765723B7871007E000A0070740001317070707071007E0017707070740012E5B1B1E4B89CE79C81E680BBE585ACE58FB87371007E002B0070740001307070707071007E0017707070707070737200116A6176612E6C616E672E496E746567657212E2A0A4F781873802000149000576616C7565787200106A6176612E6C616E672E4E756D62657286AC951D0B94E08B02000078700000001E7070707070707070707070740001327070740002302C71007E00377073720020636F6D2E63746F702E6D6F64756C65732E7379732E656E746974792E4172656100000000000000010200024C0004636F646571007E00094C00047479706571007E00097871007E002D0070740001327070707071007E0017707070740009E5B1B1E4B89CE79C817371007E003A0070740001317070707071007E001770707070707071007E00377070740004302C312C71007E0037707070707070707070707071007E003870707400107468696E6B67656D403136332E636F6D7371007E001B77080000016072E2216C787400013174000D3139322E3136382E302E32333974000561646D696E7400043836373574000FE7B3BBE7BB9FE7AEA1E79086E5919870740004303030317371007E002B0070740001327070707071007E001770707074000CE585ACE58FB8E9A286E5AFBC7371007E002B0070740001317070707071007E001770707070707071007E0037707070707070707070707071007E00387070740004302C312C71007E0037707371007E003A0070740001327070707071007E0017707070740009E5B1B1E4B89CE79C817371007E003A0070740001317070707071007E001770707070707071007E00377070740004302C312C71007E0037707070707070707070707071007E003870707371007E001B77080000016072DDFCD87874000D3139322E3136382E302E3233397074003830326133663037373266636361396634313561646339393037333462343563366630353963376433336565323833363263343835323033327400043836373570707371007E00190000000277040000000A73720020636F6D2E63746F702E6D6F64756C65732E7379732E656E746974792E526F6C65000000000000000102000C4C00096461746153636F706571007E00094C0006656E6E616D6571007E00094C00086D656E754C69737471007E00144C00046E616D6571007E00094C00066F666669636571007E00124C000A6F66666963654C69737471007E00144C00096F6C64456E6E616D6571007E00094C00076F6C644E616D6571007E00094C0008726F6C655479706571007E00094C00077379734461746171007E00094C000775736561626C6571007E00094C00047573657271007E000B7871007E000A0070740001327070707071007E00177070707400013274000268727371007E00190000000077040000000A7874000FE585ACE58FB8E7AEA1E79086E59198707371007E00190000000077040000000A78707074000A61737369676E6D656E747074000131707371007E005A0070740001317070707071007E001770707074000131740004646570747371007E00190000000077040000000A7874000FE7B3BBE7BB9FE7AEA1E79086E59198707371007E00190000000077040000000A78707074000A61737369676E6D656E7470740001317078707371007E001B77080000016072E5CAAC78740008746573745461736B74000D30202A2F32202A202A202A203F7400047465737474000FE6809DE789B9E5AE9AE697B6E599A8740001307800);

-- ----------------------------
-- Table structure for schedule_job
-- ----------------------------
DROP TABLE IF EXISTS `schedule_job`;
CREATE TABLE `schedule_job`  (
  `id` varchar(64) CHARACTER SET utf8 COLLATE utf8_general_ci NOT NULL COMMENT '',
  `bean_name` varchar(200) CHARACTER SET utf8 COLLATE utf8_general_ci NULL DEFAULT NULL COMMENT 'spring bean',
  `method_name` varchar(100) CHARACTER SET utf8 COLLATE utf8_general_ci NULL DEFAULT NULL COMMENT '',
  `params` varchar(2000) CHARACTER SET utf8 COLLATE utf8_general_ci NULL DEFAULT NULL COMMENT '',
  `cron_expression` varchar(100) CHARACTER SET utf8 COLLATE utf8_general_ci NULL DEFAULT NULL COMMENT 'cron',
  `status` char(1) CHARACTER SET utf8 COLLATE utf8_general_ci NULL DEFAULT NULL COMMENT '',
  `create_by` varchar(64) CHARACTER SET utf8 COLLATE utf8_general_ci NOT NULL COMMENT '',
  `create_date` datetime(0) NOT NULL COMMENT '',
  `update_by` varchar(64) CHARACTER SET utf8 COLLATE utf8_general_ci NOT NULL COMMENT '',
  `update_date` datetime(0) NOT NULL COMMENT '',
  `remarks` varchar(255) CHARACTER SET utf8 COLLATE utf8_general_ci NULL DEFAULT NULL COMMENT '',
  `del_flag` char(1) CHARACTER SET utf8 COLLATE utf8_general_ci NOT NULL DEFAULT '0' COMMENT '',
  PRIMARY KEY (`id`) USING BTREE,
  INDEX `schedule_job_del_flag`(`del_flag`) USING BTREE
) ENGINE = InnoDB CHARACTER SET = utf8 COLLATE = utf8_general_ci COMMENT = '' ROW_FORMAT = Dynamic;

-- ----------------------------
-- Records of schedule_job
-- ----------------------------
INSERT INTO `schedule_job` VALUES ('373f0a1b2bb84a3594df213b504350f4', 'testTask', 'test', 'params', '0 */1 * * * ?', '0', '1', '2017-12-20 15:35:35', '1', '2017-12-20 15:35:35', '222', '1');
INSERT INTO `schedule_job` VALUES ('5a00beb69be648849d6e2c7638f7f417', 'testTask', 'test', '', '0 */2 * * * ?', '1', '1', '2017-12-20 15:47:33', '1', '2017-12-20 15:49:10', '', '0');
INSERT INTO `schedule_job` VALUES ('b1c2c56e2f9845fdbd28e0ae2b2dc963', 'testTask', 'test', 'cccc', '0 */1 * * * ?', '0', '1', '2017-12-20 15:13:57', '1', '2017-12-20 15:13:57', '', '1');

-- ----------------------------
-- Table structure for schedule_job_log
-- ----------------------------
DROP TABLE IF EXISTS `schedule_job_log`;
CREATE TABLE `schedule_job_log`  (
  `id` varchar(64) CHARACTER SET utf8 COLLATE utf8_general_ci NOT NULL COMMENT '',
  `job_id` varchar(64) CHARACTER SET utf8 COLLATE utf8_general_ci NULL DEFAULT NULL COMMENT 'id',
  `bean_name` varchar(200) CHARACTER SET utf8 COLLATE utf8_general_ci NULL DEFAULT NULL COMMENT 'spring bean',
  `method_name` varchar(100) CHARACTER SET utf8 COLLATE utf8_general_ci NULL DEFAULT NULL COMMENT '',
  `params` varchar(2000) CHARACTER SET utf8 COLLATE utf8_general_ci NULL DEFAULT NULL COMMENT '',
  `job_result` char(1) CHARACTER SET utf8 COLLATE utf8_general_ci NOT NULL COMMENT '',
  `error` varchar(2000) CHARACTER SET utf8 COLLATE utf8_general_ci NULL DEFAULT NULL COMMENT '',
  `times` int(11) NOT NULL COMMENT '()',
  `create_by` varchar(64) CHARACTER SET utf8 COLLATE utf8_general_ci NOT NULL COMMENT '',
  `create_date` datetime(0) NOT NULL COMMENT '',
  `update_by` varchar(64) CHARACTER SET utf8 COLLATE utf8_general_ci NOT NULL COMMENT '',
  `update_date` datetime(0) NOT NULL COMMENT '',
  `remarks` varchar(255) CHARACTER SET utf8 COLLATE utf8_general_ci NULL DEFAULT NULL COMMENT '',
  `del_flag` char(1) CHARACTER SET utf8 COLLATE utf8_general_ci NOT NULL DEFAULT '0' COMMENT '',
  PRIMARY KEY (`id`) USING BTREE,
  INDEX `schedule_job_log_del_flag`(`del_flag`) USING BTREE
) ENGINE = InnoDB CHARACTER SET = utf8 COLLATE = utf8_general_ci COMMENT = '	' ROW_FORMAT = Dynamic;

-- ----------------------------
-- Records of schedule_job_log
-- ----------------------------
INSERT INTO `schedule_job_log` VALUES ('19e25d68c2d54e1baccec95324d5c158', '5a00beb69be648849d6e2c7638f7f417', 'testTask', 'test', '', '0', NULL, 1003, '1', '2017-12-20 15:48:05', '1', '2017-12-20 15:48:05', NULL, '0');
INSERT INTO `schedule_job_log` VALUES ('389197a48a024a4fb83fce430cba1383', '373f0a1b2bb84a3594df213b504350f4', 'testTask', 'test', 'params', '0', NULL, 1020, '1', '2017-12-20 15:40:35', '1', '2017-12-20 15:40:35', NULL, '0');
INSERT INTO `schedule_job_log` VALUES ('43eccef992b34e1d83f621b673b5cdb5', 'b1c2c56e2f9845fdbd28e0ae2b2dc963', 'testTask', 'test', 'cccc', '0', NULL, 1004, '1', '2017-12-20 15:25:25', '1', '2017-12-20 15:25:25', NULL, '0');
INSERT INTO `schedule_job_log` VALUES ('5fc758beecad406585b49b04c80c0101', '373f0a1b2bb84a3594df213b504350f4', 'testTask', 'test', 'params', '0', NULL, 1019, '1', '2017-12-20 15:46:15', '1', '2017-12-20 15:46:15', NULL, '0');
INSERT INTO `schedule_job_log` VALUES ('660483a5223545bcb9c21857f0af1709', 'b1c2c56e2f9845fdbd28e0ae2b2dc963', 'testTask', 'test', 'cccc', '0', NULL, 1004, '1', '2017-12-20 15:26:21', '1', '2017-12-20 15:26:21', NULL, '0');
INSERT INTO `schedule_job_log` VALUES ('6fed387a76c44503ab97cf4f142ec827', '373f0a1b2bb84a3594df213b504350f4', 'testTask', 'test', 'params', '0', NULL, 1004, '1', '2017-12-20 15:46:42', '1', '2017-12-20 15:46:42', NULL, '0');
INSERT INTO `schedule_job_log` VALUES ('7caec134c7204ac38bbcab96af5c28ba', '5a00beb69be648849d6e2c7638f7f417', 'testTask', 'test', '', '0', NULL, 1003, '1', '2017-12-20 15:49:04', '1', '2017-12-20 15:49:04', NULL, '0');
INSERT INTO `schedule_job_log` VALUES ('82be6bd023a4490994f33f84bed38375', 'b1c2c56e2f9845fdbd28e0ae2b2dc963', 'testTask', 'test', 'cccc', '0', NULL, 1003, '1', '2017-12-20 15:24:08', '1', '2017-12-20 15:24:08', NULL, '0');
INSERT INTO `schedule_job_log` VALUES ('9173d138ce944acdb9b15b87a1623762', '5a00beb69be648849d6e2c7638f7f417', 'testTask', 'test', '', '0', NULL, 1002, '1', '2017-12-20 15:50:04', '1', '2017-12-20 15:50:04', NULL, '0');
INSERT INTO `schedule_job_log` VALUES ('ca74812b262745f6a5834d64f99a81c8', 'b1c2c56e2f9845fdbd28e0ae2b2dc963', 'testTask', 'test', 'cccc', '0', NULL, 1017, '1', '2017-12-20 15:23:06', '1', '2017-12-20 15:23:06', NULL, '0');
INSERT INTO `schedule_job_log` VALUES ('d7230afd687a4e56bcc7f48c849396d8', '373f0a1b2bb84a3594df213b504350f4', 'testTask', 'test', 'params', '0', NULL, 1021, '1', '2017-12-20 15:36:03', '1', '2017-12-20 15:36:03', NULL, '0');
INSERT INTO `schedule_job_log` VALUES ('f59e44c5dbad47c59f824bef26292f25', '373f0a1b2bb84a3594df213b504350f4', 'testTask', 'test', 'params', '0', NULL, 1004, '1', '2017-12-20 15:38:04', '1', '2017-12-20 15:38:04', NULL, '0');

-- ----------------------------
-- Table structure for sys_area
-- ----------------------------
DROP TABLE IF EXISTS `sys_area`;
CREATE TABLE `sys_area`  (
  `id` varchar(64) CHARACTER SET utf8 COLLATE utf8_general_ci NOT NULL COMMENT '',
  `parent_id` varchar(64) CHARACTER SET utf8 COLLATE utf8_general_ci NOT NULL COMMENT '',
  `parent_ids` varchar(2000) CHARACTER SET utf8 COLLATE utf8_general_ci NOT NULL COMMENT '',
  `name` varchar(100) CHARACTER SET utf8 COLLATE utf8_general_ci NOT NULL COMMENT '',
  `sort` decimal(10, 0) NOT NULL COMMENT '',
  `code` varchar(100) CHARACTER SET utf8 COLLATE utf8_general_ci NULL DEFAULT NULL COMMENT '',
  `type` char(1) CHARACTER SET utf8 COLLATE utf8_general_ci NULL DEFAULT NULL COMMENT '',
  `create_by` varchar(64) CHARACTER SET utf8 COLLATE utf8_general_ci NOT NULL COMMENT '',
  `create_date` datetime(0) NOT NULL COMMENT '',
  `update_by` varchar(64) CHARACTER SET utf8 COLLATE utf8_general_ci NOT NULL COMMENT '',
  `update_date` datetime(0) NOT NULL COMMENT '',
  `remarks` varchar(255) CHARACTER SET utf8 COLLATE utf8_general_ci NULL DEFAULT NULL COMMENT '',
  `del_flag` char(1) CHARACTER SET utf8 COLLATE utf8_general_ci NOT NULL DEFAULT '0' COMMENT '',
  PRIMARY KEY (`id`) USING BTREE,
  INDEX `sys_area_parent_id`(`parent_id`) USING BTREE,
  INDEX `sys_area_del_flag`(`del_flag`) USING BTREE
) ENGINE = InnoDB CHARACTER SET = utf8 COLLATE = utf8_general_ci COMMENT = '' ROW_FORMAT = Dynamic;

-- ----------------------------
-- Records of sys_area
-- ----------------------------
INSERT INTO `sys_area` VALUES ('1', '0', '0,', '', 10, '100000', '1', '1', '2013-05-27 08:00:00', '1', '2013-05-27 08:00:00', NULL, '0');
INSERT INTO `sys_area` VALUES ('2', '1', '0,1,', '', 20, '110000', '2', '1', '2013-05-27 08:00:00', '1', '2013-05-27 08:00:00', NULL, '0');
INSERT INTO `sys_area` VALUES ('3', '2', '0,1,2,', '', 30, '110101', '3', '1', '2013-05-27 08:00:00', '1', '2013-05-27 08:00:00', NULL, '0');
INSERT INTO `sys_area` VALUES ('4', '3', '0,1,2,3,', '', 40, '110102', '4', '1', '2013-05-27 08:00:00', '1', '2013-05-27 08:00:00', NULL, '0');
INSERT INTO `sys_area` VALUES ('5', '3', '0,1,2,3,', '', 50, '110104', '4', '1', '2013-05-27 08:00:00', '1', '2013-05-27 08:00:00', NULL, '0');
INSERT INTO `sys_area` VALUES ('6', '3', '0,1,2,3,', '', 60, '110105', '4', '1', '2013-05-27 08:00:00', '1', '2013-05-27 08:00:00', NULL, '0');

-- ----------------------------
-- Table structure for sys_dict
-- ----------------------------
DROP TABLE IF EXISTS `sys_dict`;
CREATE TABLE `sys_dict`  (
  `id` varchar(64) CHARACTER SET utf8 COLLATE utf8_general_ci NOT NULL COMMENT '',
  `value` varchar(100) CHARACTER SET utf8 COLLATE utf8_general_ci NOT NULL COMMENT '',
  `label` varchar(100) CHARACTER SET utf8 COLLATE utf8_general_ci NOT NULL COMMENT '',
  `type` varchar(100) CHARACTER SET utf8 COLLATE utf8_general_ci NOT NULL COMMENT '',
  `description` varchar(100) CHARACTER SET utf8 COLLATE utf8_general_ci NOT NULL COMMENT '',
  `sort` decimal(10, 0) NOT NULL COMMENT '',
  `parent_id` varchar(64) CHARACTER SET utf8 COLLATE utf8_general_ci NULL DEFAULT '0' COMMENT '',
  `create_by` varchar(64) CHARACTER SET utf8 COLLATE utf8_general_ci NOT NULL COMMENT '',
  `create_date` datetime(0) NOT NULL COMMENT '',
  `update_by` varchar(64) CHARACTER SET utf8 COLLATE utf8_general_ci NOT NULL COMMENT '',
  `update_date` datetime(0) NOT NULL COMMENT '',
  `remarks` varchar(255) CHARACTER SET utf8 COLLATE utf8_general_ci NULL DEFAULT NULL COMMENT '',
  `del_flag` char(1) CHARACTER SET utf8 COLLATE utf8_general_ci NOT NULL DEFAULT '0' COMMENT '',
  PRIMARY KEY (`id`) USING BTREE,
  INDEX `sys_dict_value`(`value`) USING BTREE,
  INDEX `sys_dict_label`(`label`) USING BTREE,
  INDEX `sys_dict_del_flag`(`del_flag`) USING BTREE
) ENGINE = InnoDB CHARACTER SET = utf8 COLLATE = utf8_general_ci COMMENT = '' ROW_FORMAT = Dynamic;

-- ----------------------------
-- Records of sys_dict
-- ----------------------------
INSERT INTO `sys_dict` VALUES ('1', '0', '', 'del_flag', '', 10, '0', '1', '2013-05-27 08:00:00', '1', '2013-05-27 08:00:00', NULL, '0');
INSERT INTO `sys_dict` VALUES ('10', 'yellow', '', 'color', '', 40, '0', '1', '2013-05-27 08:00:00', '1', '2013-05-27 08:00:00', NULL, '0');
INSERT INTO `sys_dict` VALUES ('100', 'java.util.Date', 'Date', 'gen_java_type', 'Java\0\0', 50, '0', '1', '2013-10-28 08:00:00', '1', '2013-10-28 08:00:00', NULL, '1');
INSERT INTO `sys_dict` VALUES ('101', 'com.thinkgem.jeesite.modules.sys.entity.User', 'User', 'gen_java_type', 'Java\0\0', 60, '0', '1', '2013-10-28 08:00:00', '1', '2013-10-28 08:00:00', NULL, '1');
INSERT INTO `sys_dict` VALUES ('102', 'com.thinkgem.jeesite.modules.sys.entity.Office', 'Office', 'gen_java_type', 'Java\0\0', 70, '0', '1', '2013-10-28 08:00:00', '1', '2013-10-28 08:00:00', NULL, '1');
INSERT INTO `sys_dict` VALUES ('103', 'com.thinkgem.jeesite.modules.sys.entity.Area', 'Area', 'gen_java_type', 'Java\0\0', 80, '0', '1', '2013-10-28 08:00:00', '1', '2013-10-28 08:00:00', NULL, '1');
INSERT INTO `sys_dict` VALUES ('104', 'Custom', 'Custom', 'gen_java_type', 'Java\0\0', 90, '0', '1', '2013-10-28 08:00:00', '1', '2013-10-28 08:00:00', NULL, '1');
INSERT INTO `sys_dict` VALUES ('105', '1', '\0\0\0\0', 'oa_notify_type', '', 10, '0', '1', '2013-11-08 08:00:00', '1', '2013-11-08 08:00:00', NULL, '0');
INSERT INTO `sys_dict` VALUES ('106', '2', '\0\0\0\0', 'oa_notify_type', '', 20, '0', '1', '2013-11-08 08:00:00', '1', '2013-11-08 08:00:00', NULL, '0');
INSERT INTO `sys_dict` VALUES ('107', '3', '\0\0\0\0', 'oa_notify_type', '', 30, '0', '1', '2013-11-08 08:00:00', '1', '2013-11-08 08:00:00', NULL, '0');
INSERT INTO `sys_dict` VALUES ('108', '0', '', 'oa_notify_status', '', 10, '0', '1', '2013-11-08 08:00:00', '1', '2013-11-08 08:00:00', NULL, '0');
INSERT INTO `sys_dict` VALUES ('109', '1', '', 'oa_notify_status', '', 20, '0', '1', '2013-11-08 08:00:00', '1', '2013-11-08 08:00:00', NULL, '0');
INSERT INTO `sys_dict` VALUES ('11', 'orange', '', 'color', '', 50, '0', '1', '2013-05-27 08:00:00', '1', '2013-05-27 08:00:00', NULL, '0');
INSERT INTO `sys_dict` VALUES ('110', '0', '', 'oa_notify_read', '', 10, '0', '1', '2013-11-08 08:00:00', '1', '2013-11-08 08:00:00', NULL, '0');
INSERT INTO `sys_dict` VALUES ('111', '1', '', 'oa_notify_read', '', 20, '0', '1', '2013-11-08 08:00:00', '1', '2013-11-08 08:00:00', NULL, '0');
INSERT INTO `sys_dict` VALUES ('12', 'default', '', 'theme', '', 10, '0', '1', '2013-05-27 08:00:00', '1', '2013-05-27 08:00:00', NULL, '0');
INSERT INTO `sys_dict` VALUES ('13', 'cerulean', '', 'theme', '', 20, '0', '1', '2013-05-27 08:00:00', '1', '2013-05-27 08:00:00', NULL, '0');
INSERT INTO `sys_dict` VALUES ('14', 'readable', '', 'theme', '', 30, '0', '1', '2013-05-27 08:00:00', '1', '2013-05-27 08:00:00', NULL, '0');
INSERT INTO `sys_dict` VALUES ('15', 'united', '', 'theme', '', 40, '0', '1', '2013-05-27 08:00:00', '1', '2013-05-27 08:00:00', NULL, '0');
INSERT INTO `sys_dict` VALUES ('16', 'flat', 'Flat', 'theme', '', 60, '0', '1', '2013-05-27 08:00:00', '1', '2013-05-27 08:00:00', NULL, '0');
INSERT INTO `sys_dict` VALUES ('17', '1', '', 'sys_area_type', '', 10, '0', '1', '2013-05-27 08:00:00', '1', '2013-05-27 08:00:00', NULL, '0');
INSERT INTO `sys_dict` VALUES ('18', '2', '', 'sys_area_type', '', 20, '0', '1', '2013-05-27 08:00:00', '1', '2013-05-27 08:00:00', NULL, '0');
INSERT INTO `sys_dict` VALUES ('19', '3', '', 'sys_area_type', '', 30, '0', '1', '2013-05-27 08:00:00', '1', '2013-05-27 08:00:00', NULL, '0');
INSERT INTO `sys_dict` VALUES ('2', '1', '', 'del_flag', '', 20, '0', '1', '2013-05-27 08:00:00', '1', '2013-05-27 08:00:00', NULL, '0');
INSERT INTO `sys_dict` VALUES ('20', '4', '', 'sys_area_type', '', 40, '0', '1', '2013-05-27 08:00:00', '1', '2013-05-27 08:00:00', NULL, '0');
INSERT INTO `sys_dict` VALUES ('21', '1', '', 'sys_office_type', '', 60, '0', '1', '2013-05-27 08:00:00', '1', '2013-05-27 08:00:00', NULL, '0');
INSERT INTO `sys_dict` VALUES ('22', '2', '', 'sys_office_type', '', 70, '0', '1', '2013-05-27 08:00:00', '1', '2013-05-27 08:00:00', NULL, '0');
INSERT INTO `sys_dict` VALUES ('23', '3', '', 'sys_office_type', '', 80, '0', '1', '2013-05-27 08:00:00', '1', '2013-05-27 08:00:00', NULL, '0');
INSERT INTO `sys_dict` VALUES ('24', '4', '', 'sys_office_type', '', 90, '0', '1', '2013-05-27 08:00:00', '1', '2013-05-27 08:00:00', NULL, '0');
INSERT INTO `sys_dict` VALUES ('25', '1', '', 'sys_office_common', '', 30, '0', '1', '2013-05-27 08:00:00', '1', '2013-05-27 08:00:00', NULL, '0');
INSERT INTO `sys_dict` VALUES ('26', '2', '', 'sys_office_common', '', 40, '0', '1', '2013-05-27 08:00:00', '1', '2013-05-27 08:00:00', NULL, '0');
INSERT INTO `sys_dict` VALUES ('27', '3', '', 'sys_office_common', '', 50, '0', '1', '2013-05-27 08:00:00', '1', '2013-05-27 08:00:00', NULL, '0');
INSERT INTO `sys_dict` VALUES ('28', '1', '', 'sys_office_grade', '', 10, '0', '1', '2013-05-27 08:00:00', '1', '2013-05-27 08:00:00', NULL, '0');
INSERT INTO `sys_dict` VALUES ('29', '2', '', 'sys_office_grade', '', 20, '0', '1', '2013-05-27 08:00:00', '1', '2013-05-27 08:00:00', NULL, '0');
INSERT INTO `sys_dict` VALUES ('3', '1', '', 'show_hide', '/', 10, '0', '1', '2013-05-27 08:00:00', '1', '2013-05-27 08:00:00', NULL, '0');
INSERT INTO `sys_dict` VALUES ('30', '3', '', 'sys_office_grade', '', 30, '0', '1', '2013-05-27 08:00:00', '1', '2013-05-27 08:00:00', NULL, '0');
INSERT INTO `sys_dict` VALUES ('31', '4', '', 'sys_office_grade', '', 40, '0', '1', '2013-05-27 08:00:00', '1', '2013-05-27 08:00:00', NULL, '0');
INSERT INTO `sys_dict` VALUES ('32', '1', '', 'sys_data_scope', '', 10, '0', '1', '2013-05-27 08:00:00', '1', '2013-05-27 08:00:00', NULL, '0');
INSERT INTO `sys_dict` VALUES ('33', '2', '', 'sys_data_scope', '', 20, '0', '1', '2013-05-27 08:00:00', '1', '2013-05-27 08:00:00', NULL, '0');
INSERT INTO `sys_dict` VALUES ('34', '3', '', 'sys_data_scope', '', 30, '0', '1', '2013-05-27 08:00:00', '1', '2013-05-27 08:00:00', NULL, '0');
INSERT INTO `sys_dict` VALUES ('35', '4', '', 'sys_data_scope', '', 40, '0', '1', '2013-05-27 08:00:00', '1', '2013-05-27 08:00:00', NULL, '0');
INSERT INTO `sys_dict` VALUES ('36', '5', '', 'sys_data_scope', '', 50, '0', '1', '2013-05-27 08:00:00', '1', '2013-05-27 08:00:00', NULL, '0');
INSERT INTO `sys_dict` VALUES ('37', '8', '', 'sys_data_scope', '', 90, '0', '1', '2013-05-27 08:00:00', '1', '2013-05-27 08:00:00', NULL, '0');
INSERT INTO `sys_dict` VALUES ('38', '9', '', 'sys_data_scope', '', 100, '0', '1', '2013-05-27 08:00:00', '1', '2013-05-27 08:00:00', NULL, '0');
INSERT INTO `sys_dict` VALUES ('39', '1', '', 'sys_user_type', '', 10, '0', '1', '2013-05-27 08:00:00', '1', '2013-05-27 08:00:00', NULL, '0');
INSERT INTO `sys_dict` VALUES ('4', '0', '', 'show_hide', '/', 20, '0', '1', '2013-05-27 08:00:00', '1', '2013-05-27 08:00:00', NULL, '0');
INSERT INTO `sys_dict` VALUES ('40', '2', '', 'sys_user_type', '', 20, '0', '1', '2013-05-27 08:00:00', '1', '2013-05-27 08:00:00', NULL, '0');
INSERT INTO `sys_dict` VALUES ('41', '3', '', 'sys_user_type', '', 30, '0', '1', '2013-05-27 08:00:00', '1', '2013-05-27 08:00:00', NULL, '0');
INSERT INTO `sys_dict` VALUES ('42', 'basic', '', 'cms_theme', '', 10, '0', '1', '2013-05-27 08:00:00', '1', '2013-05-27 08:00:00', NULL, '0');
INSERT INTO `sys_dict` VALUES ('43', 'blue', '', 'cms_theme', '', 20, '0', '1', '2013-05-27 08:00:00', '1', '2013-05-27 08:00:00', NULL, '1');
INSERT INTO `sys_dict` VALUES ('44', 'red', '', 'cms_theme', '', 30, '0', '1', '2013-05-27 08:00:00', '1', '2013-05-27 08:00:00', NULL, '1');
INSERT INTO `sys_dict` VALUES ('45', 'article', '', 'cms_module', '', 10, '0', '1', '2013-05-27 08:00:00', '1', '2013-05-27 08:00:00', NULL, '0');
INSERT INTO `sys_dict` VALUES ('46', 'picture', '', 'cms_module', '', 20, '0', '1', '2013-05-27 08:00:00', '1', '2013-05-27 08:00:00', NULL, '1');
INSERT INTO `sys_dict` VALUES ('47', 'download', '', 'cms_module', '', 30, '0', '1', '2013-05-27 08:00:00', '1', '2013-05-27 08:00:00', NULL, '1');
INSERT INTO `sys_dict` VALUES ('48', 'link', '', 'cms_module', '', 40, '0', '1', '2013-05-27 08:00:00', '1', '2013-05-27 08:00:00', NULL, '0');
INSERT INTO `sys_dict` VALUES ('49', 'special', '', 'cms_module', '', 50, '0', '1', '2013-05-27 08:00:00', '1', '2013-05-27 08:00:00', NULL, '1');
INSERT INTO `sys_dict` VALUES ('5', '1', '', 'yes_no', '/', 10, '0', '1', '2013-05-27 08:00:00', '1', '2013-05-27 08:00:00', NULL, '0');
INSERT INTO `sys_dict` VALUES ('50', '0', '', 'cms_show_modes', '', 10, '0', '1', '2013-05-27 08:00:00', '1', '2013-05-27 08:00:00', NULL, '0');
INSERT INTO `sys_dict` VALUES ('51', '1', '', 'cms_show_modes', '', 20, '0', '1', '2013-05-27 08:00:00', '1', '2013-05-27 08:00:00', NULL, '0');
INSERT INTO `sys_dict` VALUES ('52', '2', '', 'cms_show_modes', '', 30, '0', '1', '2013-05-27 08:00:00', '1', '2013-05-27 08:00:00', NULL, '0');
INSERT INTO `sys_dict` VALUES ('53', '0', '', 'cms_del_flag', '', 10, '0', '1', '2013-05-27 08:00:00', '1', '2013-05-27 08:00:00', NULL, '0');
INSERT INTO `sys_dict` VALUES ('54', '1', '', 'cms_del_flag', '', 20, '0', '1', '2013-05-27 08:00:00', '1', '2013-05-27 08:00:00', NULL, '0');
INSERT INTO `sys_dict` VALUES ('55', '2', '', 'cms_del_flag', '', 15, '0', '1', '2013-05-27 08:00:00', '1', '2013-05-27 08:00:00', NULL, '0');
INSERT INTO `sys_dict` VALUES ('56', '1', '', 'cms_posid', '', 10, '0', '1', '2013-05-27 08:00:00', '1', '2013-05-27 08:00:00', NULL, '0');
INSERT INTO `sys_dict` VALUES ('57', '2', '', 'cms_posid', '', 20, '0', '1', '2013-05-27 08:00:00', '1', '2013-05-27 08:00:00', NULL, '0');
INSERT INTO `sys_dict` VALUES ('58', '1', '', 'cms_guestbook', '', 10, '0', '1', '2013-05-27 08:00:00', '1', '2013-05-27 08:00:00', NULL, '0');
INSERT INTO `sys_dict` VALUES ('59', '2', '', 'cms_guestbook', '', 20, '0', '1', '2013-05-27 08:00:00', '1', '2013-05-27 08:00:00', NULL, '0');
INSERT INTO `sys_dict` VALUES ('6', '0', '', 'yes_no', '/', 20, '0', '1', '2013-05-27 08:00:00', '1', '2013-05-27 08:00:00', NULL, '0');
INSERT INTO `sys_dict` VALUES ('60', '3', '', 'cms_guestbook', '', 30, '0', '1', '2013-05-27 08:00:00', '1', '2013-05-27 08:00:00', NULL, '0');
INSERT INTO `sys_dict` VALUES ('61', '4', '', 'cms_guestbook', '', 40, '0', '1', '2013-05-27 08:00:00', '1', '2013-05-27 08:00:00', NULL, '0');
INSERT INTO `sys_dict` VALUES ('62', '1', '', 'oa_leave_type', '', 10, '0', '1', '2013-05-27 08:00:00', '1', '2013-05-27 08:00:00', NULL, '0');
INSERT INTO `sys_dict` VALUES ('63', '2', '', 'oa_leave_type', '', 20, '0', '1', '2013-05-27 08:00:00', '1', '2013-05-27 08:00:00', NULL, '0');
INSERT INTO `sys_dict` VALUES ('64', '3', '', 'oa_leave_type', '', 30, '0', '1', '2013-05-27 08:00:00', '1', '2013-05-27 08:00:00', NULL, '0');
INSERT INTO `sys_dict` VALUES ('65', '4', '', 'oa_leave_type', '', 40, '0', '1', '2013-05-27 08:00:00', '1', '2013-05-27 08:00:00', NULL, '0');
INSERT INTO `sys_dict` VALUES ('66', '5', '', 'oa_leave_type', '', 60, '0', '1', '2013-05-27 08:00:00', '1', '2013-05-27 08:00:00', NULL, '0');
INSERT INTO `sys_dict` VALUES ('67', '1', '', 'sys_log_type', '', 30, '0', '1', '2013-06-03 08:00:00', '1', '2013-06-03 08:00:00', NULL, '0');
INSERT INTO `sys_dict` VALUES ('68', '2', '', 'sys_log_type', '', 40, '0', '1', '2013-06-03 08:00:00', '1', '2013-06-03 08:00:00', NULL, '0');
INSERT INTO `sys_dict` VALUES ('69', 'leave', '', 'act_type', '', 10, '0', '1', '2013-06-03 08:00:00', '1', '2013-06-03 08:00:00', NULL, '0');
INSERT INTO `sys_dict` VALUES ('7', 'red', '', 'color', '', 10, '0', '1', '2013-05-27 08:00:00', '1', '2013-05-27 08:00:00', NULL, '0');
INSERT INTO `sys_dict` VALUES ('70', 'test_audit', '', 'act_type', '', 20, '0', '1', '2013-06-03 08:00:00', '1', '2013-06-03 08:00:00', NULL, '0');
INSERT INTO `sys_dict` VALUES ('71', '1', '1', 'act_category', '', 10, '0', '1', '2013-06-03 08:00:00', '1', '2013-06-03 08:00:00', NULL, '0');
INSERT INTO `sys_dict` VALUES ('72', '2', '2', 'act_category', '', 20, '0', '1', '2013-06-03 08:00:00', '1', '2013-06-03 08:00:00', NULL, '0');
INSERT INTO `sys_dict` VALUES ('73', 'crud', '', 'gen_category', '', 10, '0', '1', '2013-10-28 08:00:00', '1', '2013-10-28 08:00:00', NULL, '1');
INSERT INTO `sys_dict` VALUES ('74', 'crud_many', '', 'gen_category', '', 20, '0', '1', '2013-10-28 08:00:00', '1', '2013-10-28 08:00:00', NULL, '1');
INSERT INTO `sys_dict` VALUES ('75', 'tree', '', 'gen_category', '', 30, '0', '1', '2013-10-28 08:00:00', '1', '2013-10-28 08:00:00', NULL, '1');
INSERT INTO `sys_dict` VALUES ('76', '=', '=', 'gen_query_type', '', 10, '0', '1', '2013-10-28 08:00:00', '1', '2013-10-28 08:00:00', NULL, '1');
INSERT INTO `sys_dict` VALUES ('77', '!=', '!=', 'gen_query_type', '', 20, '0', '1', '2013-10-28 08:00:00', '1', '2013-10-28 08:00:00', NULL, '1');
INSERT INTO `sys_dict` VALUES ('78', '&gt;', '&gt;', 'gen_query_type', '', 30, '0', '1', '2013-10-28 08:00:00', '1', '2013-10-28 08:00:00', NULL, '1');
INSERT INTO `sys_dict` VALUES ('79', '&lt;', '&lt;', 'gen_query_type', '', 40, '0', '1', '2013-10-28 08:00:00', '1', '2013-10-28 08:00:00', NULL, '1');
INSERT INTO `sys_dict` VALUES ('8', 'green', '', 'color', '', 20, '0', '1', '2013-05-27 08:00:00', '1', '2013-05-27 08:00:00', NULL, '0');
INSERT INTO `sys_dict` VALUES ('80', 'between', 'Between', 'gen_query_type', '', 50, '0', '1', '2013-10-28 08:00:00', '1', '2013-10-28 08:00:00', NULL, '1');
INSERT INTO `sys_dict` VALUES ('81', 'like', 'Like', 'gen_query_type', '', 60, '0', '1', '2013-10-28 08:00:00', '1', '2013-10-28 08:00:00', NULL, '1');
INSERT INTO `sys_dict` VALUES ('82', 'left_like', 'Left Like', 'gen_query_type', '', 70, '0', '1', '2013-10-28 08:00:00', '1', '2013-10-28 08:00:00', NULL, '1');
INSERT INTO `sys_dict` VALUES ('83', 'right_like', 'Right Like', 'gen_query_type', '', 80, '0', '1', '2013-10-28 08:00:00', '1', '2013-10-28 08:00:00', NULL, '1');
INSERT INTO `sys_dict` VALUES ('84', 'input', '', 'gen_show_type', '', 10, '0', '1', '2013-10-28 08:00:00', '1', '2013-10-28 08:00:00', NULL, '1');
INSERT INTO `sys_dict` VALUES ('85', 'textarea', '', 'gen_show_type', '', 20, '0', '1', '2013-10-28 08:00:00', '1', '2013-10-28 08:00:00', NULL, '1');
INSERT INTO `sys_dict` VALUES ('86', 'select', '', 'gen_show_type', '', 30, '0', '1', '2013-10-28 08:00:00', '1', '2013-10-28 08:00:00', NULL, '1');
INSERT INTO `sys_dict` VALUES ('87', 'checkbox', '', 'gen_show_type', '', 40, '0', '1', '2013-10-28 08:00:00', '1', '2013-10-28 08:00:00', NULL, '1');
INSERT INTO `sys_dict` VALUES ('88', 'radiobox', '', 'gen_show_type', '', 50, '0', '1', '2013-10-28 08:00:00', '1', '2013-10-28 08:00:00', NULL, '1');
INSERT INTO `sys_dict` VALUES ('89', 'dateselect', '', 'gen_show_type', '', 60, '0', '1', '2013-10-28 08:00:00', '1', '2013-10-28 08:00:00', NULL, '1');
INSERT INTO `sys_dict` VALUES ('9', 'blue', '', 'color', '', 30, '0', '1', '2013-05-27 08:00:00', '1', '2013-05-27 08:00:00', NULL, '0');
INSERT INTO `sys_dict` VALUES ('90', 'userselect', '\0', 'gen_show_type', '', 70, '0', '1', '2013-10-28 08:00:00', '1', '2013-10-28 08:00:00', NULL, '1');
INSERT INTO `sys_dict` VALUES ('91', 'officeselect', '', 'gen_show_type', '', 80, '0', '1', '2013-10-28 08:00:00', '1', '2013-10-28 08:00:00', NULL, '1');
INSERT INTO `sys_dict` VALUES ('92', 'areaselect', '', 'gen_show_type', '', 90, '0', '1', '2013-10-28 08:00:00', '1', '2013-10-28 08:00:00', NULL, '1');
INSERT INTO `sys_dict` VALUES ('93', 'String', 'String', 'gen_java_type', 'Java', 10, '0', '1', '2013-10-28 08:00:00', '1', '2013-10-28 08:00:00', NULL, '1');
INSERT INTO `sys_dict` VALUES ('94', 'Long', 'Long', 'gen_java_type', 'Java', 20, '0', '1', '2013-10-28 08:00:00', '1', '2013-10-28 08:00:00', NULL, '1');
INSERT INTO `sys_dict` VALUES ('95', 'dao', '', 'gen_category', '\0\0\0\0\0\0', 40, '0', '1', '2013-10-28 08:00:00', '1', '2013-10-28 08:00:00', NULL, '1');
INSERT INTO `sys_dict` VALUES ('96', '1', '', 'sex', '', 10, '0', '1', '2013-10-28 08:00:00', '1', '2013-10-28 08:00:00', NULL, '0');
INSERT INTO `sys_dict` VALUES ('97', '2', '', 'sex', '', 20, '0', '1', '2013-10-28 08:00:00', '1', '2013-10-28 08:00:00', NULL, '0');
INSERT INTO `sys_dict` VALUES ('98', 'Integer', 'Integer', 'gen_java_type', 'Java\0\0', 30, '0', '1', '2013-10-28 08:00:00', '1', '2013-10-28 08:00:00', NULL, '1');
INSERT INTO `sys_dict` VALUES ('99', 'Double', 'Double', 'gen_java_type', 'Java\0\0', 40, '0', '1', '2013-10-28 08:00:00', '1', '2013-10-28 08:00:00', NULL, '1');

-- ----------------------------
-- Table structure for sys_log
-- ----------------------------
DROP TABLE IF EXISTS `sys_log`;
CREATE TABLE `sys_log`  (
  `id` varchar(64) CHARACTER SET utf8 COLLATE utf8_general_ci NOT NULL COMMENT '',
  `type` char(1) CHARACTER SET utf8 COLLATE utf8_general_ci NULL DEFAULT '1' COMMENT '',
  `title` varchar(255) CHARACTER SET utf8 COLLATE utf8_general_ci NULL DEFAULT '' COMMENT '',
  `create_by` varchar(64) CHARACTER SET utf8 COLLATE utf8_general_ci NULL DEFAULT NULL COMMENT '',
  `create_date` datetime(0) NULL DEFAULT NULL COMMENT '',
  `remote_addr` varchar(255) CHARACTER SET utf8 COLLATE utf8_general_ci NULL DEFAULT NULL COMMENT 'IP',
  `user_agent` varchar(255) CHARACTER SET utf8 COLLATE utf8_general_ci NULL DEFAULT NULL COMMENT '',
  `request_uri` varchar(255) CHARACTER SET utf8 COLLATE utf8_general_ci NULL DEFAULT NULL COMMENT 'URI',
  `method` varchar(5) CHARACTER SET utf8 COLLATE utf8_general_ci NULL DEFAULT NULL COMMENT '',
  `params` text CHARACTER SET utf8 COLLATE utf8_general_ci NULL COMMENT '',
  `exception` text CHARACTER SET utf8 COLLATE utf8_general_ci NULL COMMENT '',
  PRIMARY KEY (`id`) USING BTREE,
  INDEX `sys_log_create_by`(`create_by`) USING BTREE,
  INDEX `sys_log_request_uri`(`request_uri`) USING BTREE,
  INDEX `sys_log_type`(`type`) USING BTREE,
  INDEX `sys_log_create_date`(`create_date`) USING BTREE
) ENGINE = InnoDB CHARACTER SET = utf8 COLLATE = utf8_general_ci COMMENT = '' ROW_FORMAT = Dynamic;

-- ----------------------------
-- Records of sys_log
-- ----------------------------
INSERT INTO `sys_log` VALUES ('0040c9cbebce4db8b9a4a40314dd2bf5', '1', '-', '1', '2019-09-06 04:25:21', '0:0:0:0:0:0:0:1', 'Mozilla/5.0 (Macintosh; Intel Mac OS X 10_14_6) AppleWebKit/537.36 (KHTML, like Gecko) Chrome/76.0.3809.132 Safari/537.36', '/a/demo/demoData/page', 'GET', '', '');
INSERT INTO `sys_log` VALUES ('004cc604f28b4dd29a3293ab3e15ecb1', '1', '-', '1', '2019-09-06 08:18:48', '0:0:0:0:0:0:0:1', 'Mozilla/5.0 (Macintosh; Intel Mac OS X 10_14_6) AppleWebKit/537.36 (KHTML, like Gecko) Chrome/76.0.3809.132 Safari/537.36', '/a/demo/demoData/page', 'GET', '', '');
INSERT INTO `sys_log` VALUES ('00e57088fc2b4a65a4eac3f1dd14367e', '1', '--', '1', '2017-11-14 15:16:44', '182.110.0.154', 'Mozilla/5.0 (Windows NT 6.1; WOW64) AppleWebKit/537.36 (KHTML, like Gecko) Chrome/57.0.2987.98 Safari/537.36 LBBROWSER', '/jeesite/a/oa/oaNotify/self', 'GET', '', '');
INSERT INTO `sys_log` VALUES ('00f486bdecd245ff8902590f8fa814d4', '1', '--', '1', '2019-09-09 02:54:21', '0:0:0:0:0:0:0:1', 'Mozilla/5.0 (Macintosh; Intel Mac OS X 10_14_6) AppleWebKit/537.36 (KHTML, like Gecko) Chrome/76.0.3809.132 Safari/537.36', '/a/gen/genScheme', 'GET', '', '');
INSERT INTO `sys_log` VALUES ('0240fd073c6b4d519068148df0f1cf6b', '1', '-', '1', '2019-09-06 01:58:31', '0:0:0:0:0:0:0:1', 'Mozilla/5.0 (Macintosh; Intel Mac OS X 10_14_6) AppleWebKit/537.36 (KHTML, like Gecko) Chrome/76.0.3809.132 Safari/537.36', '/a/demo/demoData/page', 'GET', '', '');
INSERT INTO `sys_log` VALUES ('02936aa27bab490abe70a777419f42ff', '1', '-', '1', '2019-09-06 04:16:25', '0:0:0:0:0:0:0:1', 'Mozilla/5.0 (Macintosh; Intel Mac OS X 10_14_6) AppleWebKit/537.36 (KHTML, like Gecko) Chrome/76.0.3809.132 Safari/537.36', '/a/demo/demoData/page', 'GET', '', '');
INSERT INTO `sys_log` VALUES ('032395c2039644adba825be592f635d1', '1', '--', '1', '2019-09-09 21:28:10', '0:0:0:0:0:0:0:1', 'Mozilla/5.0 (Macintosh; Intel Mac OS X 10_14_6) AppleWebKit/537.36 (KHTML, like Gecko) Chrome/76.0.3809.132 Safari/537.36', '/a/sys/role/', 'GET', '', '');
INSERT INTO `sys_log` VALUES ('03e8b4e54dbb4538bb25fc14d863de73', '1', '-', '1', '2019-09-09 02:06:13', '0:0:0:0:0:0:0:1', 'Mozilla/5.0 (Macintosh; Intel Mac OS X 10_14_6) AppleWebKit/537.36 (KHTML, like Gecko) Chrome/76.0.3809.132 Safari/537.36', '/a/demo/demoData/page', 'GET', '', '');
INSERT INTO `sys_log` VALUES ('03f9c75876954d4d941e11337e946224', '1', '---', '1', '2019-09-10 14:46:39', '0:0:0:0:0:0:0:1', 'Mozilla/5.0 (Macintosh; Intel Mac OS X 10_14_6) AppleWebKit/537.36 (KHTML, like Gecko) Chrome/76.0.3809.132 Safari/537.36', '/a/sys/user/form', 'GET', 'id=2', '');
INSERT INTO `sys_log` VALUES ('043e7e30ede3477c8c7170cd99b5d811', '1', '-', '1', '2017-11-14 15:15:15', '124.128.62.162', 'Mozilla/5.0 (Windows NT 10.0; WOW64) AppleWebKit/537.36 (KHTML, like Gecko) Chrome/55.0.2883.87 Safari/537.36', '/jeesite/a/cms/none', 'GET', '', '');
INSERT INTO `sys_log` VALUES ('046bfa0dc0c74419a7face960aeb2a1a', '1', '-', '1', '2019-09-06 04:00:09', '0:0:0:0:0:0:0:1', 'Mozilla/5.0 (Macintosh; Intel Mac OS X 10_14_6) AppleWebKit/537.36 (KHTML, like Gecko) Chrome/76.0.3809.132 Safari/537.36', '/a/demo/demoData/page', 'GET', '', '');
INSERT INTO `sys_log` VALUES ('04e5026b1a194a2e894b9e77d08a31ee', '1', '', '1', '2019-09-09 01:52:11', '0:0:0:0:0:0:0:1', 'Mozilla/5.0 (Macintosh; Intel Mac OS X 10_14_6) AppleWebKit/537.36 (KHTML, like Gecko) Chrome/76.0.3809.132 Safari/537.36', '/a', 'GET', 'login=', '');
INSERT INTO `sys_log` VALUES ('04ffe911b753493b82262b486352208b', '1', '-', '1', '2019-09-08 20:52:52', '0:0:0:0:0:0:0:1', 'Mozilla/5.0 (Macintosh; Intel Mac OS X 10_14_6) AppleWebKit/537.36 (KHTML, like Gecko) Chrome/76.0.3809.132 Safari/537.36', '/a/demo/demoData/page', 'GET', '', '');
INSERT INTO `sys_log` VALUES ('05262bba5f974a1a953a9260cc0cc9ef', '1', '-', '1', '2019-09-09 01:37:54', '0:0:0:0:0:0:0:1', 'Mozilla/5.0 (Macintosh; Intel Mac OS X 10_14_6) AppleWebKit/537.36 (KHTML, like Gecko) Chrome/76.0.3809.132 Safari/537.36', '/a/demo/demoData/page', 'GET', '', '');
INSERT INTO `sys_log` VALUES ('0551d8a21d294d92ab4e0a3e5233338e', '1', '-', '1', '2019-09-06 02:39:12', '0:0:0:0:0:0:0:1', 'Mozilla/5.0 (Macintosh; Intel Mac OS X 10_14_6) AppleWebKit/537.36 (KHTML, like Gecko) Chrome/76.0.3809.132 Safari/537.36', '/a/demo/demoData/page', 'GET', '', '');
INSERT INTO `sys_log` VALUES ('06608af720204256a88fc08131051189', '1', '--', '1', '2019-09-06 00:48:17', '0:0:0:0:0:0:0:1', 'Mozilla/5.0 (Macintosh; Intel Mac OS X 10_14_6) AppleWebKit/537.36 (KHTML, like Gecko) Chrome/76.0.3809.132 Safari/537.36', '/a/sys/menu/', 'GET', '', '');
INSERT INTO `sys_log` VALUES ('068d7a8d8c9a4e12b3a4301ccc2813ff', '1', '--', '1', '2019-09-09 03:38:42', '0:0:0:0:0:0:0:1', 'Mozilla/5.0 (Macintosh; Intel Mac OS X 10_14_6) AppleWebKit/537.36 (KHTML, like Gecko) Chrome/76.0.3809.132 Safari/537.36', '/a/gen/genTable', 'GET', '', '');
INSERT INTO `sys_log` VALUES ('068eab30bf8141ad860a4cebb1a8d054', '1', '--', '1', '2017-11-14 15:14:18', '124.128.62.162', 'Mozilla/5.0 (Windows NT 10.0; WOW64) AppleWebKit/537.36 (KHTML, like Gecko) Chrome/55.0.2883.87 Safari/537.36', '/jeesite/a/oa/oaNotify/self', 'GET', '', '');
INSERT INTO `sys_log` VALUES ('0713fd911bba4938ac63df79e76a8082', '1', '-', '1', '2019-09-09 01:58:11', '0:0:0:0:0:0:0:1', 'Mozilla/5.0 (Macintosh; Intel Mac OS X 10_14_6) AppleWebKit/537.36 (KHTML, like Gecko) Chrome/76.0.3809.132 Safari/537.36', '/a/demo/demoData/page', 'GET', '', '');
INSERT INTO `sys_log` VALUES ('0725faff81c341248bdf92cb10dadd23', '1', '--', '1', '2019-09-09 03:05:51', '0:0:0:0:0:0:0:1', 'Mozilla/5.0 (Macintosh; Intel Mac OS X 10_14_6) AppleWebKit/537.36 (KHTML, like Gecko) Chrome/76.0.3809.132 Safari/537.36', '/a/gen/genScheme', 'GET', '', '');
INSERT INTO `sys_log` VALUES ('0786a17308254ad199d3096387d6fbea', '1', '--', '1', '2019-09-09 04:12:02', '0:0:0:0:0:0:0:1', 'Mozilla/5.0 (Macintosh; Intel Mac OS X 10_14_6) AppleWebKit/537.36 (KHTML, like Gecko) Chrome/76.0.3809.132 Safari/537.36', '/a/sys/log', 'GET', '', '');
INSERT INTO `sys_log` VALUES ('07deb55f49e147f5bba4a6e6a67df690', '1', '-', '1', '2019-09-08 21:14:28', '0:0:0:0:0:0:0:1', 'Mozilla/5.0 (Macintosh; Intel Mac OS X 10_14_6) AppleWebKit/537.36 (KHTML, like Gecko) Chrome/76.0.3809.132 Safari/537.36', '/a/demo/demoData/page', 'GET', '', '');
INSERT INTO `sys_log` VALUES ('082637cd9a8f430e81ed77ede4990207', '1', '--', '1', '2019-09-09 21:30:22', '0:0:0:0:0:0:0:1', 'Mozilla/5.0 (Macintosh; Intel Mac OS X 10_14_6) AppleWebKit/537.36 (KHTML, like Gecko) Chrome/76.0.3809.132 Safari/537.36', '/a/sys/role/', 'GET', '', '');
INSERT INTO `sys_log` VALUES ('09d2b0c835a5492087eb3d033ad25670', '1', '-', '1', '2019-09-08 19:23:57', '0:0:0:0:0:0:0:1', 'Mozilla/5.0 (Macintosh; Intel Mac OS X 10_14_6) AppleWebKit/537.36 (KHTML, like Gecko) Chrome/76.0.3809.132 Safari/537.36', '/a/demo/demoData/page', 'GET', '', '');
INSERT INTO `sys_log` VALUES ('0a43a5f9c7cc430582a4849a041703e2', '1', '-', '1', '2019-09-09 01:37:57', '0:0:0:0:0:0:0:1', 'Mozilla/5.0 (Macintosh; Intel Mac OS X 10_14_6) AppleWebKit/537.36 (KHTML, like Gecko) Chrome/76.0.3809.132 Safari/537.36', '/a/demo/demoData/page', 'GET', '', '');
INSERT INTO `sys_log` VALUES ('0ad3eddec8a8477298d1143092f60a05', '1', '--', '1', '2019-09-06 00:53:36', '0:0:0:0:0:0:0:1', 'Mozilla/5.0 (Macintosh; Intel Mac OS X 10_14_6) AppleWebKit/537.36 (KHTML, like Gecko) Chrome/76.0.3809.132 Safari/537.36', '/a/sys/role/', 'GET', '', '');
INSERT INTO `sys_log` VALUES ('0b63119be55247d48bb09b6c671b55cc', '1', '--', '1', '2019-09-09 02:19:31', '0:0:0:0:0:0:0:1', 'Mozilla/5.0 (Macintosh; Intel Mac OS X 10_14_6) AppleWebKit/537.36 (KHTML, like Gecko) Chrome/76.0.3809.132 Safari/537.36', '/a/oa/oaNotify/self', 'GET', '', '');
INSERT INTO `sys_log` VALUES ('0d00aa19ed25436a9d741088df25f928', '1', '--', '1', '2017-11-14 15:15:11', '124.128.62.162', 'Mozilla/5.0 (Windows NT 10.0; WOW64) AppleWebKit/537.36 (KHTML, like Gecko) Chrome/55.0.2883.87 Safari/537.36', '/jeesite/a/sys/user/info', 'GET', 'tabPageId=jerichotabiframe_0', '');
INSERT INTO `sys_log` VALUES ('0d166220b6b743048caff67213fd2b0c', '1', '', '1', '2019-09-08 19:33:06', '0:0:0:0:0:0:0:1', 'Mozilla/5.0 (Macintosh; Intel Mac OS X 10_14_6) AppleWebKit/537.36 (KHTML, like Gecko) Chrome/76.0.3809.132 Safari/537.36', '/a', 'GET', 'login=', '');
INSERT INTO `sys_log` VALUES ('0d237e422c394bc69ddcb9147d8a370b', '1', '---', '1', '2019-09-06 00:49:25', '0:0:0:0:0:0:0:1', 'Mozilla/5.0 (Macintosh; Intel Mac OS X 10_14_6) AppleWebKit/537.36 (KHTML, like Gecko) Chrome/76.0.3809.132 Safari/537.36', '/a/sys/menu/form', 'GET', 'id=27', '');
INSERT INTO `sys_log` VALUES ('0d520f88ed614f1eb68f5389c95a93c4', '1', '-', '1', '2019-09-06 02:37:13', '0:0:0:0:0:0:0:1', 'Mozilla/5.0 (Macintosh; Intel Mac OS X 10_14_6) AppleWebKit/537.36 (KHTML, like Gecko) Chrome/76.0.3809.132 Safari/537.36', '/a/demo/demoData/page', 'GET', '', '');
INSERT INTO `sys_log` VALUES ('0d95a25e800e4d958715eab7a885f664', '1', '--', '1', '2019-09-06 00:50:10', '0:0:0:0:0:0:0:1', 'Mozilla/5.0 (Macintosh; Intel Mac OS X 10_14_6) AppleWebKit/537.36 (KHTML, like Gecko) Chrome/76.0.3809.132 Safari/537.36', '/a/sys/menu/', 'GET', '', '');
INSERT INTO `sys_log` VALUES ('0db90b84f6644e409580cff2d2f5ffbb', '1', '--', '1', '2019-09-09 02:48:43', '0:0:0:0:0:0:0:1', 'Mozilla/5.0 (Macintosh; Intel Mac OS X 10_14_6) AppleWebKit/537.36 (KHTML, like Gecko) Chrome/76.0.3809.132 Safari/537.36', '/a/gen/genTable', 'GET', '', '');
INSERT INTO `sys_log` VALUES ('0dc04638f0c74b7aa071f5cee49ed2eb', '1', '--', '1', '2019-09-09 04:11:14', '0:0:0:0:0:0:0:1', 'Mozilla/5.0 (Macintosh; Intel Mac OS X 10_14_6) AppleWebKit/537.36 (KHTML, like Gecko) Chrome/76.0.3809.132 Safari/537.36', '/a/sys/log', 'GET', '', '');
INSERT INTO `sys_log` VALUES ('0e77da9a37f34cb59fde2e84f00efa1d', '1', '---', '1', '2019-09-09 21:30:48', '0:0:0:0:0:0:0:1', 'Mozilla/5.0 (Macintosh; Intel Mac OS X 10_14_6) AppleWebKit/537.36 (KHTML, like Gecko) Chrome/76.0.3809.132 Safari/537.36', '/a/sys/user/list', 'GET', '', '');
INSERT INTO `sys_log` VALUES ('0ead2ef30bf94b8e878bbf074fda7877', '1', '-', '1', '2019-09-06 02:33:20', '0:0:0:0:0:0:0:1', 'Mozilla/5.0 (Macintosh; Intel Mac OS X 10_14_6) AppleWebKit/537.36 (KHTML, like Gecko) Chrome/76.0.3809.132 Safari/537.36', '/a/demo/demoData/page', 'GET', '', '');
INSERT INTO `sys_log` VALUES ('0ec796f626b844579824f8d75f2edc73', '1', '--', '1', '2019-09-09 03:18:39', '0:0:0:0:0:0:0:1', 'Mozilla/5.0 (Macintosh; Intel Mac OS X 10_14_6) AppleWebKit/537.36 (KHTML, like Gecko) Chrome/76.0.3809.132 Safari/537.36', '/a/gen/genTable', 'GET', '', '');
INSERT INTO `sys_log` VALUES ('0f0bf8a984464283968cbb8859d56e4e', '1', '--', '1', '2019-09-09 21:30:48', '0:0:0:0:0:0:0:1', 'Mozilla/5.0 (Macintosh; Intel Mac OS X 10_14_6) AppleWebKit/537.36 (KHTML, like Gecko) Chrome/76.0.3809.132 Safari/537.36', '/a/sys/user/index', 'GET', '', '');
INSERT INTO `sys_log` VALUES ('0f3952f9b46344b9ba0944716d0b60d1', '1', '--', '1', '2017-11-14 15:14:22', '119.97.201.18', 'Mozilla/5.0 (Windows NT 10.0; WOW64) AppleWebKit/537.36 (KHTML, like Gecko) Chrome/62.0.3202.62 Safari/537.36', '/jeesite/a/sys/user/info', 'GET', '', '');
INSERT INTO `sys_log` VALUES ('0f6bfcf963cf4ce996a641f8b512ae3d', '1', '-', '1', '2019-09-09 00:49:18', '0:0:0:0:0:0:0:1', 'Mozilla/5.0 (Macintosh; Intel Mac OS X 10_14_6) AppleWebKit/537.36 (KHTML, like Gecko) Chrome/76.0.3809.132 Safari/537.36', '/a/demo/demoData/page', 'GET', '', '');
INSERT INTO `sys_log` VALUES ('0fd9bfe1dea948b39db37f6227c7c6b6', '1', '-', '1', '2019-09-06 00:54:10', '0:0:0:0:0:0:0:1', 'Mozilla/5.0 (Macintosh; Intel Mac OS X 10_14_6) AppleWebKit/537.36 (KHTML, like Gecko) Chrome/76.0.3809.132 Safari/537.36', '/a/demo/demoData/page', 'GET', '', '');
INSERT INTO `sys_log` VALUES ('0ff0c32297ec484b9fbf900639bda314', '1', '-', '1', '2019-09-07 04:25:15', '0:0:0:0:0:0:0:1', 'Mozilla/5.0 (Macintosh; Intel Mac OS X 10_14_6) AppleWebKit/537.36 (KHTML, like Gecko) Chrome/76.0.3809.132 Safari/537.36', '/a/demo/demoData/page', 'GET', '', '');
INSERT INTO `sys_log` VALUES ('0ff25f9ae5754622b36ad10eb0fbdbb6', '1', '--', '1', '2019-09-09 21:15:28', '0:0:0:0:0:0:0:1', 'Mozilla/5.0 (Macintosh; Intel Mac OS X 10_14_6) AppleWebKit/537.36 (KHTML, like Gecko) Chrome/76.0.3809.132 Safari/537.36', '/a/sys/office/', 'GET', '', '');
INSERT INTO `sys_log` VALUES ('104e84d6472f40bf975e90911b9452a8', '1', '-', '1', '2019-09-06 01:49:01', '0:0:0:0:0:0:0:1', 'Mozilla/5.0 (Macintosh; Intel Mac OS X 10_14_6) AppleWebKit/537.36 (KHTML, like Gecko) Chrome/76.0.3809.132 Safari/537.36', '/a/demo/demoData/page', 'GET', '', '');
INSERT INTO `sys_log` VALUES ('1089fe5cc8294044a4e58ed238e12b0b', '1', '-', '1', '2019-09-06 02:18:57', '0:0:0:0:0:0:0:1', 'Mozilla/5.0 (Macintosh; Intel Mac OS X 10_14_6) AppleWebKit/537.36 (KHTML, like Gecko) Chrome/76.0.3809.132 Safari/537.36', '/a/demo/demoData/page', 'GET', '', '');
INSERT INTO `sys_log` VALUES ('108fbe7277894b3a845c938b86c0a539', '1', '--', '1', '2019-09-09 02:59:14', '0:0:0:0:0:0:0:1', 'Mozilla/5.0 (Macintosh; Intel Mac OS X 10_14_6) AppleWebKit/537.36 (KHTML, like Gecko) Chrome/76.0.3809.132 Safari/537.36', '/a/gen/genScheme', 'GET', '', '');
INSERT INTO `sys_log` VALUES ('109a13ae1c5044d6b19c59dcfad66586', '1', '--', '1', '2019-09-06 00:53:42', '0:0:0:0:0:0:0:1', 'Mozilla/5.0 (Macintosh; Intel Mac OS X 10_14_6) AppleWebKit/537.36 (KHTML, like Gecko) Chrome/76.0.3809.132 Safari/537.36', '/a/sys/role/', 'GET', 'repage=', '');
INSERT INTO `sys_log` VALUES ('10d835467494471dbe2ac2180cb7d0a1', '1', '--', '1', '2019-09-09 03:47:06', '0:0:0:0:0:0:0:1', 'Mozilla/5.0 (Macintosh; Intel Mac OS X 10_14_6) AppleWebKit/537.36 (KHTML, like Gecko) Chrome/76.0.3809.132 Safari/537.36', '/a/gen/genTable', 'GET', '', '');
INSERT INTO `sys_log` VALUES ('114a2939df914ff2a75f82dacf9b83fb', '1', '-', '1', '2019-09-07 04:35:03', '0:0:0:0:0:0:0:1', 'Mozilla/5.0 (Macintosh; Intel Mac OS X 10_14_6) AppleWebKit/537.36 (KHTML, like Gecko) Chrome/76.0.3809.132 Safari/537.36', '/a/demo/demoData/page', 'GET', '', '');
INSERT INTO `sys_log` VALUES ('1218d0daf59a435a9f30b521f4982c8b', '1', '--', '1', '2019-09-09 20:46:21', '0:0:0:0:0:0:0:1', 'Mozilla/5.0 (Macintosh; Intel Mac OS X 10_14_6) AppleWebKit/537.36 (KHTML, like Gecko) Chrome/76.0.3809.132 Safari/537.36', '/a/sys/area/', 'GET', '', '');
INSERT INTO `sys_log` VALUES ('123728e79ac84a169d5f3ac03ac9420b', '1', '--', '1', '2019-09-09 04:01:17', '0:0:0:0:0:0:0:1', 'Mozilla/5.0 (Macintosh; Intel Mac OS X 10_14_6) AppleWebKit/537.36 (KHTML, like Gecko) Chrome/76.0.3809.132 Safari/537.36', '/a/gen/genTable', 'GET', '', '');
INSERT INTO `sys_log` VALUES ('127579b46ba640b38594d92c0dcf2716', '1', '--', '1', '2019-09-09 04:00:26', '0:0:0:0:0:0:0:1', 'Mozilla/5.0 (Macintosh; Intel Mac OS X 10_14_6) AppleWebKit/537.36 (KHTML, like Gecko) Chrome/76.0.3809.132 Safari/537.36', '/a/gen/genScheme', 'GET', '', '');
INSERT INTO `sys_log` VALUES ('128e3691aa8f4ae8a08988e8b293c994', '1', '---', '1', '2019-09-09 21:33:08', '0:0:0:0:0:0:0:1', 'Mozilla/5.0 (Macintosh; Intel Mac OS X 10_14_6) AppleWebKit/537.36 (KHTML, like Gecko) Chrome/76.0.3809.132 Safari/537.36', '/a/sys/user/checkLoginName', 'GET', 'oldLoginName=thinkgem&loginName=admin', '');
INSERT INTO `sys_log` VALUES ('1293c54bb49041d790e14cbde3de2339', '1', '-', '1', '2019-09-07 04:11:58', '0:0:0:0:0:0:0:1', 'Mozilla/5.0 (Macintosh; Intel Mac OS X 10_14_6) AppleWebKit/537.36 (KHTML, like Gecko) Chrome/76.0.3809.132 Safari/537.36', '/a/demo/demoData/page', 'GET', '', '');
INSERT INTO `sys_log` VALUES ('12b8423debfb4741b5a1c09d6cbe8e5a', '1', '', '1', '2019-09-07 04:25:12', '0:0:0:0:0:0:0:1', 'Mozilla/5.0 (Macintosh; Intel Mac OS X 10_14_6) AppleWebKit/537.36 (KHTML, like Gecko) Chrome/76.0.3809.132 Safari/537.36', '/a', 'GET', 'login=', '');
INSERT INTO `sys_log` VALUES ('12e62bcee18f4fed918b4c0292fd4c46', '1', '--', '1', '2017-11-14 15:14:19', '124.128.62.162', 'Mozilla/5.0 (Windows NT 10.0; WOW64) AppleWebKit/537.36 (KHTML, like Gecko) Chrome/55.0.2883.87 Safari/537.36', '/jeesite/a/gen/genTable', 'GET', '', '');
INSERT INTO `sys_log` VALUES ('133e78b4ad53479ead8c58c652bc7757', '1', '--', '1', '2019-09-09 03:48:36', '0:0:0:0:0:0:0:1', 'Mozilla/5.0 (Macintosh; Intel Mac OS X 10_14_6) AppleWebKit/537.36 (KHTML, like Gecko) Chrome/76.0.3809.132 Safari/537.36', '/a/gen/genTable', 'GET', '', '');
INSERT INTO `sys_log` VALUES ('137681fbfb624d6eb33f286f7a91d9c4', '1', '--', '1', '2019-09-09 21:09:49', '0:0:0:0:0:0:0:1', 'Mozilla/5.0 (Macintosh; Intel Mac OS X 10_14_6) AppleWebKit/537.36 (KHTML, like Gecko) Chrome/76.0.3809.132 Safari/537.36', '/a/sys/area/', 'GET', '', '');
INSERT INTO `sys_log` VALUES ('146166b6d0b04cc196ec58edab628793', '1', '--', '1', '2019-09-09 20:27:41', '0:0:0:0:0:0:0:1', 'Mozilla/5.0 (Macintosh; Intel Mac OS X 10_14_6) AppleWebKit/537.36 (KHTML, like Gecko) Chrome/76.0.3809.132 Safari/537.36', '/a/gen/genTable', 'GET', '', '');
INSERT INTO `sys_log` VALUES ('1496c9d047bb49b1a474eed53a03f610', '1', '-', '1', '2019-09-09 02:05:38', '0:0:0:0:0:0:0:1', 'Mozilla/5.0 (Macintosh; Intel Mac OS X 10_14_6) AppleWebKit/537.36 (KHTML, like Gecko) Chrome/76.0.3809.132 Safari/537.36', '/a/demo/demoData/page', 'GET', '', '');
INSERT INTO `sys_log` VALUES ('14eabf6a1ac24dfb83e39f2dddddd24d', '1', '', '1', '2019-09-09 01:55:23', '0:0:0:0:0:0:0:1', 'Mozilla/5.0 (Macintosh; Intel Mac OS X 10_14_6) AppleWebKit/537.36 (KHTML, like Gecko) Chrome/76.0.3809.132 Safari/537.36', '/a', 'GET', 'login=', '');
INSERT INTO `sys_log` VALUES ('14f943ac34d347aebea42a81f894b06c', '1', '-', '1', '2017-11-14 15:14:28', '119.97.201.18', 'Mozilla/5.0 (Windows NT 10.0; WOW64) AppleWebKit/537.36 (KHTML, like Gecko) Chrome/62.0.3202.62 Safari/537.36', '/jeesite/a/cms/none', 'GET', '', '');
INSERT INTO `sys_log` VALUES ('153170b6dbf1424c930eeda206258c8d', '1', '---', '1', '2019-09-06 00:51:24', '0:0:0:0:0:0:0:1', 'Mozilla/5.0 (Macintosh; Intel Mac OS X 10_14_6) AppleWebKit/537.36 (KHTML, like Gecko) Chrome/76.0.3809.132 Safari/537.36', '/a/sys/menu/form', 'GET', 'id=65d779ccec984ff0b31df79b87ed9d56', '');
INSERT INTO `sys_log` VALUES ('15598342805a4826b0c95d966ed11c24', '1', '', '1', '2019-09-09 02:12:39', '0:0:0:0:0:0:0:1', 'Mozilla/5.0 (Macintosh; Intel Mac OS X 10_14_6) AppleWebKit/537.36 (KHTML, like Gecko) Chrome/76.0.3809.132 Safari/537.36', '/a', 'GET', 'login=', '');
INSERT INTO `sys_log` VALUES ('1591d609563047a1a8a0b50858a388ad', '1', '--', '1', '2019-09-09 04:10:34', '0:0:0:0:0:0:0:1', 'Mozilla/5.0 (Macintosh; Intel Mac OS X 10_14_6) AppleWebKit/537.36 (KHTML, like Gecko) Chrome/76.0.3809.132 Safari/537.36', '/a/sys/log', 'GET', '', '');
INSERT INTO `sys_log` VALUES ('15a4175e1b3c47978e11b86126ecb7bd', '1', '--', '1', '2019-09-06 00:48:25', '0:0:0:0:0:0:0:1', 'Mozilla/5.0 (Macintosh; Intel Mac OS X 10_14_6) AppleWebKit/537.36 (KHTML, like Gecko) Chrome/76.0.3809.132 Safari/537.36', '/a/sys/menu/', 'GET', '', '');
INSERT INTO `sys_log` VALUES ('15b3bd4235084b27903890e9fe2f0d11', '1', '--', '1', '2019-09-06 00:44:59', '0:0:0:0:0:0:0:1', 'Mozilla/5.0 (Macintosh; Intel Mac OS X 10_14_6) AppleWebKit/537.36 (KHTML, like Gecko) Chrome/76.0.3809.132 Safari/537.36', '/a/gen/genTable', 'GET', '', '');
INSERT INTO `sys_log` VALUES ('16f9fbbd5a3b4262aa0699a29977a589', '1', '---', '1', '2019-09-09 21:16:27', '0:0:0:0:0:0:0:1', 'Mozilla/5.0 (Macintosh; Intel Mac OS X 10_14_6) AppleWebKit/537.36 (KHTML, like Gecko) Chrome/76.0.3809.132 Safari/537.36', '/a/sys/office/list', 'GET', 'id=&parentIds=', '');
INSERT INTO `sys_log` VALUES ('17569f66de9443cca19177a65b41ee21', '1', '-', '1', '2017-11-14 15:18:42', '220.160.68.3', 'Mozilla/5.0 (Windows NT 10.0; WOW64) AppleWebKit/537.36 (KHTML, like Gecko) Chrome/50.0.2661.102 Safari/537.36', '/jeesite/a/cms/none', 'GET', '', '');
INSERT INTO `sys_log` VALUES ('1764dbde67d54460b5c0e4ef4e4edc92', '1', '--', '1', '2019-09-09 04:01:08', '0:0:0:0:0:0:0:1', 'Mozilla/5.0 (Macintosh; Intel Mac OS X 10_14_6) AppleWebKit/537.36 (KHTML, like Gecko) Chrome/76.0.3809.132 Safari/537.36', '/a/gen/genScheme', 'GET', '', '');
INSERT INTO `sys_log` VALUES ('1783c4df81724c2589a61fa54b42b0c8', '1', '--', '1', '2019-09-09 03:38:10', '0:0:0:0:0:0:0:1', 'Mozilla/5.0 (Macintosh; Intel Mac OS X 10_14_6) AppleWebKit/537.36 (KHTML, like Gecko) Chrome/76.0.3809.132 Safari/537.36', '/a/gen/genTable', 'GET', '', '');
INSERT INTO `sys_log` VALUES ('1955b2d2bac447dfb55e2b4300526764', '1', '-', '1', '2019-09-06 02:01:18', '0:0:0:0:0:0:0:1', 'Mozilla/5.0 (Macintosh; Intel Mac OS X 10_14_6) AppleWebKit/537.36 (KHTML, like Gecko) Chrome/76.0.3809.132 Safari/537.36', '/a/demo/demoData/page', 'GET', '', '');
INSERT INTO `sys_log` VALUES ('196c97e46ae84ec387d882dd337babd3', '1', '--', '1', '2019-09-09 03:30:06', '0:0:0:0:0:0:0:1', 'Mozilla/5.0 (Macintosh; Intel Mac OS X 10_14_6) AppleWebKit/537.36 (KHTML, like Gecko) Chrome/76.0.3809.132 Safari/537.36', '/a/gen/genTable', 'GET', '', '');
INSERT INTO `sys_log` VALUES ('1999026156a64339b19f758ce050ba3d', '1', '-', '1', '2019-09-09 01:37:05', '0:0:0:0:0:0:0:1', 'Mozilla/5.0 (Macintosh; Intel Mac OS X 10_14_6) AppleWebKit/537.36 (KHTML, like Gecko) Chrome/76.0.3809.132 Safari/537.36', '/a/demo/demoData/page', 'GET', '', '');
INSERT INTO `sys_log` VALUES ('1adb6ce09a1145e9a0402bac5c3ec4ba', '1', '-', '1', '2019-09-08 21:44:01', '0:0:0:0:0:0:0:1', 'Mozilla/5.0 (Macintosh; Intel Mac OS X 10_14_6) AppleWebKit/537.36 (KHTML, like Gecko) Chrome/76.0.3809.132 Safari/537.36', '/a/demo/demoData/page', 'GET', '', '');
INSERT INTO `sys_log` VALUES ('1b0589815ea348cbbe2cb687a54b56b2', '1', '---', '1', '2019-09-06 00:52:16', '0:0:0:0:0:0:0:1', 'Mozilla/5.0 (Macintosh; Intel Mac OS X 10_14_6) AppleWebKit/537.36 (KHTML, like Gecko) Chrome/76.0.3809.132 Safari/537.36', '/a/sys/role/save', 'POST', 'id=1&office.id=1&office.name=&oldName=&name=&oldEnname=dept&enname=dept&roleType=assignment&sysData=1&useable=1&dataScope=1&menuIds=1,27,28,29,30,71,56,57,58,59,62,88,89,90,63,73,74,64,65,66,69,70,72,2,13,20,21,22,17,18,19,14,15,...&officeIds=&remarks=', '');
INSERT INTO `sys_log` VALUES ('1b35a3fe10c348a099b24c7deae28b56', '1', '---', '1', '2019-09-09 20:27:51', '0:0:0:0:0:0:0:1', 'Mozilla/5.0 (Macintosh; Intel Mac OS X 10_14_6) AppleWebKit/537.36 (KHTML, like Gecko) Chrome/76.0.3809.132 Safari/537.36', '/a/sys/office/list', 'GET', 'id=&parentIds=', '');
INSERT INTO `sys_log` VALUES ('1b8b2db41d0245a89b168529a84bce3f', '1', '-', '1', '2019-09-06 02:51:31', '0:0:0:0:0:0:0:1', 'Mozilla/5.0 (Macintosh; Intel Mac OS X 10_14_6) AppleWebKit/537.36 (KHTML, like Gecko) Chrome/76.0.3809.132 Safari/537.36', '/a/demo/demoData/list', 'GET', '', '');
INSERT INTO `sys_log` VALUES ('1b9f824d866548c29622cf6518062d10', '1', '-', '1', '2019-09-08 21:18:38', '0:0:0:0:0:0:0:1', 'Mozilla/5.0 (Macintosh; Intel Mac OS X 10_14_6) AppleWebKit/537.36 (KHTML, like Gecko) Chrome/76.0.3809.132 Safari/537.36', '/a/demo/demoData/page', 'GET', '', '');
INSERT INTO `sys_log` VALUES ('1bad15912199436a9ab209692c91569e', '1', '--', '1', '2019-09-09 04:27:07', '0:0:0:0:0:0:0:1', 'Mozilla/5.0 (Macintosh; Intel Mac OS X 10_14_6) AppleWebKit/537.36 (KHTML, like Gecko) Chrome/76.0.3809.132 Safari/537.36', '/a/test/testDataMain', 'GET', '', '');
INSERT INTO `sys_log` VALUES ('1bd71c5d64c34cc292468ec3ee304cf6', '1', '', '1', '2019-09-06 04:02:16', '0:0:0:0:0:0:0:1', 'Mozilla/5.0 (Macintosh; Intel Mac OS X 10_14_6) AppleWebKit/537.36 (KHTML, like Gecko) Chrome/76.0.3809.132 Safari/537.36', '/a', 'GET', 'login=', '');
INSERT INTO `sys_log` VALUES ('1bf1fd52aa6f4edcad231a9565bc7384', '1', '--', '1', '2019-09-09 03:07:21', '0:0:0:0:0:0:0:1', 'Mozilla/5.0 (Macintosh; Intel Mac OS X 10_14_6) AppleWebKit/537.36 (KHTML, like Gecko) Chrome/76.0.3809.132 Safari/537.36', '/a/gen/genTable', 'GET', '', '');
INSERT INTO `sys_log` VALUES ('1c7fa12ad0d941fbb16a3b6901ba47aa', '1', '---', '1', '2019-09-09 21:33:08', '0:0:0:0:0:0:0:1', 'Mozilla/5.0 (Macintosh; Intel Mac OS X 10_14_6) AppleWebKit/537.36 (KHTML, like Gecko) Chrome/76.0.3809.132 Safari/537.36', '/a/sys/user/checkLoginName', 'GET', 'oldLoginName=thinkgem&loginName=a', '');
INSERT INTO `sys_log` VALUES ('1c88ac72d4394beda4a5ce9daf218425', '1', '-', '1', '2019-09-06 02:03:56', '0:0:0:0:0:0:0:1', 'Mozilla/5.0 (Macintosh; Intel Mac OS X 10_14_6) AppleWebKit/537.36 (KHTML, like Gecko) Chrome/76.0.3809.132 Safari/537.36', '/a/demo/demoData/page', 'GET', '', '');
INSERT INTO `sys_log` VALUES ('1d4309edcc9b466d9b4aa8c944c58ed6', '1', '----', '1', '2017-11-14 15:16:34', '119.97.201.18', 'Mozilla/5.0 (Windows NT 10.0; WOW64) AppleWebKit/537.36 (KHTML, like Gecko) Chrome/62.0.3202.62 Safari/537.36', '/jeesite/a/cms/article/form', 'GET', 'id=32', '');
INSERT INTO `sys_log` VALUES ('1d90cc421ba44400a122f6c506ae08bc', '1', '-', '1', '2019-09-06 02:26:05', '0:0:0:0:0:0:0:1', 'Mozilla/5.0 (Macintosh; Intel Mac OS X 10_14_6) AppleWebKit/537.36 (KHTML, like Gecko) Chrome/76.0.3809.132 Safari/537.36', '/a/demo/demoData/page', 'GET', '', '');
INSERT INTO `sys_log` VALUES ('1ddabc8a032d4feebccfb2dbd4d5e8ad', '1', '---', '1', '2017-11-14 15:15:52', '119.97.201.18', 'Mozilla/5.0 (Windows NT 10.0; WOW64) AppleWebKit/537.36 (KHTML, like Gecko) Chrome/62.0.3202.62 Safari/537.36', '/jeesite/a/cms/article/', 'GET', 'category.id=12', '');
INSERT INTO `sys_log` VALUES ('1e5ed9d4fe4c471cb5bd3dad04f6056f', '1', '---', '1', '2017-11-14 15:15:12', '119.97.201.18', 'Mozilla/5.0 (Windows NT 10.0; WOW64) AppleWebKit/537.36 (KHTML, like Gecko) Chrome/62.0.3202.62 Safari/537.36', '/jeesite/a/cms/article/', 'GET', 'category.id=5', '');
INSERT INTO `sys_log` VALUES ('1e7e2fe869d64119be28cbeeca7e0927', '1', '-', '1', '2019-09-06 02:08:25', '0:0:0:0:0:0:0:1', 'Mozilla/5.0 (Macintosh; Intel Mac OS X 10_14_6) AppleWebKit/537.36 (KHTML, like Gecko) Chrome/76.0.3809.132 Safari/537.36', '/a/demo/demoData/page', 'GET', '', '');
INSERT INTO `sys_log` VALUES ('1f66c7b7572b439ba61b6c8827a4e83a', '1', '---', '1', '2017-11-14 15:14:30', '119.97.201.18', 'Mozilla/5.0 (Windows NT 10.0; WOW64) AppleWebKit/537.36 (KHTML, like Gecko) Chrome/62.0.3202.62 Safari/537.36', '/jeesite/a/cms/article/', 'GET', 'category.id=3', '');
INSERT INTO `sys_log` VALUES ('1f7e9fcdd414409484e9519865f9ad40', '1', '-', '1', '2019-09-07 04:44:05', '0:0:0:0:0:0:0:1', 'Mozilla/5.0 (Macintosh; Intel Mac OS X 10_14_6) AppleWebKit/537.36 (KHTML, like Gecko) Chrome/76.0.3809.132 Safari/537.36', '/a/demo/demoData/page', 'GET', '', '');
INSERT INTO `sys_log` VALUES ('1fa51628662a467fb4573b752351dcdf', '1', '--', '1', '2019-09-09 21:30:51', '0:0:0:0:0:0:0:1', 'Mozilla/5.0 (Macintosh; Intel Mac OS X 10_14_6) AppleWebKit/537.36 (KHTML, like Gecko) Chrome/76.0.3809.132 Safari/537.36', '/a/sys/area/', 'GET', '', '');
INSERT INTO `sys_log` VALUES ('2050c435053740ecbe58c78931815570', '1', '--', '1', '2019-09-09 04:12:11', '0:0:0:0:0:0:0:1', 'Mozilla/5.0 (Macintosh; Intel Mac OS X 10_14_6) AppleWebKit/537.36 (KHTML, like Gecko) Chrome/76.0.3809.132 Safari/537.36', '/a/sys/log', 'GET', '', '');
INSERT INTO `sys_log` VALUES ('20c0b96104534bf097dd2e47c9f1328b', '1', '-', '1', '2019-09-09 01:46:05', '0:0:0:0:0:0:0:1', 'Mozilla/5.0 (Macintosh; Intel Mac OS X 10_14_6) AppleWebKit/537.36 (KHTML, like Gecko) Chrome/76.0.3809.132 Safari/537.36', '/a/demo/demoData/page', 'GET', '', '');
INSERT INTO `sys_log` VALUES ('2101451eb9424170b63dbb9e4f81bee6', '1', '-', '1', '2017-11-14 15:14:18', '124.128.62.162', 'Mozilla/5.0 (Windows NT 10.0; WOW64) AppleWebKit/537.36 (KHTML, like Gecko) Chrome/55.0.2883.87 Safari/537.36', '/jeesite/a/cms/tree', 'GET', '', '');
INSERT INTO `sys_log` VALUES ('2162758d9d6f4492992e15bec3708335', '1', '--', '1', '2019-09-09 03:16:33', '0:0:0:0:0:0:0:1', 'Mozilla/5.0 (Macintosh; Intel Mac OS X 10_14_6) AppleWebKit/537.36 (KHTML, like Gecko) Chrome/76.0.3809.132 Safari/537.36', '/a/gen/genTable', 'GET', '', '');
INSERT INTO `sys_log` VALUES ('216ac3e2584d48d6afc1c7100710aaa2', '1', '---', '1', '2019-09-09 04:01:04', '0:0:0:0:0:0:0:1', 'Mozilla/5.0 (Macintosh; Intel Mac OS X 10_14_6) AppleWebKit/537.36 (KHTML, like Gecko) Chrome/76.0.3809.132 Safari/537.36', '/a/test/testData/getListData', 'POST', '_search=false&nd=1568019664463&rows=10&cuPage=1&sidx=&sord=asc', '');
INSERT INTO `sys_log` VALUES ('225314670bde45aa9f1ef0526bc00fb9', '1', '', '1', '2019-09-07 04:34:06', '0:0:0:0:0:0:0:1', 'Mozilla/5.0 (Macintosh; Intel Mac OS X 10_14_6) AppleWebKit/537.36 (KHTML, like Gecko) Chrome/76.0.3809.132 Safari/537.36', '/a', 'GET', 'login=', '');
INSERT INTO `sys_log` VALUES ('227e7c6226c2400dba77640dfab78759', '1', '-', '1', '2019-09-06 03:04:50', '0:0:0:0:0:0:0:1', 'Mozilla/5.0 (Macintosh; Intel Mac OS X 10_14_6) AppleWebKit/537.36 (KHTML, like Gecko) Chrome/76.0.3809.132 Safari/537.36', '/a/demo/demoData/list', 'GET', '', '');
INSERT INTO `sys_log` VALUES ('22c6475dac334db88ae850bd13a4a559', '1', '-', '1', '2019-09-08 22:13:40', '0:0:0:0:0:0:0:1', 'Mozilla/5.0 (Macintosh; Intel Mac OS X 10_14_6) AppleWebKit/537.36 (KHTML, like Gecko) Chrome/76.0.3809.132 Safari/537.36', '/a/demo/demoData/page', 'GET', '', '');
INSERT INTO `sys_log` VALUES ('244af2b655ba40c88dc2e1ebd15a4f2f', '1', '--', '1', '2019-09-09 21:32:58', '0:0:0:0:0:0:0:1', 'Mozilla/5.0 (Macintosh; Intel Mac OS X 10_14_6) AppleWebKit/537.36 (KHTML, like Gecko) Chrome/76.0.3809.132 Safari/537.36', '/a/sys/user/index', 'GET', '', '');
INSERT INTO `sys_log` VALUES ('2524e801a9e74d54a1b72e89eaf59314', '1', '-', '1', '2019-09-08 22:24:32', '0:0:0:0:0:0:0:1', 'Mozilla/5.0 (Macintosh; Intel Mac OS X 10_14_6) AppleWebKit/537.36 (KHTML, like Gecko) Chrome/76.0.3809.132 Safari/537.36', '/a/demo/demoData/page', 'GET', '', '');
INSERT INTO `sys_log` VALUES ('2539ccb7f8d141829b14a9d5c950943a', '1', '-', '1', '2019-09-06 02:05:18', '0:0:0:0:0:0:0:1', 'Mozilla/5.0 (Macintosh; Intel Mac OS X 10_14_6) AppleWebKit/537.36 (KHTML, like Gecko) Chrome/76.0.3809.132 Safari/537.36', '/a/demo/demoData/page', 'GET', '', '');
INSERT INTO `sys_log` VALUES ('25828e120f53481fa8183446ea6ec11e', '1', '', '1', '2019-09-08 22:11:52', '0:0:0:0:0:0:0:1', 'Mozilla/5.0 (Macintosh; Intel Mac OS X 10_14_6) AppleWebKit/537.36 (KHTML, like Gecko) Chrome/76.0.3809.132 Safari/537.36', '/a', 'GET', 'login=', '');
INSERT INTO `sys_log` VALUES ('25839b2e3ee042a8ab6a44eafb13b6d9', '1', '-', '1', '2019-09-09 02:02:39', '0:0:0:0:0:0:0:1', 'Mozilla/5.0 (Macintosh; Intel Mac OS X 10_14_6) AppleWebKit/537.36 (KHTML, like Gecko) Chrome/76.0.3809.132 Safari/537.36', '/a/demo/demoData/page', 'GET', '', '');
INSERT INTO `sys_log` VALUES ('25e56d4258724816b7be060d3ab2c06f', '1', '---', '1', '2019-09-09 21:33:49', '0:0:0:0:0:0:0:1', 'Mozilla/5.0 (Macintosh; Intel Mac OS X 10_14_6) AppleWebKit/537.36 (KHTML, like Gecko) Chrome/76.0.3809.132 Safari/537.36', '/a/sys/user/list', 'GET', '', '');
INSERT INTO `sys_log` VALUES ('26b3f7f587fb4db9b76370429bee0577', '1', '--', '1', '2019-09-09 20:55:20', '0:0:0:0:0:0:0:1', 'Mozilla/5.0 (Macintosh; Intel Mac OS X 10_14_6) AppleWebKit/537.36 (KHTML, like Gecko) Chrome/76.0.3809.132 Safari/537.36', '/a/sys/area/', 'GET', '', '');
INSERT INTO `sys_log` VALUES ('26d0ddb042dd4833a5f1735832600939', '1', '---', '1', '2019-09-09 20:27:48', '0:0:0:0:0:0:0:1', 'Mozilla/5.0 (Macintosh; Intel Mac OS X 10_14_6) AppleWebKit/537.36 (KHTML, like Gecko) Chrome/76.0.3809.132 Safari/537.36', '/a/sys/user/list', 'GET', '', '');
INSERT INTO `sys_log` VALUES ('26fbcc021f5b4d66abe623dfad125bd1', '1', '--', '1', '2019-09-09 03:35:53', '0:0:0:0:0:0:0:1', 'Mozilla/5.0 (Macintosh; Intel Mac OS X 10_14_6) AppleWebKit/537.36 (KHTML, like Gecko) Chrome/76.0.3809.132 Safari/537.36', '/a/gen/genTable', 'GET', '', '');
INSERT INTO `sys_log` VALUES ('2718775cfc4b478da43a63dcfadbc418', '1', '--', '1', '2017-11-14 15:14:44', '124.128.62.162', 'Mozilla/5.0 (Windows NT 10.0; WOW64) AppleWebKit/537.36 (KHTML, like Gecko) Chrome/55.0.2883.87 Safari/537.36', '/jeesite/a/sys/user/info', 'GET', '', '');
INSERT INTO `sys_log` VALUES ('27b3beeac9ca486897f971962c1887a5', '1', '', '1', '2019-09-09 21:33:46', '0:0:0:0:0:0:0:1', 'Mozilla/5.0 (Macintosh; Intel Mac OS X 10_14_6) AppleWebKit/537.36 (KHTML, like Gecko) Chrome/76.0.3809.132 Safari/537.36', '/a', 'GET', 'login=', '');
INSERT INTO `sys_log` VALUES ('27e63dd59278417ab23da6bb67549787', '1', '--', '1', '2019-09-09 04:12:16', '0:0:0:0:0:0:0:1', 'Mozilla/5.0 (Macintosh; Intel Mac OS X 10_14_6) AppleWebKit/537.36 (KHTML, like Gecko) Chrome/76.0.3809.132 Safari/537.36', '/a/sys/log', 'GET', '', '');
INSERT INTO `sys_log` VALUES ('28294d1cdfd1434dbb7366d245faa2c8', '1', '-', '1', '2019-09-06 08:11:20', '0:0:0:0:0:0:0:1', 'Mozilla/5.0 (Macintosh; Intel Mac OS X 10_14_6) AppleWebKit/537.36 (KHTML, like Gecko) Chrome/76.0.3809.132 Safari/537.36', '/a/demo/demoData/list', 'GET', '', '');
INSERT INTO `sys_log` VALUES ('2849d940f1b84f979bcd4cc793950942', '1', '--', '1', '2019-09-09 03:53:05', '0:0:0:0:0:0:0:1', 'Mozilla/5.0 (Macintosh; Intel Mac OS X 10_14_6) AppleWebKit/537.36 (KHTML, like Gecko) Chrome/76.0.3809.132 Safari/537.36', '/a/gen/genTable', 'GET', '', '');
INSERT INTO `sys_log` VALUES ('289a58b3aa114d22a782bc249946f7db', '1', '---', '1', '2019-09-09 21:15:01', '0:0:0:0:0:0:0:1', 'Mozilla/5.0 (Macintosh; Intel Mac OS X 10_14_6) AppleWebKit/537.36 (KHTML, like Gecko) Chrome/76.0.3809.132 Safari/537.36', '/a/sys/office/list', 'GET', 'id=&parentIds=', '');
INSERT INTO `sys_log` VALUES ('2909c7535b524e049fd682e6823c97d1', '1', '-', '1', '2019-09-08 20:22:32', '0:0:0:0:0:0:0:1', 'Mozilla/5.0 (Macintosh; Intel Mac OS X 10_14_6) AppleWebKit/537.36 (KHTML, like Gecko) Chrome/76.0.3809.132 Safari/537.36', '/a/demo/demoData/page', 'GET', '', '');
INSERT INTO `sys_log` VALUES ('291b3a20e88643c2b325cd15808bb024', '1', '---', '1', '2019-09-06 00:51:03', '0:0:0:0:0:0:0:1', 'Mozilla/5.0 (Macintosh; Intel Mac OS X 10_14_6) AppleWebKit/537.36 (KHTML, like Gecko) Chrome/76.0.3809.132 Safari/537.36', '/a/sys/menu/form', 'GET', 'id=65d779ccec984ff0b31df79b87ed9d56', '');
INSERT INTO `sys_log` VALUES ('292fe8f4d2cc4e1d8999771f25273700', '1', '--', '1', '2019-09-09 03:40:49', '0:0:0:0:0:0:0:1', 'Mozilla/5.0 (Macintosh; Intel Mac OS X 10_14_6) AppleWebKit/537.36 (KHTML, like Gecko) Chrome/76.0.3809.132 Safari/537.36', '/a/gen/genTable', 'GET', '', '');
INSERT INTO `sys_log` VALUES ('297d7f5ba4b74198bc4e009b63536f44', '1', '--', '1', '2019-09-06 00:54:00', '0:0:0:0:0:0:0:1', 'Mozilla/5.0 (Macintosh; Intel Mac OS X 10_14_6) AppleWebKit/537.36 (KHTML, like Gecko) Chrome/76.0.3809.132 Safari/537.36', '/a/sys/menu/', 'GET', '', '');
INSERT INTO `sys_log` VALUES ('29d2b0e99869419e96250c8f2eb27704', '1', '-', '1', '2019-09-08 21:41:35', '0:0:0:0:0:0:0:1', 'Mozilla/5.0 (Macintosh; Intel Mac OS X 10_14_6) AppleWebKit/537.36 (KHTML, like Gecko) Chrome/76.0.3809.132 Safari/537.36', '/a/demo/demoData/page', 'GET', '', '');
INSERT INTO `sys_log` VALUES ('2a1d6eb61b344ffbade54bed56943548', '1', '--', '1', '2019-09-09 04:11:40', '0:0:0:0:0:0:0:1', 'Mozilla/5.0 (Macintosh; Intel Mac OS X 10_14_6) AppleWebKit/537.36 (KHTML, like Gecko) Chrome/76.0.3809.132 Safari/537.36', '/a/sys/log', 'GET', '', '');
INSERT INTO `sys_log` VALUES ('2a1da0cb029f4c17aafe65b39f04ed0f', '1', '--', '1', '2019-09-09 02:53:48', '0:0:0:0:0:0:0:1', 'Mozilla/5.0 (Macintosh; Intel Mac OS X 10_14_6) AppleWebKit/537.36 (KHTML, like Gecko) Chrome/76.0.3809.132 Safari/537.36', '/a/gen/genScheme', 'GET', '', '');
INSERT INTO `sys_log` VALUES ('2a2796681fd9492f8236bfb5a33f63b2', '1', '--', '1', '2017-11-14 15:16:46', '182.110.0.154', 'Mozilla/5.0 (Windows NT 6.1; WOW64) AppleWebKit/537.36 (KHTML, like Gecko) Chrome/57.0.2987.98 Safari/537.36 LBBROWSER', '/jeesite/a/cms/', 'GET', '', '');
INSERT INTO `sys_log` VALUES ('2a45bf79901e437797966940db7a12ae', '1', '-', '1', '2019-09-06 02:51:59', '0:0:0:0:0:0:0:1', 'Mozilla/5.0 (Macintosh; Intel Mac OS X 10_14_6) AppleWebKit/537.36 (KHTML, like Gecko) Chrome/76.0.3809.132 Safari/537.36', '/a/demo/demoData/page', 'GET', '', '');
INSERT INTO `sys_log` VALUES ('2a6bd9b0c3d5481eb106aba7dfe97c54', '1', '---', '1', '2019-09-06 00:48:25', '0:0:0:0:0:0:0:1', 'Mozilla/5.0 (Macintosh; Intel Mac OS X 10_14_6) AppleWebKit/537.36 (KHTML, like Gecko) Chrome/76.0.3809.132 Safari/537.36', '/a/sys/menu/delete', 'GET', 'id=23', '');
INSERT INTO `sys_log` VALUES ('2a88ea7f5de549cfae7626fee6d361ab', '1', '-', '1', '2019-09-08 20:28:17', '0:0:0:0:0:0:0:1', 'Mozilla/5.0 (Macintosh; Intel Mac OS X 10_14_6) AppleWebKit/537.36 (KHTML, like Gecko) Chrome/76.0.3809.132 Safari/537.36', '/a/demo/demoData/page', 'GET', '', '');
INSERT INTO `sys_log` VALUES ('2a997cd0f67f480abf51440c5e55eebc', '1', '--', '1', '2019-09-09 03:47:39', '0:0:0:0:0:0:0:1', 'Mozilla/5.0 (Macintosh; Intel Mac OS X 10_14_6) AppleWebKit/537.36 (KHTML, like Gecko) Chrome/76.0.3809.132 Safari/537.36', '/a/gen/genTable', 'GET', '', '');
INSERT INTO `sys_log` VALUES ('2abe8373888e4f5f91596762c213e361', '1', '--', '1', '2019-09-09 21:33:34', '0:0:0:0:0:0:0:1', 'Mozilla/5.0 (Macintosh; Intel Mac OS X 10_14_6) AppleWebKit/537.36 (KHTML, like Gecko) Chrome/76.0.3809.132 Safari/537.36', '/a/sys/user/index', 'GET', '', '');
INSERT INTO `sys_log` VALUES ('2af981a1ba8a4479bcdc739d9582c183', '1', '---', '1', '2019-09-06 00:50:59', '0:0:0:0:0:0:0:1', 'Mozilla/5.0 (Macintosh; Intel Mac OS X 10_14_6) AppleWebKit/537.36 (KHTML, like Gecko) Chrome/76.0.3809.132 Safari/537.36', '/a/sys/menu/save', 'POST', 'id=&parent.id=a91e496aa0ab42239c11617d7095034a&parent.name=&name=&href=demo/demoData&target=&icon=&sort=30&isShow=1&permission=&remarks=', '');
INSERT INTO `sys_log` VALUES ('2b14ad7de4084cef894cf23f5822bdae', '1', '-', '1', '2019-09-09 00:10:04', '0:0:0:0:0:0:0:1', 'Mozilla/5.0 (Macintosh; Intel Mac OS X 10_14_6) AppleWebKit/537.36 (KHTML, like Gecko) Chrome/76.0.3809.132 Safari/537.36', '/a/demo/demoData/page', 'GET', '', '');
INSERT INTO `sys_log` VALUES ('2bc06b4d4ac64f008bea35d651aadc28', '1', '-', '1', '2019-09-09 01:55:12', '0:0:0:0:0:0:0:1', 'Mozilla/5.0 (Macintosh; Intel Mac OS X 10_14_6) AppleWebKit/537.36 (KHTML, like Gecko) Chrome/76.0.3809.132 Safari/537.36', '/a/demo/demoData/page', 'GET', '', '');
INSERT INTO `sys_log` VALUES ('2c3ab95fec7a4997a56375060b41d1d5', '1', '', '1', '2019-09-09 19:06:14', '0:0:0:0:0:0:0:1', 'Mozilla/5.0 (Macintosh; Intel Mac OS X 10_14_6) AppleWebKit/537.36 (KHTML, like Gecko) Chrome/76.0.3809.132 Safari/537.36', '/a', 'GET', 'login=', '');
INSERT INTO `sys_log` VALUES ('2c96e3ba4cd44841adb7b368a14e1385', '1', '-', '1', '2019-09-06 02:05:14', '0:0:0:0:0:0:0:1', 'Mozilla/5.0 (Macintosh; Intel Mac OS X 10_14_6) AppleWebKit/537.36 (KHTML, like Gecko) Chrome/76.0.3809.132 Safari/537.36', '/a/demo/demoData/list', 'GET', '', '');
INSERT INTO `sys_log` VALUES ('2ca73cb98a2749479bdf3107588e0d6b', '1', '--', '1', '2019-09-09 03:59:05', '0:0:0:0:0:0:0:1', 'Mozilla/5.0 (Macintosh; Intel Mac OS X 10_14_6) AppleWebKit/537.36 (KHTML, like Gecko) Chrome/76.0.3809.132 Safari/537.36', '/a/gen/genTable', 'GET', '', '');
INSERT INTO `sys_log` VALUES ('2cfe6891becc41fc86ac4c1e5966680c', '1', '-', '1', '2019-09-06 02:55:09', '0:0:0:0:0:0:0:1', 'Mozilla/5.0 (Macintosh; Intel Mac OS X 10_14_6) AppleWebKit/537.36 (KHTML, like Gecko) Chrome/76.0.3809.132 Safari/537.36', '/a/demo/demoData/page', 'GET', '', '');
INSERT INTO `sys_log` VALUES ('2e45e2444a55405ca911e96ecb0d076e', '1', '-', '1', '2019-09-06 04:23:06', '0:0:0:0:0:0:0:1', 'Mozilla/5.0 (Macintosh; Intel Mac OS X 10_14_6) AppleWebKit/537.36 (KHTML, like Gecko) Chrome/76.0.3809.132 Safari/537.36', '/a/demo/demoData/page', 'GET', '', '');
INSERT INTO `sys_log` VALUES ('2e5288d55b234bc5ac3a92af17044206', '1', '--', '1', '2017-11-14 15:14:31', '124.128.62.162', 'Mozilla/5.0 (Windows NT 10.0; WOW64) AppleWebKit/537.36 (KHTML, like Gecko) Chrome/55.0.2883.87 Safari/537.36', '/jeesite/a/sys/user/info', 'GET', '', '');
INSERT INTO `sys_log` VALUES ('2e9d8378040046b396bdbd285e5c0a2b', '1', '', '1', '2019-09-08 19:47:15', '0:0:0:0:0:0:0:1', 'Mozilla/5.0 (Macintosh; Intel Mac OS X 10_14_6) AppleWebKit/537.36 (KHTML, like Gecko) Chrome/76.0.3809.132 Safari/537.36', '/a', 'GET', 'login=', '');
INSERT INTO `sys_log` VALUES ('3050e425c7424ce6b779db601be54179', '1', '-', '1', '2019-09-08 21:23:12', '0:0:0:0:0:0:0:1', 'Mozilla/5.0 (Macintosh; Intel Mac OS X 10_14_6) AppleWebKit/537.36 (KHTML, like Gecko) Chrome/76.0.3809.132 Safari/537.36', '/a/demo/demoData/page', 'GET', '', '');
INSERT INTO `sys_log` VALUES ('306975578d9c450b8c1fbaaa740a0857', '1', '--', '1', '2019-09-06 00:49:21', '0:0:0:0:0:0:0:1', 'Mozilla/5.0 (Macintosh; Intel Mac OS X 10_14_6) AppleWebKit/537.36 (KHTML, like Gecko) Chrome/76.0.3809.132 Safari/537.36', '/a/sys/menu/', 'GET', '', '');
INSERT INTO `sys_log` VALUES ('308c1a88da6b402d8936fbb9f248f8b2', '1', '', '1', '2019-09-10 15:15:20', '10.10.101.227', 'Mozilla/5.0 (Windows NT 10.0; Win64; x64) AppleWebKit/537.36 (KHTML, like Gecko) Chrome/76.0.3809.132 Safari/537.36', '/fastsite-1.2.7/a', 'GET', 'login=', '');
INSERT INTO `sys_log` VALUES ('312070943a2f40aebdf186a8b4a9c4bf', '1', '--', '1', '2019-09-09 03:01:48', '0:0:0:0:0:0:0:1', 'Mozilla/5.0 (Macintosh; Intel Mac OS X 10_14_6) AppleWebKit/537.36 (KHTML, like Gecko) Chrome/76.0.3809.132 Safari/537.36', '/a/gen/genScheme', 'GET', '', '');
INSERT INTO `sys_log` VALUES ('3148169938d942d8817cc3af02e94441', '1', '--', '1', '2017-11-14 15:14:22', '124.128.62.162', 'Mozilla/5.0 (Windows NT 10.0; WOW64) AppleWebKit/537.36 (KHTML, like Gecko) Chrome/55.0.2883.87 Safari/537.36', '/jeesite/a/oa/oaNotify/self', 'GET', '', '');
INSERT INTO `sys_log` VALUES ('31c98aa9d13546e09d607b85ab97c7f0', '1', '--', '1', '2019-09-09 03:08:23', '0:0:0:0:0:0:0:1', 'Mozilla/5.0 (Macintosh; Intel Mac OS X 10_14_6) AppleWebKit/537.36 (KHTML, like Gecko) Chrome/76.0.3809.132 Safari/537.36', '/a/gen/genScheme', 'GET', '', '');
INSERT INTO `sys_log` VALUES ('324b40511ea543a090d46fa57e7f075e', '1', '-', '1', '2019-09-08 20:34:57', '0:0:0:0:0:0:0:1', 'Mozilla/5.0 (Macintosh; Intel Mac OS X 10_14_6) AppleWebKit/537.36 (KHTML, like Gecko) Chrome/76.0.3809.132 Safari/537.36', '/a/demo/demoData/page', 'GET', '', '');
INSERT INTO `sys_log` VALUES ('3281a37bd604455d8e25fe209260c427', '1', '--', '1', '2019-09-09 03:42:24', '0:0:0:0:0:0:0:1', 'Mozilla/5.0 (Macintosh; Intel Mac OS X 10_14_6) AppleWebKit/537.36 (KHTML, like Gecko) Chrome/76.0.3809.132 Safari/537.36', '/a/gen/genTable', 'GET', '', '');
INSERT INTO `sys_log` VALUES ('33727c74f34045e09372c0a8e97be7bc', '1', '', '1', '2019-09-09 00:56:18', '0:0:0:0:0:0:0:1', 'Mozilla/5.0 (Macintosh; Intel Mac OS X 10_14_6) AppleWebKit/537.36 (KHTML, like Gecko) Chrome/76.0.3809.132 Safari/537.36', '/a', 'GET', 'login=', '');
INSERT INTO `sys_log` VALUES ('339dc2499f824f07ab9e7746822df74a', '1', '-', '1', '2019-09-08 21:14:35', '0:0:0:0:0:0:0:1', 'Mozilla/5.0 (Macintosh; Intel Mac OS X 10_14_6) AppleWebKit/537.36 (KHTML, like Gecko) Chrome/76.0.3809.132 Safari/537.36', '/a/demo/demoData/page', 'GET', '', '');
INSERT INTO `sys_log` VALUES ('343afb175fef463382a31b49f1ca4173', '1', '--', '1', '2019-09-09 03:11:53', '0:0:0:0:0:0:0:1', 'Mozilla/5.0 (Macintosh; Intel Mac OS X 10_14_6) AppleWebKit/537.36 (KHTML, like Gecko) Chrome/76.0.3809.132 Safari/537.36', '/a/gen/genScheme', 'GET', '', '');
INSERT INTO `sys_log` VALUES ('344e3cd3df76466e827dd9e525dd5015', '1', '--', '1', '2019-09-09 03:23:29', '0:0:0:0:0:0:0:1', 'Mozilla/5.0 (Macintosh; Intel Mac OS X 10_14_6) AppleWebKit/537.36 (KHTML, like Gecko) Chrome/76.0.3809.132 Safari/537.36', '/a/gen/genTable', 'GET', '', '');
INSERT INTO `sys_log` VALUES ('34ed10cc5e684516931b516adfdd9fed', '1', '--', '1', '2019-09-09 02:24:52', '0:0:0:0:0:0:0:1', 'Mozilla/5.0 (Macintosh; Intel Mac OS X 10_14_6) AppleWebKit/537.36 (KHTML, like Gecko) Chrome/76.0.3809.132 Safari/537.36', '/a/gen/genTable', 'GET', '', '');
INSERT INTO `sys_log` VALUES ('352f19f9ed9c4ab6a2e34f97b62ed3e1', '1', '--', '1', '2017-11-14 15:14:34', '124.128.62.162', 'Mozilla/5.0 (Windows NT 10.0; WOW64) AppleWebKit/537.36 (KHTML, like Gecko) Chrome/55.0.2883.87 Safari/537.36', '/jeesite/a/oa/oaNotify/self', 'GET', '', '');
INSERT INTO `sys_log` VALUES ('35e51a5d63fc425db4b5d2591b3fa097', '1', '--', '1', '2019-09-09 04:01:06', '0:0:0:0:0:0:0:1', 'Mozilla/5.0 (Macintosh; Intel Mac OS X 10_14_6) AppleWebKit/537.36 (KHTML, like Gecko) Chrome/76.0.3809.132 Safari/537.36', '/a/gen/genTable', 'GET', '', '');
INSERT INTO `sys_log` VALUES ('3616eb110ac64ee2bfcee5757e76eb5d', '1', '-', '1', '2019-09-08 21:05:54', '0:0:0:0:0:0:0:1', 'Mozilla/5.0 (Macintosh; Intel Mac OS X 10_14_6) AppleWebKit/537.36 (KHTML, like Gecko) Chrome/76.0.3809.132 Safari/537.36', '/a/demo/demoData/page', 'GET', '', '');
INSERT INTO `sys_log` VALUES ('3631adaa93484cce94e4642707970edd', '1', '', '1', '2019-09-10 15:14:33', '10.10.101.227', 'Mozilla/5.0 (Windows NT 10.0; Win64; x64) AppleWebKit/537.36 (KHTML, like Gecko) Chrome/76.0.3809.132 Safari/537.36', '/fastsite-1.2.7/a', 'GET', 'login=', '');
INSERT INTO `sys_log` VALUES ('366fa3c1e01c4701a6a857a1502f95fb', '1', '-', '1', '2019-09-09 01:37:07', '0:0:0:0:0:0:0:1', 'Mozilla/5.0 (Macintosh; Intel Mac OS X 10_14_6) AppleWebKit/537.36 (KHTML, like Gecko) Chrome/76.0.3809.132 Safari/537.36', '/a/demo/demoData/page', 'GET', '', '');
INSERT INTO `sys_log` VALUES ('36a140f760a74c488f77d4379b042549', '1', '-', '1', '2019-09-06 01:53:05', '0:0:0:0:0:0:0:1', 'Mozilla/5.0 (Macintosh; Intel Mac OS X 10_14_6) AppleWebKit/537.36 (KHTML, like Gecko) Chrome/76.0.3809.132 Safari/537.36', '/a/demo/demoData/page', 'GET', '', '');
INSERT INTO `sys_log` VALUES ('376b3d33532e40ed92716ca177575df9', '1', '-', '1', '2019-09-08 19:51:02', '0:0:0:0:0:0:0:1', 'Mozilla/5.0 (Macintosh; Intel Mac OS X 10_14_6) AppleWebKit/537.36 (KHTML, like Gecko) Chrome/76.0.3809.132 Safari/537.36', '/a/demo/demoData/page', 'GET', '', '');
INSERT INTO `sys_log` VALUES ('377412cd53b34130951dbfb6dcb265ea', '1', '--', '1', '2019-09-09 03:09:42', '0:0:0:0:0:0:0:1', 'Mozilla/5.0 (Macintosh; Intel Mac OS X 10_14_6) AppleWebKit/537.36 (KHTML, like Gecko) Chrome/76.0.3809.132 Safari/537.36', '/a/gen/genScheme', 'GET', '', '');
INSERT INTO `sys_log` VALUES ('37cc97a14b2243928380da9aa4bfd090', '1', '-', '1', '2019-09-06 08:16:35', '0:0:0:0:0:0:0:1', 'Mozilla/5.0 (Macintosh; Intel Mac OS X 10_14_6) AppleWebKit/537.36 (KHTML, like Gecko) Chrome/76.0.3809.132 Safari/537.36', '/a/demo/demoData/page', 'GET', '', '');
INSERT INTO `sys_log` VALUES ('386a5b1b39964152ae444627f504043e', '1', '--', '1', '2019-09-10 14:46:18', '0:0:0:0:0:0:0:1', 'Mozilla/5.0 (Macintosh; Intel Mac OS X 10_14_6) AppleWebKit/537.36 (KHTML, like Gecko) Chrome/76.0.3809.132 Safari/537.36', '/a/sys/user/info', 'POST', 'name=&phone=867533&mobile=8675&email=admin@163.com&remarks=&signup=Sign up', '');
INSERT INTO `sys_log` VALUES ('3939455f47ae4e45bf032da450a60ea1', '1', '--', '1', '2019-09-06 00:48:10', '0:0:0:0:0:0:0:1', 'Mozilla/5.0 (Macintosh; Intel Mac OS X 10_14_6) AppleWebKit/537.36 (KHTML, like Gecko) Chrome/76.0.3809.132 Safari/537.36', '/a/sys/menu/', 'GET', '', '');
INSERT INTO `sys_log` VALUES ('39af6f08f4f5476399f6a1872cef4f16', '1', '-', '1', '2019-09-06 02:04:54', '0:0:0:0:0:0:0:1', 'Mozilla/5.0 (Macintosh; Intel Mac OS X 10_14_6) AppleWebKit/537.36 (KHTML, like Gecko) Chrome/76.0.3809.132 Safari/537.36', '/a/demo/demoData/page', 'GET', '', '');
INSERT INTO `sys_log` VALUES ('39c68fdfcb754e1298e3f4a324114cbb', '1', '--', '1', '2019-09-09 21:01:57', '0:0:0:0:0:0:0:1', 'Mozilla/5.0 (Macintosh; Intel Mac OS X 10_14_6) AppleWebKit/537.36 (KHTML, like Gecko) Chrome/76.0.3809.132 Safari/537.36', '/a/sys/area/', 'GET', '', '');
INSERT INTO `sys_log` VALUES ('3a7643c5a4cb414bb28cdfdf19161f06', '1', '', '1', '2019-09-07 04:33:18', '0:0:0:0:0:0:0:1', 'Mozilla/5.0 (Macintosh; Intel Mac OS X 10_14_6) AppleWebKit/537.36 (KHTML, like Gecko) Chrome/76.0.3809.132 Safari/537.36', '/a', 'GET', 'login=', '');
INSERT INTO `sys_log` VALUES ('3a7bde4bfcb945729eefe82f1761bae9', '1', '--', '1', '2019-09-09 04:23:55', '0:0:0:0:0:0:0:1', 'Mozilla/5.0 (Macintosh; Intel Mac OS X 10_14_6) AppleWebKit/537.36 (KHTML, like Gecko) Chrome/76.0.3809.132 Safari/537.36', '/a/sys/log', 'GET', '', '');
INSERT INTO `sys_log` VALUES ('3a9075f197a843c7ae67279be73b6cb5', '1', '-', '1', '2019-09-09 02:01:27', '0:0:0:0:0:0:0:1', 'Mozilla/5.0 (Macintosh; Intel Mac OS X 10_14_6) AppleWebKit/537.36 (KHTML, like Gecko) Chrome/76.0.3809.132 Safari/537.36', '/a/demo/demoData/page', 'GET', '', '');
INSERT INTO `sys_log` VALUES ('3bbf6791066645d2aa29902e3f3064ed', '1', '-', '1', '2019-09-06 08:19:39', '0:0:0:0:0:0:0:1', 'Mozilla/5.0 (Macintosh; Intel Mac OS X 10_14_6) AppleWebKit/537.36 (KHTML, like Gecko) Chrome/76.0.3809.132 Safari/537.36', '/a/demo/demoData/page', 'GET', '', '');
INSERT INTO `sys_log` VALUES ('3bdf8719412f496fb724ff4017422414', '1', '---', '1', '2019-09-09 21:16:17', '0:0:0:0:0:0:0:1', 'Mozilla/5.0 (Macintosh; Intel Mac OS X 10_14_6) AppleWebKit/537.36 (KHTML, like Gecko) Chrome/76.0.3809.132 Safari/537.36', '/a/sys/office/list', 'GET', 'id=&parentIds=', '');
INSERT INTO `sys_log` VALUES ('3c4aa3b055964999a524ae3828f37a01', '1', '--', '1', '2019-09-09 21:30:23', '0:0:0:0:0:0:0:1', 'Mozilla/5.0 (Macintosh; Intel Mac OS X 10_14_6) AppleWebKit/537.36 (KHTML, like Gecko) Chrome/76.0.3809.132 Safari/537.36', '/a/sys/dict/', 'GET', '', '');
INSERT INTO `sys_log` VALUES ('3c503cb8f9194249838c2f0ad858c4cf', '1', '-', '1', '2019-09-06 08:13:34', '0:0:0:0:0:0:0:1', 'Mozilla/5.0 (Macintosh; Intel Mac OS X 10_14_6) AppleWebKit/537.36 (KHTML, like Gecko) Chrome/76.0.3809.132 Safari/537.36', '/a/demo/demoData/page', 'GET', '', '');
INSERT INTO `sys_log` VALUES ('3d5437e3cddf45acbbb70a8ba5803581', '1', '-', '1', '2019-09-09 01:33:44', '0:0:0:0:0:0:0:1', 'Mozilla/5.0 (Macintosh; Intel Mac OS X 10_14_6) AppleWebKit/537.36 (KHTML, like Gecko) Chrome/76.0.3809.132 Safari/537.36', '/a/demo/demoData/page', 'GET', '', '');
INSERT INTO `sys_log` VALUES ('3dc1db99ca27447caf0ca2eef6231219', '1', '--', '1', '2019-09-06 00:45:08', '0:0:0:0:0:0:0:1', 'Mozilla/5.0 (Macintosh; Intel Mac OS X 10_14_6) AppleWebKit/537.36 (KHTML, like Gecko) Chrome/76.0.3809.132 Safari/537.36', '/a/test/testTree', 'GET', '', '');
INSERT INTO `sys_log` VALUES ('3dd27262420d41de8f362c3034b4f7dd', '1', '-', '1', '2019-09-09 00:59:34', '0:0:0:0:0:0:0:1', 'Mozilla/5.0 (Macintosh; Intel Mac OS X 10_14_6) AppleWebKit/537.36 (KHTML, like Gecko) Chrome/76.0.3809.132 Safari/537.36', '/a/demo/demoData/page', 'GET', '', '');
INSERT INTO `sys_log` VALUES ('3ea7a545eab246858d7b582e8fc9e887', '1', '--', '1', '2019-09-09 04:25:49', '0:0:0:0:0:0:0:1', 'Mozilla/5.0 (Macintosh; Intel Mac OS X 10_14_6) AppleWebKit/537.36 (KHTML, like Gecko) Chrome/76.0.3809.132 Safari/537.36', '/a/sys/log', 'GET', '', '');
INSERT INTO `sys_log` VALUES ('3ee56c7e834449d3b93ec7852d3177d5', '2', '--', '1', '2019-09-09 02:48:45', '0:0:0:0:0:0:0:1', 'Mozilla/5.0 (Macintosh; Intel Mac OS X 10_14_6) AppleWebKit/537.36 (KHTML, like Gecko) Chrome/76.0.3809.132 Safari/537.36', '/a/gen/genScheme', 'GET', '', 'org.apache.jasper.JasperException: An exception occurred processing JSP page /WEB-INF/views/modules/gen/genSchemeList.jsp at line 35\n\n32: 				<div class=\"form-group\">\n33: 					<label class=\"control-label col-md-3\">:</label>\n34: 					<div class=\"col-md-9\">\n35: 						<form:select id=\"type\" path=\"type\" class=\"form-control\">\n36: 							<form:option value=\"\" items=\"${typeList}\" htmlEscape=\"false\"/></form:select>\n37: 					</div>\n38: 				</div>\n\n\nStacktrace:\n	at org.apache.jasper.servlet.JspServletWrapper.handleJspException(JspServletWrapper.java:579)\n	at org.apache.jasper.servlet.JspServletWrapper.service(JspServletWrapper.java:476)\n	at org.apache.jasper.servlet.JspServlet.serviceJspFile(JspServlet.java:396)\n	at org.apache.jasper.servlet.JspServlet.service(JspServlet.java:340)\n	at javax.servlet.http.HttpServlet.service(HttpServlet.java:729)\n	at org.apache.catalina.core.ApplicationFilterChain.internalDoFilter(ApplicationFilterChain.java:292)\n	at org.apache.catalina.core.ApplicationFilterChain.doFilter(ApplicationFilterChain.java:207)\n	at org.apache.tomcat.websocket.server.WsFilter.doFilter(WsFilter.java:52)\n	at org.apache.catalina.core.ApplicationFilterChain.internalDoFilter(ApplicationFilterChain.java:240)\n	at org.apache.catalina.core.ApplicationFilterChain.doFilter(ApplicationFilterChain.java:207)\n	at org.apache.catalina.core.ApplicationDispatcher.invoke(ApplicationDispatcher.java:720)\n	at org.apache.catalina.core.ApplicationDispatcher.processRequest(ApplicationDispatcher.java:466)\n	at org.apache.catalina.core.ApplicationDispatcher.doForward(ApplicationDispatcher.java:391)\n	at org.apache.catalina.core.ApplicationDispatcher.forward(ApplicationDispatcher.java:318)\n	at org.springframework.web.servlet.view.InternalResourceView.renderMergedOutputModel(InternalResourceView.java:168)\n	at org.springframework.web.servlet.view.AbstractView.render(AbstractView.java:303)\n	at org.springframework.web.servlet.DispatcherServlet.render(DispatcherServlet.java:1243)\n	at org.springframework.web.servlet.DispatcherServlet.processDispatchResult(DispatcherServlet.java:1027)\n	at org.springframework.web.servlet.DispatcherServlet.doDispatch(DispatcherServlet.java:971)\n	at org.springframework.web.servlet.DispatcherServlet.doService(DispatcherServlet.java:893)\n	at org.springframework.web.servlet.FrameworkServlet.processRequest(FrameworkServlet.java:965)\n	at org.springframework.web.servlet.FrameworkServlet.doGet(FrameworkServlet.java:856)\n	at javax.servlet.http.HttpServlet.service(HttpServlet.java:622)\n	at org.springframework.web.servlet.FrameworkServlet.service(FrameworkServlet.java:841)\n	at javax.servlet.http.HttpServlet.service(HttpServlet.java:729)\n	at org.apache.catalina.core.ApplicationFilterChain.internalDoFilter(ApplicationFilterChain.java:292)\n	at org.apache.catalina.core.ApplicationFilterChain.doFilter(ApplicationFilterChain.java:207)\n	at org.apache.tomcat.websocket.server.WsFilter.doFilter(WsFilter.java:52)\n	at org.apache.catalina.core.ApplicationFilterChain.internalDoFilter(ApplicationFilterChain.java:240)\n	at org.apache.catalina.core.ApplicationFilterChain.doFilter(ApplicationFilterChain.java:207)\n	at com.opensymphony.sitemesh.webapp.SiteMeshFilter.obtainContent(SiteMeshFilter.java:129)\n	at com.opensymphony.sitemesh.webapp.SiteMeshFilter.doFilter(SiteMeshFilter.java:77)\n	at org.apache.catalina.core.ApplicationFilterChain.internalDoFilter(ApplicationFilterChain.java:240)\n	at org.apache.catalina.core.ApplicationFilterChain.doFilter(ApplicationFilterChain.java:207)\n	at org.apache.shiro.web.servlet.ProxiedFilterChain.doFilter(ProxiedFilterChain.java:61)\n	at org.apache.shiro.web.servlet.AdviceFilter.executeChain(AdviceFilter.java:108)\n	at org.apache.shiro.web.servlet.AdviceFilter.doFilterInternal(AdviceFilter.java:137)\n	at org.apache.shiro.web.servlet.OncePerRequestFilter.doFilter(OncePerRequestFilter.java:125)\n	at org.apache.shiro.web.servlet.ProxiedFilterChain.doFilter(ProxiedFilterChain.java:66)\n	at org.apache.shiro.web.servlet.AbstractShiroFilter.executeChain(AbstractShiroFilter.java:449)\n	at org.apache.shiro.web.servlet.AbstractShiroFilter$1.call(AbstractShiroFilter.java:365)\n	at org.apache.shiro.subject.support.SubjectCallable.doCall(SubjectCallable.java:90)\n	at org.apache.shiro.subject.support.SubjectCallable.call(SubjectCallable.java:83)\n	at org.apache.shiro.subject.support.DelegatingSubject.execute(DelegatingSubject.java:383)\n	at org.apache.shiro.web.servlet.AbstractShiroFilter.doFilterInternal(AbstractShiroFilter.java:362)\n	at org.apache.shiro.web.servlet.OncePerRequestFilter.doFilter(OncePerRequestFilter.java:125)\n	at org.springframework.web.filter.DelegatingFilterProxy.invokeDelegate(DelegatingFilterProxy.java:344)\n	at org.springframework.web.filter.DelegatingFilterProxy.doFilter(DelegatingFilterProxy.java:261)\n	at org.apache.catalina.core.ApplicationFilterChain.internalDoFilter(ApplicationFilterChain.java:240)\n	at org.apache.catalina.core.ApplicationFilterChain.doFilter(ApplicationFilterChain.java:207)\n	at org.springframework.web.filter.CharacterEncodingFilter.doFilterInternal(CharacterEncodingFilter.java:85)\n	at org.springframework.web.filter.OncePerRequestFilter.doFilter(OncePerRequestFilter.java:107)\n	at org.apache.catalina.core.ApplicationFilterChain.internalDoFilter(ApplicationFilterChain.java:240)\n	at org.apache.catalina.core.ApplicationFilterChain.doFilter(ApplicationFilterChain.java:207)\n	at org.apache.catalina.core.StandardWrapperValve.invoke(StandardWrapperValve.java:212)\n	at org.apache.catalina.core.StandardContextValve.invoke(StandardContextValve.java:106)\n	at org.apache.catalina.authenticator.AuthenticatorBase.invoke(AuthenticatorBase.java:502)\n	at org.apache.catalina.core.StandardHostValve.invoke(StandardHostValve.java:141)\n	at org.apache.catalina.valves.ErrorReportValve.invoke(ErrorReportValve.java:79)\n	at org.apache.catalina.valves.AbstractAccessLogValve.invoke(AbstractAccessLogValve.java:616)\n	at org.apache.catalina.core.StandardEngineValve.invoke(StandardEngineValve.java:88)\n	at org.apache.catalina.connector.CoyoteAdapter.service(CoyoteAdapter.java:528)\n	at org.apache.coyote.http11.AbstractHttp11Processor.process(AbstractHttp11Processor.java:1100)\n	at org.apache.coyote.AbstractProtocol$AbstractConnectionHandler.process(AbstractProtocol.java:687)\n	at org.apache.tomcat.util.net.NioEndpoint$SocketProcessor.doRun(NioEndpoint.java:1520)\n	at org.apache.tomcat.util.net.NioEndpoint$SocketProcessor.run(NioEndpoint.java:1476)\n	at java.util.concurrent.ThreadPoolExecutor.runWorker(ThreadPoolExecutor.java:1142)\n	at java.util.concurrent.ThreadPoolExecutor$Worker.run(ThreadPoolExecutor.java:617)\n	at org.apache.tomcat.util.threads.TaskThread$WrappingRunnable.run(TaskThread.java:61)\n	at java.lang.Thread.run(Thread.java:745)\nCaused by: org.springframework.beans.NotReadablePropertyException: Invalid property \'type\' of bean class [com.bonc.fastsite.modules.gen.entity.GenScheme]: Bean property \'type\' is not readable or has an invalid getter method: Does the return type of the getter match the parameter type of the setter?\n	at org.springframework.beans.BeanWrapperImpl.getPropertyValue(BeanWrapperImpl.java:731)\n	at org.springframework.beans.BeanWrapperImpl.getPropertyValue(BeanWrapperImpl.java:722)\n	at org.springframework.validation.AbstractPropertyBindingResult.getActualFieldValue(AbstractPropertyBindingResult.java:99)\n	at org.springframework.validation.AbstractBindingResult.getFieldValue(AbstractBindingResult.java:229)\n	at org.springframework.web.servlet.support.BindStatus.<init>(BindStatus.java:120)\n	at org.springframework.web.servlet.tags.form.AbstractDataBoundFormElementTag.getBindStatus(AbstractDataBoundFormElementTag.java:168)\n	at org.springframework.web.servlet.tags.form.AbstractDataBoundFormElementTag.getPropertyPath(AbstractDataBoundFormElementTag.java:188)\n	at org.springframework.web.servlet.tags.form.AbstractDataBoundFormElementTag.getName(AbstractDataBoundFormElementTag.java:154)\n	at org.springframework.web.servlet.tags.form.AbstractDataBoundFormElementTag.writeDefaultAttributes(AbstractDataBoundFormElementTag.java:117)\n	at org.springframework.web.servlet.tags.form.AbstractHtmlElementTag.writeDefaultAttributes(AbstractHtmlElementTag.java:422)\n	at org.springframework.web.servlet.tags.form.SelectTag.writeTagContent(SelectTag.java:194)\n	at org.springframework.web.servlet.tags.form.AbstractFormTag.doStartTagInternal(AbstractFormTag.java:84)\n	at org.springframework.web.servlet.tags.RequestContextAwareTag.doStartTag(RequestContextAwareTag.java:80)\n	at org.apache.jsp.WEB_002dINF.views.modules.gen.genSchemeList_jsp._jspService(genSchemeList_jsp.java:245)\n	at org.apache.jasper.runtime.HttpJspBase.service(HttpJspBase.java:70)\n	at javax.servlet.http.HttpServlet.service(HttpServlet.java:729)\n	at org.apache.jasper.servlet.JspServletWrapper.service(JspServletWrapper.java:438)\n	... 68 more\n');
INSERT INTO `sys_log` VALUES ('3f49e38dcd8a4f35b883077c20d06cab', '1', '--', '1', '2019-09-09 21:11:16', '0:0:0:0:0:0:0:1', 'Mozilla/5.0 (Macintosh; Intel Mac OS X 10_14_6) AppleWebKit/537.36 (KHTML, like Gecko) Chrome/76.0.3809.132 Safari/537.36', '/a/sys/user/index', 'GET', '', '');
INSERT INTO `sys_log` VALUES ('3f64f163d7604e568a7b9d6064b1bc05', '1', '-', '1', '2019-09-06 02:39:53', '0:0:0:0:0:0:0:1', 'Mozilla/5.0 (Macintosh; Intel Mac OS X 10_14_6) AppleWebKit/537.36 (KHTML, like Gecko) Chrome/76.0.3809.132 Safari/537.36', '/a/demo/demoData/page', 'GET', '', '');
INSERT INTO `sys_log` VALUES ('3f764be54ce94b55bb57b1ce13b5488c', '1', '--', '1', '2019-09-09 03:28:36', '0:0:0:0:0:0:0:1', 'Mozilla/5.0 (Macintosh; Intel Mac OS X 10_14_6) AppleWebKit/537.36 (KHTML, like Gecko) Chrome/76.0.3809.132 Safari/537.36', '/a/gen/genTable', 'GET', '', '');
INSERT INTO `sys_log` VALUES ('3fa83b8d216d45828feab9a8923a2cab', '1', '---', '1', '2019-09-06 00:54:02', '0:0:0:0:0:0:0:1', 'Mozilla/5.0 (Macintosh; Intel Mac OS X 10_14_6) AppleWebKit/537.36 (KHTML, like Gecko) Chrome/76.0.3809.132 Safari/537.36', '/a/sys/menu/form', 'GET', 'id=3fa3250a18ce4883a67e0de89588232b', '');
INSERT INTO `sys_log` VALUES ('3fb1b20b4fd14d5981d438a1d0820d6b', '1', '-', '1', '2019-09-09 04:02:40', '0:0:0:0:0:0:0:1', 'Mozilla/5.0 (Macintosh; Intel Mac OS X 10_14_6) AppleWebKit/537.36 (KHTML, like Gecko) Chrome/76.0.3809.132 Safari/537.36', '/a/demo/demoData/list', 'GET', '', '');
INSERT INTO `sys_log` VALUES ('3fd883f9b694454a86c978ed2d174840', '1', '-', '1', '2019-09-08 20:16:00', '0:0:0:0:0:0:0:1', 'Mozilla/5.0 (Macintosh; Intel Mac OS X 10_14_6) AppleWebKit/537.36 (KHTML, like Gecko) Chrome/76.0.3809.132 Safari/537.36', '/a/demo/demoData/page', 'GET', '', '');
INSERT INTO `sys_log` VALUES ('3fe5e5c94cdb48b3ba113e60cad85c03', '1', '-', '1', '2019-09-08 21:46:30', '0:0:0:0:0:0:0:1', 'Mozilla/5.0 (Macintosh; Intel Mac OS X 10_14_6) AppleWebKit/537.36 (KHTML, like Gecko) Chrome/76.0.3809.132 Safari/537.36', '/a/demo/demoData/page', 'GET', '', '');
INSERT INTO `sys_log` VALUES ('3fe7c4e9f3114862a2d2ee620e2375be', '1', '--', '1', '2019-09-09 03:31:01', '0:0:0:0:0:0:0:1', 'Mozilla/5.0 (Macintosh; Intel Mac OS X 10_14_6) AppleWebKit/537.36 (KHTML, like Gecko) Chrome/76.0.3809.132 Safari/537.36', '/a/gen/genTable', 'GET', '', '');
INSERT INTO `sys_log` VALUES ('41b6f0d8aa0b49c8927b78f273086329', '1', '-', '1', '2019-09-06 01:47:26', '0:0:0:0:0:0:0:1', 'Mozilla/5.0 (Macintosh; Intel Mac OS X 10_14_6) AppleWebKit/537.36 (KHTML, like Gecko) Chrome/76.0.3809.132 Safari/537.36', '/a/demo/demoData/page', 'GET', '', '');
INSERT INTO `sys_log` VALUES ('42651994c6d94f12965936f00a0d6d4e', '1', '-', '1', '2019-09-09 02:00:28', '0:0:0:0:0:0:0:1', 'Mozilla/5.0 (Macintosh; Intel Mac OS X 10_14_6) AppleWebKit/537.36 (KHTML, like Gecko) Chrome/76.0.3809.132 Safari/537.36', '/a/demo/demoData/page', 'GET', '', '');
INSERT INTO `sys_log` VALUES ('42f1e1edd24a44029d4c015c0274c959', '1', '-', '1', '2019-09-09 02:02:43', '0:0:0:0:0:0:0:1', 'Mozilla/5.0 (Macintosh; Intel Mac OS X 10_14_6) AppleWebKit/537.36 (KHTML, like Gecko) Chrome/76.0.3809.132 Safari/537.36', '/a/demo/demoData/page', 'GET', '', '');
INSERT INTO `sys_log` VALUES ('430645237b7e4079bfa599579f00a26e', '1', '', '1', '2019-09-09 00:59:31', '0:0:0:0:0:0:0:1', 'Mozilla/5.0 (Macintosh; Intel Mac OS X 10_14_6) AppleWebKit/537.36 (KHTML, like Gecko) Chrome/76.0.3809.132 Safari/537.36', '/a', 'GET', 'login=', '');
INSERT INTO `sys_log` VALUES ('4306fe3cbd384954a9ac257eed7fa673', '1', '--', '1', '2019-09-09 20:53:53', '0:0:0:0:0:0:0:1', 'Mozilla/5.0 (Macintosh; Intel Mac OS X 10_14_6) AppleWebKit/537.36 (KHTML, like Gecko) Chrome/76.0.3809.132 Safari/537.36', '/a/sys/area/', 'GET', '', '');
INSERT INTO `sys_log` VALUES ('432046a606e645bebaad73b6b66b659b', '1', '-', '1', '2019-09-08 20:50:56', '0:0:0:0:0:0:0:1', 'Mozilla/5.0 (Macintosh; Intel Mac OS X 10_14_6) AppleWebKit/537.36 (KHTML, like Gecko) Chrome/76.0.3809.132 Safari/537.36', '/a/demo/demoData/page', 'GET', '', '');
INSERT INTO `sys_log` VALUES ('4332945a1d0e4ed3b41397b074c39b6a', '1', '-', '1', '2019-09-06 01:43:38', '0:0:0:0:0:0:0:1', 'Mozilla/5.0 (Macintosh; Intel Mac OS X 10_14_6) AppleWebKit/537.36 (KHTML, like Gecko) Chrome/76.0.3809.132 Safari/537.36', '/a/demo/demoData/page', 'GET', '', '');
INSERT INTO `sys_log` VALUES ('434b43693aba49a19e74ce3798e203a0', '1', '--', '1', '2019-09-09 03:55:18', '0:0:0:0:0:0:0:1', 'Mozilla/5.0 (Macintosh; Intel Mac OS X 10_14_6) AppleWebKit/537.36 (KHTML, like Gecko) Chrome/76.0.3809.132 Safari/537.36', '/a/gen/genTable', 'GET', '', '');
INSERT INTO `sys_log` VALUES ('43687acc3b5f4ccc8c339981985d79cf', '1', '---', '1', '2019-09-09 21:16:26', '0:0:0:0:0:0:0:1', 'Mozilla/5.0 (Macintosh; Intel Mac OS X 10_14_6) AppleWebKit/537.36 (KHTML, like Gecko) Chrome/76.0.3809.132 Safari/537.36', '/a/sys/user/list', 'GET', '', '');
INSERT INTO `sys_log` VALUES ('441f5ff3f2154ebeaf35088fc99f9ab3', '1', '--', '1', '2019-09-09 04:07:17', '0:0:0:0:0:0:0:1', 'Mozilla/5.0 (Macintosh; Intel Mac OS X 10_14_6) AppleWebKit/537.36 (KHTML, like Gecko) Chrome/76.0.3809.132 Safari/537.36', '/a/sys/log', 'GET', '', '');
INSERT INTO `sys_log` VALUES ('4439ec099d6e414cbb347f6c192c22c3', '1', '---', '1', '2019-09-09 21:33:06', '0:0:0:0:0:0:0:1', 'Mozilla/5.0 (Macintosh; Intel Mac OS X 10_14_6) AppleWebKit/537.36 (KHTML, like Gecko) Chrome/76.0.3809.132 Safari/537.36', '/a/sys/user/checkLoginName', 'GET', 'oldLoginName=thinkgem&loginName=thinkgem', '');
INSERT INTO `sys_log` VALUES ('4515ffc1011041288c140d52f074e9c9', '1', '--', '1', '2019-09-10 14:45:40', '0:0:0:0:0:0:0:1', 'Mozilla/5.0 (Macintosh; Intel Mac OS X 10_14_6) AppleWebKit/537.36 (KHTML, like Gecko) Chrome/76.0.3809.132 Safari/537.36', '/a/sys/user/info', 'GET', '', '');
INSERT INTO `sys_log` VALUES ('4535b00372cf468d9bdab50b8d1d6a20', '1', '---', '1', '2019-09-09 21:10:29', '0:0:0:0:0:0:0:1', 'Mozilla/5.0 (Macintosh; Intel Mac OS X 10_14_6) AppleWebKit/537.36 (KHTML, like Gecko) Chrome/76.0.3809.132 Safari/537.36', '/a/sys/user/list', 'GET', '', '');
INSERT INTO `sys_log` VALUES ('45a1de1cf10b4ddc9f5dbb5230542ca5', '1', '--', '1', '2019-09-09 03:15:59', '0:0:0:0:0:0:0:1', 'Mozilla/5.0 (Macintosh; Intel Mac OS X 10_14_6) AppleWebKit/537.36 (KHTML, like Gecko) Chrome/76.0.3809.132 Safari/537.36', '/a/gen/genScheme', 'GET', '', '');
INSERT INTO `sys_log` VALUES ('46f47f409f314e4198e4ceead353d96c', '1', '-', '1', '2019-09-09 00:47:47', '0:0:0:0:0:0:0:1', 'Mozilla/5.0 (Macintosh; Intel Mac OS X 10_14_6) AppleWebKit/537.36 (KHTML, like Gecko) Chrome/76.0.3809.132 Safari/537.36', '/a/demo/demoData/page', 'GET', '', '');
INSERT INTO `sys_log` VALUES ('470746968ff44f2384e14a2ddb997c07', '1', '', '1', '2019-09-09 02:13:20', '0:0:0:0:0:0:0:1', 'Mozilla/5.0 (Macintosh; Intel Mac OS X 10_14_6) AppleWebKit/537.36 (KHTML, like Gecko) Chrome/76.0.3809.132 Safari/537.36', '/a', 'GET', 'login=', '');
INSERT INTO `sys_log` VALUES ('47222fede6434b0f9ca459d1a3849228', '1', '-', '1', '2019-09-06 02:43:07', '0:0:0:0:0:0:0:1', 'Mozilla/5.0 (Macintosh; Intel Mac OS X 10_14_6) AppleWebKit/537.36 (KHTML, like Gecko) Chrome/76.0.3809.132 Safari/537.36', '/a/demo/demoData/page', 'GET', '', '');
INSERT INTO `sys_log` VALUES ('475fe8e8f4e644839d97b74508a12da1', '1', '---', '1', '2019-09-06 00:46:23', '0:0:0:0:0:0:0:1', 'Mozilla/5.0 (Macintosh; Intel Mac OS X 10_14_6) AppleWebKit/537.36 (KHTML, like Gecko) Chrome/76.0.3809.132 Safari/537.36', '/a/sys/menu/form', 'GET', 'id=27', '');
INSERT INTO `sys_log` VALUES ('47c348c31ece476fa7588171860ee8ac', '2', '--', '1', '2019-09-09 03:22:49', '0:0:0:0:0:0:0:1', 'Mozilla/5.0 (Macintosh; Intel Mac OS X 10_14_6) AppleWebKit/537.36 (KHTML, like Gecko) Chrome/76.0.3809.132 Safari/537.36', '/a/gen/genTable', 'GET', '', 'org.apache.jasper.JasperException: /WEB-INF/views/modules/gen/genTableList.jsp (line: 67, column: 95) The JSP specification requires that an attribute name is preceded by whitespace\n	at org.apache.jasper.compiler.DefaultErrorHandler.jspError(DefaultErrorHandler.java:41)\n	at org.apache.jasper.compiler.ErrorDispatcher.dispatch(ErrorDispatcher.java:275)\n	at org.apache.jasper.compiler.ErrorDispatcher.jspError(ErrorDispatcher.java:91)\n	at org.apache.jasper.compiler.Parser.parseAttributes(Parser.java:165)\n	at org.apache.jasper.compiler.Parser.parseAttributes(Parser.java:154)\n	at org.apache.jasper.compiler.Parser.parseCustomTag(Parser.java:1241)\n	at org.apache.jasper.compiler.Parser.parseElements(Parser.java:1460)\n	at org.apache.jasper.compiler.Parser.parseBody(Parser.java:1673)\n	at org.apache.jasper.compiler.Parser.parseOptionalBody(Parser.java:1006)\n	at org.apache.jasper.compiler.Parser.parseCustomTag(Parser.java:1281)\n	at org.apache.jasper.compiler.Parser.parseElements(Parser.java:1460)\n	at org.apache.jasper.compiler.Parser.parse(Parser.java:139)\n	at org.apache.jasper.compiler.ParserController.doParse(ParserController.java:227)\n	at org.apache.jasper.compiler.ParserController.parse(ParserController.java:100)\n	at org.apache.jasper.compiler.Compiler.generateJava(Compiler.java:199)\n	at org.apache.jasper.compiler.Compiler.compile(Compiler.java:356)\n	at org.apache.jasper.compiler.Compiler.compile(Compiler.java:336)\n	at org.apache.jasper.compiler.Compiler.compile(Compiler.java:323)\n	at org.apache.jasper.JspCompilationContext.compile(JspCompilationContext.java:585)\n	at org.apache.jasper.servlet.JspServletWrapper.service(JspServletWrapper.java:363)\n	at org.apache.jasper.servlet.JspServlet.serviceJspFile(JspServlet.java:396)\n	at org.apache.jasper.servlet.JspServlet.service(JspServlet.java:340)\n	at javax.servlet.http.HttpServlet.service(HttpServlet.java:729)\n	at org.apache.catalina.core.ApplicationFilterChain.internalDoFilter(ApplicationFilterChain.java:292)\n	at org.apache.catalina.core.ApplicationFilterChain.doFilter(ApplicationFilterChain.java:207)\n	at org.apache.tomcat.websocket.server.WsFilter.doFilter(WsFilter.java:52)\n	at org.apache.catalina.core.ApplicationFilterChain.internalDoFilter(ApplicationFilterChain.java:240)\n	at org.apache.catalina.core.ApplicationFilterChain.doFilter(ApplicationFilterChain.java:207)\n	at org.apache.catalina.core.ApplicationDispatcher.invoke(ApplicationDispatcher.java:720)\n	at org.apache.catalina.core.ApplicationDispatcher.processRequest(ApplicationDispatcher.java:466)\n	at org.apache.catalina.core.ApplicationDispatcher.doForward(ApplicationDispatcher.java:391)\n	at org.apache.catalina.core.ApplicationDispatcher.forward(ApplicationDispatcher.java:318)\n	at org.springframework.web.servlet.view.InternalResourceView.renderMergedOutputModel(InternalResourceView.java:168)\n	at org.springframework.web.servlet.view.AbstractView.render(AbstractView.java:303)\n	at org.springframework.web.servlet.DispatcherServlet.render(DispatcherServlet.java:1243)\n	at org.springframework.web.servlet.DispatcherServlet.processDispatchResult(DispatcherServlet.java:1027)\n	at org.springframework.web.servlet.DispatcherServlet.doDispatch(DispatcherServlet.java:971)\n	at org.springframework.web.servlet.DispatcherServlet.doService(DispatcherServlet.java:893)\n	at org.springframework.web.servlet.FrameworkServlet.processRequest(FrameworkServlet.java:965)\n	at org.springframework.web.servlet.FrameworkServlet.doGet(FrameworkServlet.java:856)\n	at javax.servlet.http.HttpServlet.service(HttpServlet.java:622)\n	at org.springframework.web.servlet.FrameworkServlet.service(FrameworkServlet.java:841)\n	at javax.servlet.http.HttpServlet.service(HttpServlet.java:729)\n	at org.apache.catalina.core.ApplicationFilterChain.internalDoFilter(ApplicationFilterChain.java:292)\n	at org.apache.catalina.core.ApplicationFilterChain.doFilter(ApplicationFilterChain.java:207)\n	at org.apache.tomcat.websocket.server.WsFilter.doFilter(WsFilter.java:52)\n	at org.apache.catalina.core.ApplicationFilterChain.internalDoFilter(ApplicationFilterChain.java:240)\n	at org.apache.catalina.core.ApplicationFilterChain.doFilter(ApplicationFilterChain.java:207)\n	at com.opensymphony.sitemesh.webapp.SiteMeshFilter.obtainContent(SiteMeshFilter.java:129)\n	at com.opensymphony.sitemesh.webapp.SiteMeshFilter.doFilter(SiteMeshFilter.java:77)\n	at org.apache.catalina.core.ApplicationFilterChain.internalDoFilter(ApplicationFilterChain.java:240)\n	at org.apache.catalina.core.ApplicationFilterChain.doFilter(ApplicationFilterChain.java:207)\n	at org.apache.shiro.web.servlet.ProxiedFilterChain.doFilter(ProxiedFilterChain.java:61)\n	at org.apache.shiro.web.servlet.AdviceFilter.executeChain(AdviceFilter.java:108)\n	at org.apache.shiro.web.servlet.AdviceFilter.doFilterInternal(AdviceFilter.java:137)\n	at org.apache.shiro.web.servlet.OncePerRequestFilter.doFilter(OncePerRequestFilter.java:125)\n	at org.apache.shiro.web.servlet.ProxiedFilterChain.doFilter(ProxiedFilterChain.java:66)\n	at org.apache.shiro.web.servlet.AbstractShiroFilter.executeChain(AbstractShiroFilter.java:449)\n	at org.apache.shiro.web.servlet.AbstractShiroFilter$1.call(AbstractShiroFilter.java:365)\n	at org.apache.shiro.subject.support.SubjectCallable.doCall(SubjectCallable.java:90)\n	at org.apache.shiro.subject.support.SubjectCallable.call(SubjectCallable.java:83)\n	at org.apache.shiro.subject.support.DelegatingSubject.execute(DelegatingSubject.java:383)\n	at org.apache.shiro.web.servlet.AbstractShiroFilter.doFilterInternal(AbstractShiroFilter.java:362)\n	at org.apache.shiro.web.servlet.OncePerRequestFilter.doFilter(OncePerRequestFilter.java:125)\n	at org.springframework.web.filter.DelegatingFilterProxy.invokeDelegate(DelegatingFilterProxy.java:344)\n	at org.springframework.web.filter.DelegatingFilterProxy.doFilter(DelegatingFilterProxy.java:261)\n	at org.apache.catalina.core.ApplicationFilterChain.internalDoFilter(ApplicationFilterChain.java:240)\n	at org.apache.catalina.core.ApplicationFilterChain.doFilter(ApplicationFilterChain.java:207)\n	at org.springframework.web.filter.CharacterEncodingFilter.doFilterInternal(CharacterEncodingFilter.java:85)\n	at org.springframework.web.filter.OncePerRequestFilter.doFilter(OncePerRequestFilter.java:107)\n	at org.apache.catalina.core.ApplicationFilterChain.internalDoFilter(ApplicationFilterChain.java:240)\n	at org.apache.catalina.core.ApplicationFilterChain.doFilter(ApplicationFilterChain.java:207)\n	at org.apache.catalina.core.StandardWrapperValve.invoke(StandardWrapperValve.java:212)\n	at org.apache.catalina.core.StandardContextValve.invoke(StandardContextValve.java:106)\n	at org.apache.catalina.authenticator.AuthenticatorBase.invoke(AuthenticatorBase.java:502)\n	at org.apache.catalina.core.StandardHostValve.invoke(StandardHostValve.java:141)\n	at org.apache.catalina.valves.ErrorReportValve.invoke(ErrorReportValve.java:79)\n	at org.apache.catalina.valves.AbstractAccessLogValve.invoke(AbstractAccessLogValve.java:616)\n	at org.apache.catalina.core.StandardEngineValve.invoke(StandardEngineValve.java:88)\n	at org.apache.catalina.connector.CoyoteAdapter.service(CoyoteAdapter.java:528)\n	at org.apache.coyote.http11.AbstractHttp11Processor.process(AbstractHttp11Processor.java:1100)\n	at org.apache.coyote.AbstractProtocol$AbstractConnectionHandler.process(AbstractProtocol.java:687)\n	at org.apache.tomcat.util.net.NioEndpoint$SocketProcessor.doRun(NioEndpoint.java:1520)\n	at org.apache.tomcat.util.net.NioEndpoint$SocketProcessor.run(NioEndpoint.java:1476)\n	at java.util.concurrent.ThreadPoolExecutor.runWorker(ThreadPoolExecutor.java:1142)\n	at java.util.concurrent.ThreadPoolExecutor$Worker.run(ThreadPoolExecutor.java:617)\n	at org.apache.tomcat.util.threads.TaskThread$WrappingRunnable.run(TaskThread.java:61)\n	at java.lang.Thread.run(Thread.java:745)\n');
INSERT INTO `sys_log` VALUES ('4802ee4dcc0c47c2bf6dc5b22112e632', '1', '--', '1', '2019-09-09 03:49:13', '0:0:0:0:0:0:0:1', 'Mozilla/5.0 (Macintosh; Intel Mac OS X 10_14_6) AppleWebKit/537.36 (KHTML, like Gecko) Chrome/76.0.3809.132 Safari/537.36', '/a/gen/genTable', 'GET', '', '');
INSERT INTO `sys_log` VALUES ('48185348deff4c64ad9d6298fb245fea', '1', '-', '1', '2019-09-06 04:01:43', '0:0:0:0:0:0:0:1', 'Mozilla/5.0 (Macintosh; Intel Mac OS X 10_14_6) AppleWebKit/537.36 (KHTML, like Gecko) Chrome/76.0.3809.132 Safari/537.36', '/a/demo/demoData/page', 'GET', '', '');
INSERT INTO `sys_log` VALUES ('4893bfe319dd48c78f7c300f459745f4', '1', '-', '1', '2019-09-09 02:05:05', '0:0:0:0:0:0:0:1', 'Mozilla/5.0 (Macintosh; Intel Mac OS X 10_14_6) AppleWebKit/537.36 (KHTML, like Gecko) Chrome/76.0.3809.132 Safari/537.36', '/a/demo/demoData/page', 'GET', '', '');
INSERT INTO `sys_log` VALUES ('489d77a7860745b9882e24483d66c648', '1', '--', '1', '2019-09-09 02:46:58', '0:0:0:0:0:0:0:1', 'Mozilla/5.0 (Macintosh; Intel Mac OS X 10_14_6) AppleWebKit/537.36 (KHTML, like Gecko) Chrome/76.0.3809.132 Safari/537.36', '/a/gen/genScheme', 'GET', '', '');
INSERT INTO `sys_log` VALUES ('48a3a7bb1f774d5db0b89bb98bb43d87', '1', '--', '1', '2019-09-09 02:46:21', '0:0:0:0:0:0:0:1', 'Mozilla/5.0 (Macintosh; Intel Mac OS X 10_14_6) AppleWebKit/537.36 (KHTML, like Gecko) Chrome/76.0.3809.132 Safari/537.36', '/a/gen/genScheme', 'GET', '', '');
INSERT INTO `sys_log` VALUES ('48bc338e18094bac9623ab10115a8443', '1', '--', '1', '2019-09-09 04:01:04', '0:0:0:0:0:0:0:1', 'Mozilla/5.0 (Macintosh; Intel Mac OS X 10_14_6) AppleWebKit/537.36 (KHTML, like Gecko) Chrome/76.0.3809.132 Safari/537.36', '/a/test/testData', 'GET', '', '');
INSERT INTO `sys_log` VALUES ('48d76c09526d42768ee6e7cb415ce7c2', '1', '--', '1', '2019-09-09 03:40:29', '0:0:0:0:0:0:0:1', 'Mozilla/5.0 (Macintosh; Intel Mac OS X 10_14_6) AppleWebKit/537.36 (KHTML, like Gecko) Chrome/76.0.3809.132 Safari/537.36', '/a/gen/genTable', 'GET', '', '');
INSERT INTO `sys_log` VALUES ('4931fdd1cfcb48dd9466d52780d872b3', '1', '-', '1', '2019-09-09 00:16:26', '0:0:0:0:0:0:0:1', 'Mozilla/5.0 (Macintosh; Intel Mac OS X 10_14_6) AppleWebKit/537.36 (KHTML, like Gecko) Chrome/76.0.3809.132 Safari/537.36', '/a/demo/demoData/page', 'GET', '', '');
INSERT INTO `sys_log` VALUES ('497b20d83f2947ad92aeff9e643687d3', '1', '', '1', '2019-09-10 14:04:11', '0:0:0:0:0:0:0:1', 'Mozilla/5.0 (Macintosh; Intel Mac OS X 10_14_6) AppleWebKit/537.36 (KHTML, like Gecko) Chrome/76.0.3809.132 Safari/537.36', '/a', 'GET', 'login=', '');
INSERT INTO `sys_log` VALUES ('498f15345cdd4be88bbcab67b132035d', '1', '--', '1', '2017-11-14 15:14:40', '124.128.62.162', 'Mozilla/5.0 (Windows NT 10.0; WOW64) AppleWebKit/537.36 (KHTML, like Gecko) Chrome/55.0.2883.87 Safari/537.36', '/jeesite/a/test/testTree', 'GET', '', '');
INSERT INTO `sys_log` VALUES ('4990f67c7c944a0aa67ff635ee7958c9', '1', '---', '1', '2017-11-14 15:14:45', '119.97.201.18', 'Mozilla/5.0 (Windows NT 10.0; WOW64) AppleWebKit/537.36 (KHTML, like Gecko) Chrome/62.0.3202.62 Safari/537.36', '/jeesite/a/cms/article/', 'GET', 'category.id=4', '');
INSERT INTO `sys_log` VALUES ('49d1bbb9bb6e48908898184ea5c18501', '1', '-', '1', '2019-09-06 02:00:14', '0:0:0:0:0:0:0:1', 'Mozilla/5.0 (Macintosh; Intel Mac OS X 10_14_6) AppleWebKit/537.36 (KHTML, like Gecko) Chrome/76.0.3809.132 Safari/537.36', '/a/demo/demoData/page', 'GET', '', '');
INSERT INTO `sys_log` VALUES ('4a06e9a52b0a45df9f341b0261ce0853', '1', '--', '1', '2019-09-10 14:45:44', '0:0:0:0:0:0:0:1', 'Mozilla/5.0 (Macintosh; Intel Mac OS X 10_14_6) AppleWebKit/537.36 (KHTML, like Gecko) Chrome/76.0.3809.132 Safari/537.36', '/a/sys/user/info', 'POST', 'name=&phone=8675&mobile=8675&email=admin@163.com&remarks=&signup=Sign up', '');
INSERT INTO `sys_log` VALUES ('4a195e9574cf43999ac16908f3581988', '1', '-', '1', '2019-09-06 02:56:17', '0:0:0:0:0:0:0:1', 'Mozilla/5.0 (Macintosh; Intel Mac OS X 10_14_6) AppleWebKit/537.36 (KHTML, like Gecko) Chrome/76.0.3809.132 Safari/537.36', '/a/demo/demoData/page', 'GET', '', '');
INSERT INTO `sys_log` VALUES ('4a1fccb3ec944526a9e2d8903ce14a61', '1', '--', '1', '2019-09-09 02:59:36', '0:0:0:0:0:0:0:1', 'Mozilla/5.0 (Macintosh; Intel Mac OS X 10_14_6) AppleWebKit/537.36 (KHTML, like Gecko) Chrome/76.0.3809.132 Safari/537.36', '/a/gen/genScheme', 'GET', '', '');
INSERT INTO `sys_log` VALUES ('4a3ee291d2db472eacc04c6e26e0c8e3', '1', '--', '1', '2019-09-09 04:11:45', '0:0:0:0:0:0:0:1', 'Mozilla/5.0 (Macintosh; Intel Mac OS X 10_14_6) AppleWebKit/537.36 (KHTML, like Gecko) Chrome/76.0.3809.132 Safari/537.36', '/a/sys/log', 'GET', '', '');
INSERT INTO `sys_log` VALUES ('4b543ba6d1f54366b71056c676b9b05a', '1', '---', '1', '2017-11-14 15:14:37', '119.97.201.18', 'Mozilla/5.0 (Windows NT 10.0; WOW64) AppleWebKit/537.36 (KHTML, like Gecko) Chrome/62.0.3202.62 Safari/537.36', '/jeesite/a/cms/article/', 'GET', 'category.id=5', '');
INSERT INTO `sys_log` VALUES ('4b7d8f670f0144cbaa60f72720b11f17', '1', '', '1', '2019-09-07 04:35:00', '0:0:0:0:0:0:0:1', 'Mozilla/5.0 (Macintosh; Intel Mac OS X 10_14_6) AppleWebKit/537.36 (KHTML, like Gecko) Chrome/76.0.3809.132 Safari/537.36', '/a', 'GET', 'login=', '');
INSERT INTO `sys_log` VALUES ('4bf29091efcb4ba4bf719c6226a8a6a2', '1', '-', '1', '2019-09-09 02:59:52', '0:0:0:0:0:0:0:1', 'Mozilla/5.0 (Macintosh; Intel Mac OS X 10_14_6) AppleWebKit/537.36 (KHTML, like Gecko) Chrome/76.0.3809.132 Safari/537.36', '/a/demo/demoData/list', 'GET', '', '');
INSERT INTO `sys_log` VALUES ('4bf4884ec8344e9a93942f342fbfff69', '1', '', '1', '2017-11-14 15:14:21', '61.129.6.148', 'Mozilla/5.0 (Windows NT 6.1; WOW64; Trident/7.0; SLCC2; .NET CLR 2.0.50727; .NET CLR 3.5.30729; .NET CLR 3.0.30729; Media Center PC 6.0; .NET4.0C; .NET4.0E; InfoPath.3; rv:11.0) like Gecko', '/jeesite/a;JSESSIONID=24e6cee7284249468b869f63bee5d881', 'GET', '', '');
INSERT INTO `sys_log` VALUES ('4bfd87751b114cbda2c25c756db9284d', '1', '--', '1', '2019-09-09 03:12:32', '0:0:0:0:0:0:0:1', 'Mozilla/5.0 (Macintosh; Intel Mac OS X 10_14_6) AppleWebKit/537.36 (KHTML, like Gecko) Chrome/76.0.3809.132 Safari/537.36', '/a/gen/genScheme', 'GET', '', '');
INSERT INTO `sys_log` VALUES ('4c4891d3acc944719a65751994831631', '1', '--', '1', '2019-09-09 03:58:15', '0:0:0:0:0:0:0:1', 'Mozilla/5.0 (Macintosh; Intel Mac OS X 10_14_6) AppleWebKit/537.36 (KHTML, like Gecko) Chrome/76.0.3809.132 Safari/537.36', '/a/gen/genTable', 'GET', '', '');
INSERT INTO `sys_log` VALUES ('4ce7e1b0c04b4a79a71a1a1c075c65ae', '1', '--', '1', '2019-09-09 21:31:03', '0:0:0:0:0:0:0:1', 'Mozilla/5.0 (Macintosh; Intel Mac OS X 10_14_6) AppleWebKit/537.36 (KHTML, like Gecko) Chrome/76.0.3809.132 Safari/537.36', '/a/sys/user/info', 'GET', '', '');
INSERT INTO `sys_log` VALUES ('4d622b6530644b2598947bedc10d224d', '1', '-', '1', '2019-09-06 01:15:42', '0:0:0:0:0:0:0:1', 'Mozilla/5.0 (Macintosh; Intel Mac OS X 10_14_6) AppleWebKit/537.36 (KHTML, like Gecko) Chrome/76.0.3809.132 Safari/537.36', '/a/demo/demoData/page', 'GET', '', '');
INSERT INTO `sys_log` VALUES ('4d86695fee3845b3a46e70f79da4609a', '1', '--', '1', '2019-09-09 20:28:44', '0:0:0:0:0:0:0:1', 'Mozilla/5.0 (Macintosh; Intel Mac OS X 10_14_6) AppleWebKit/537.36 (KHTML, like Gecko) Chrome/76.0.3809.132 Safari/537.36', '/a/sys/area/', 'GET', '', '');
INSERT INTO `sys_log` VALUES ('4db7b2c1f44a412ca193a457f49e4369', '1', '--', '1', '2019-09-09 04:12:28', '0:0:0:0:0:0:0:1', 'Mozilla/5.0 (Macintosh; Intel Mac OS X 10_14_6) AppleWebKit/537.36 (KHTML, like Gecko) Chrome/76.0.3809.132 Safari/537.36', '/a/sys/log', 'GET', '', '');
INSERT INTO `sys_log` VALUES ('4dc95af443ae4185b0b8627771dea381', '1', '---', '1', '2019-09-09 04:27:10', '0:0:0:0:0:0:0:1', 'Mozilla/5.0 (Macintosh; Intel Mac OS X 10_14_6) AppleWebKit/537.36 (KHTML, like Gecko) Chrome/76.0.3809.132 Safari/537.36', '/a/test/testDataMain/', 'GET', '', '');
INSERT INTO `sys_log` VALUES ('4ddc24ce3b1d4b12aecd6bc65a97c4be', '1', '--', '1', '2017-11-14 15:18:41', '220.160.68.3', 'Mozilla/5.0 (Windows NT 10.0; WOW64) AppleWebKit/537.36 (KHTML, like Gecko) Chrome/50.0.2661.102 Safari/537.36', '/jeesite/a/cms/', 'GET', '', '');
INSERT INTO `sys_log` VALUES ('4dddb524671e4232bccd08ddfd00e2bf', '1', '', '1', '2019-09-08 20:09:09', '0:0:0:0:0:0:0:1', 'Mozilla/5.0 (Macintosh; Intel Mac OS X 10_14_6) AppleWebKit/537.36 (KHTML, like Gecko) Chrome/76.0.3809.132 Safari/537.36', '/a', 'GET', 'login=', '');
INSERT INTO `sys_log` VALUES ('4de0b13eb0134994b231b1402bd76f41', '1', '-', '1', '2019-09-09 21:32:39', '0:0:0:0:0:0:0:1', 'Mozilla/5.0 (Macintosh; Intel Mac OS X 10_14_6) AppleWebKit/537.36 (KHTML, like Gecko) Chrome/76.0.3809.132 Safari/537.36', '/a/demo/demoData/page', 'GET', '', '');
INSERT INTO `sys_log` VALUES ('4e6c9593ec2d43dc8c94e70da749dc0c', '1', '--', '1', '2019-09-09 03:36:52', '0:0:0:0:0:0:0:1', 'Mozilla/5.0 (Macintosh; Intel Mac OS X 10_14_6) AppleWebKit/537.36 (KHTML, like Gecko) Chrome/76.0.3809.132 Safari/537.36', '/a/gen/genTable', 'GET', '', '');
INSERT INTO `sys_log` VALUES ('4ef1ec3278c24aadb0e18cfd7657ec48', '1', '--', '1', '2019-09-09 03:44:12', '0:0:0:0:0:0:0:1', 'Mozilla/5.0 (Macintosh; Intel Mac OS X 10_14_6) AppleWebKit/537.36 (KHTML, like Gecko) Chrome/76.0.3809.132 Safari/537.36', '/a/gen/genTable', 'GET', '', '');
INSERT INTO `sys_log` VALUES ('4f07ba070ce64db39827eeed2b5d7760', '1', '---', '1', '2019-09-09 04:27:06', '0:0:0:0:0:0:0:1', 'Mozilla/5.0 (Macintosh; Intel Mac OS X 10_14_6) AppleWebKit/537.36 (KHTML, like Gecko) Chrome/76.0.3809.132 Safari/537.36', '/a/test/testData/getListData', 'POST', '_search=false&nd=1568021225661&rows=10&cuPage=1&sidx=&sord=asc', '');
INSERT INTO `sys_log` VALUES ('4f484580eb3748098926a2c14f5806fd', '1', '-', '1', '2019-09-08 19:52:11', '0:0:0:0:0:0:0:1', 'Mozilla/5.0 (Macintosh; Intel Mac OS X 10_14_6) AppleWebKit/537.36 (KHTML, like Gecko) Chrome/76.0.3809.132 Safari/537.36', '/a/demo/demoData/page', 'GET', '', '');
INSERT INTO `sys_log` VALUES ('501c364a6d7e4a469849255a2c794360', '1', '-', '1', '2019-09-09 01:01:45', '0:0:0:0:0:0:0:1', 'Mozilla/5.0 (Macintosh; Intel Mac OS X 10_14_6) AppleWebKit/537.36 (KHTML, like Gecko) Chrome/76.0.3809.132 Safari/537.36', '/a/demo/demoData/page', 'GET', '', '');
INSERT INTO `sys_log` VALUES ('5126098d4ff74247933ce29b0afc3446', '1', '--', '1', '2019-09-09 21:33:35', '0:0:0:0:0:0:0:1', 'Mozilla/5.0 (Macintosh; Intel Mac OS X 10_14_6) AppleWebKit/537.36 (KHTML, like Gecko) Chrome/76.0.3809.132 Safari/537.36', '/a/sys/user/index', 'GET', '', '');
INSERT INTO `sys_log` VALUES ('51851f2c159a4d09a652213d739462d7', '1', '---', '1', '2019-09-09 21:13:12', '0:0:0:0:0:0:0:1', 'Mozilla/5.0 (Macintosh; Intel Mac OS X 10_14_6) AppleWebKit/537.36 (KHTML, like Gecko) Chrome/76.0.3809.132 Safari/537.36', '/a/sys/user/list', 'GET', '', '');
INSERT INTO `sys_log` VALUES ('523713856f63430e834804134e14ce87', '1', '--', '1', '2019-09-09 21:33:37', '0:0:0:0:0:0:0:1', 'Mozilla/5.0 (Macintosh; Intel Mac OS X 10_14_6) AppleWebKit/537.36 (KHTML, like Gecko) Chrome/76.0.3809.132 Safari/537.36', '/a/sys/area/', 'GET', '', '');
INSERT INTO `sys_log` VALUES ('53415bdb7bb14869b77920791cf7a3e4', '1', '--', '1', '2017-11-14 15:14:33', '124.128.62.162', 'Mozilla/5.0 (Windows NT 10.0; WOW64) AppleWebKit/537.36 (KHTML, like Gecko) Chrome/55.0.2883.87 Safari/537.36', '/jeesite/a/sys/user/info', 'GET', '', '');
INSERT INTO `sys_log` VALUES ('53f07efc3b24441eb47daf7083e419c9', '1', '-', '1', '2019-09-08 20:41:25', '0:0:0:0:0:0:0:1', 'Mozilla/5.0 (Macintosh; Intel Mac OS X 10_14_6) AppleWebKit/537.36 (KHTML, like Gecko) Chrome/76.0.3809.132 Safari/537.36', '/a/demo/demoData/page', 'GET', '', '');
INSERT INTO `sys_log` VALUES ('546782b3d8d142508a72d28b4546d195', '1', '-', '1', '2019-09-08 21:20:48', '0:0:0:0:0:0:0:1', 'Mozilla/5.0 (Macintosh; Intel Mac OS X 10_14_6) AppleWebKit/537.36 (KHTML, like Gecko) Chrome/76.0.3809.132 Safari/537.36', '/a/demo/demoData/page', 'GET', '', '');
INSERT INTO `sys_log` VALUES ('54a329a75f57484383746c2875eac5fe', '1', '--', '1', '2019-09-09 03:23:46', '0:0:0:0:0:0:0:1', 'Mozilla/5.0 (Macintosh; Intel Mac OS X 10_14_6) AppleWebKit/537.36 (KHTML, like Gecko) Chrome/76.0.3809.132 Safari/537.36', '/a/gen/genTable', 'GET', '', '');
INSERT INTO `sys_log` VALUES ('54bb46ef624d4bf588a8bc7440672380', '1', '--', '1', '2017-11-14 15:14:40', '124.128.62.162', 'Mozilla/5.0 (Windows NT 10.0; WOW64) AppleWebKit/537.36 (KHTML, like Gecko) Chrome/55.0.2883.87 Safari/537.36', '/jeesite/a/test/testDataMain', 'GET', '', '');
INSERT INTO `sys_log` VALUES ('55149d3af3a64a7e840ffc8cfc96e4d3', '1', '', '1', '2019-09-09 01:02:46', '0:0:0:0:0:0:0:1', 'Mozilla/5.0 (Macintosh; Intel Mac OS X 10_14_6) AppleWebKit/537.36 (KHTML, like Gecko) Chrome/76.0.3809.132 Safari/537.36', '/a', 'GET', 'login=', '');
INSERT INTO `sys_log` VALUES ('55168b1ec3e444358e8aaf7d616a232d', '1', '-', '1', '2019-09-08 21:41:32', '0:0:0:0:0:0:0:1', 'Mozilla/5.0 (Macintosh; Intel Mac OS X 10_14_6) AppleWebKit/537.36 (KHTML, like Gecko) Chrome/76.0.3809.132 Safari/537.36', '/a/demo/demoData/page', 'GET', '', '');
INSERT INTO `sys_log` VALUES ('5539df7d81ea4f9a9ee05767051c5fce', '1', '-', '1', '2019-09-06 02:38:48', '0:0:0:0:0:0:0:1', 'Mozilla/5.0 (Macintosh; Intel Mac OS X 10_14_6) AppleWebKit/537.36 (KHTML, like Gecko) Chrome/76.0.3809.132 Safari/537.36', '/a/demo/demoData/page', 'GET', '', '');
INSERT INTO `sys_log` VALUES ('558061b0467542aba1ee2687e41f478b', '1', '--', '1', '2019-09-09 21:16:26', '0:0:0:0:0:0:0:1', 'Mozilla/5.0 (Macintosh; Intel Mac OS X 10_14_6) AppleWebKit/537.36 (KHTML, like Gecko) Chrome/76.0.3809.132 Safari/537.36', '/a/sys/user/index', 'GET', '', '');
INSERT INTO `sys_log` VALUES ('5582e67295114dfa8a28866e1522fea6', '1', '--', '1', '2019-09-09 20:33:22', '0:0:0:0:0:0:0:1', 'Mozilla/5.0 (Macintosh; Intel Mac OS X 10_14_6) AppleWebKit/537.36 (KHTML, like Gecko) Chrome/76.0.3809.132 Safari/537.36', '/a/sys/area/', 'GET', '', '');
INSERT INTO `sys_log` VALUES ('5584ea29519e4007b4341434186657d6', '1', '--', '1', '2019-09-09 21:30:50', '0:0:0:0:0:0:0:1', 'Mozilla/5.0 (Macintosh; Intel Mac OS X 10_14_6) AppleWebKit/537.36 (KHTML, like Gecko) Chrome/76.0.3809.132 Safari/537.36', '/a/sys/office/', 'GET', '', '');
INSERT INTO `sys_log` VALUES ('560c29fc47c74969882a393863fa39fb', '1', '-', '1', '2019-09-06 08:11:20', '0:0:0:0:0:0:0:1', 'Mozilla/5.0 (Macintosh; Intel Mac OS X 10_14_6) AppleWebKit/537.36 (KHTML, like Gecko) Chrome/76.0.3809.132 Safari/537.36', '/a/demo/demoData/page', 'GET', '', '');
INSERT INTO `sys_log` VALUES ('566b8432491144ddba53b30bbe1849c3', '1', '--', '1', '2017-11-14 15:14:14', '124.128.62.162', 'Mozilla/5.0 (Windows NT 10.0; WOW64) AppleWebKit/537.36 (KHTML, like Gecko) Chrome/55.0.2883.87 Safari/537.36', '/jeesite/a/sys/user/info', 'GET', '', '');
INSERT INTO `sys_log` VALUES ('56b06e0752a740738d107933ef97c8f1', '1', '--', '1', '2019-09-10 14:33:17', '0:0:0:0:0:0:0:1', 'Mozilla/5.0 (Macintosh; Intel Mac OS X 10_14_6) AppleWebKit/537.36 (KHTML, like Gecko) Chrome/76.0.3809.132 Safari/537.36', '/a/sys/user/info', 'GET', '', '');
INSERT INTO `sys_log` VALUES ('56e282aa382748808df56d547c881322', '1', '', '1', '2019-09-08 22:24:29', '0:0:0:0:0:0:0:1', 'Mozilla/5.0 (Macintosh; Intel Mac OS X 10_14_6) AppleWebKit/537.36 (KHTML, like Gecko) Chrome/76.0.3809.132 Safari/537.36', '/a', 'GET', 'login=', '');
INSERT INTO `sys_log` VALUES ('58937116d8614fa3b13e633714393f6c', '1', '--', '1', '2019-09-06 00:48:34', '0:0:0:0:0:0:0:1', 'Mozilla/5.0 (Macintosh; Intel Mac OS X 10_14_6) AppleWebKit/537.36 (KHTML, like Gecko) Chrome/76.0.3809.132 Safari/537.36', '/a/sys/menu/', 'GET', '', '');
INSERT INTO `sys_log` VALUES ('58cf83b853e74bfd804e378515005927', '1', '-', '1', '2019-09-09 02:09:41', '0:0:0:0:0:0:0:1', 'Mozilla/5.0 (Macintosh; Intel Mac OS X 10_14_6) AppleWebKit/537.36 (KHTML, like Gecko) Chrome/76.0.3809.132 Safari/537.36', '/a/demo/demoData/page', 'GET', '', '');
INSERT INTO `sys_log` VALUES ('58e6205e961344e28805867f398f810f', '1', '--', '1', '2019-09-06 00:53:29', '0:0:0:0:0:0:0:1', 'Mozilla/5.0 (Macintosh; Intel Mac OS X 10_14_6) AppleWebKit/537.36 (KHTML, like Gecko) Chrome/76.0.3809.132 Safari/537.36', '/a/sys/menu/', 'GET', '', '');
INSERT INTO `sys_log` VALUES ('58e703369dab456c8c6530b988aebe5a', '1', '--', '1', '2019-09-09 03:19:27', '0:0:0:0:0:0:0:1', 'Mozilla/5.0 (Macintosh; Intel Mac OS X 10_14_6) AppleWebKit/537.36 (KHTML, like Gecko) Chrome/76.0.3809.132 Safari/537.36', '/a/gen/genTable', 'GET', '', '');
INSERT INTO `sys_log` VALUES ('594929e699ba4a5aa0642e14c0e9919e', '1', '-', '1', '2019-09-09 04:23:49', '0:0:0:0:0:0:0:1', 'Mozilla/5.0 (Macintosh; Intel Mac OS X 10_14_6) AppleWebKit/537.36 (KHTML, like Gecko) Chrome/76.0.3809.132 Safari/537.36', '/a/demo/demoData/list', 'GET', '', '');
INSERT INTO `sys_log` VALUES ('59fae9bd2c08444f8638cc5911cf3d3d', '1', '--', '1', '2019-09-06 00:45:02', '0:0:0:0:0:0:0:1', 'Mozilla/5.0 (Macintosh; Intel Mac OS X 10_14_6) AppleWebKit/537.36 (KHTML, like Gecko) Chrome/76.0.3809.132 Safari/537.36', '/a/test/testData', 'GET', '', '');
INSERT INTO `sys_log` VALUES ('5a1eaf0727814c69b23cec935817aaf2', '1', '--', '1', '2019-09-09 03:44:44', '0:0:0:0:0:0:0:1', 'Mozilla/5.0 (Macintosh; Intel Mac OS X 10_14_6) AppleWebKit/537.36 (KHTML, like Gecko) Chrome/76.0.3809.132 Safari/537.36', '/a/gen/genTable', 'GET', '', '');
INSERT INTO `sys_log` VALUES ('5a417264d9af43a6bbcacc51c2479aaa', '1', '--', '1', '2019-09-06 00:49:39', '0:0:0:0:0:0:0:1', 'Mozilla/5.0 (Macintosh; Intel Mac OS X 10_14_6) AppleWebKit/537.36 (KHTML, like Gecko) Chrome/76.0.3809.132 Safari/537.36', '/a/sys/menu/', 'GET', '', '');
INSERT INTO `sys_log` VALUES ('5a6af383c07146aaafe56bd65d9c86bd', '1', '-', '1', '2019-09-09 01:55:26', '0:0:0:0:0:0:0:1', 'Mozilla/5.0 (Macintosh; Intel Mac OS X 10_14_6) AppleWebKit/537.36 (KHTML, like Gecko) Chrome/76.0.3809.132 Safari/537.36', '/a/demo/demoData/page', 'GET', '', '');
INSERT INTO `sys_log` VALUES ('5a9d5af3bd9a4925b68240c66b7504fe', '1', '-', '1', '2019-09-06 02:34:31', '0:0:0:0:0:0:0:1', 'Mozilla/5.0 (Macintosh; Intel Mac OS X 10_14_6) AppleWebKit/537.36 (KHTML, like Gecko) Chrome/76.0.3809.132 Safari/537.36', '/a/demo/demoData/page', 'GET', '', '');
INSERT INTO `sys_log` VALUES ('5ac586fe630d4e479185d84375ca4583', '1', '--', '1', '2019-09-09 04:09:27', '0:0:0:0:0:0:0:1', 'Mozilla/5.0 (Macintosh; Intel Mac OS X 10_14_6) AppleWebKit/537.36 (KHTML, like Gecko) Chrome/76.0.3809.132 Safari/537.36', '/a/sys/log', 'GET', '', '');
INSERT INTO `sys_log` VALUES ('5b15f8bff06245bc864b26b86b672539', '1', '', '1', '2019-09-10 11:16:44', '0:0:0:0:0:0:0:1', 'Mozilla/5.0 (Macintosh; Intel Mac OS X 10_14_6) AppleWebKit/537.36 (KHTML, like Gecko) Chrome/76.0.3809.132 Safari/537.36', '/a', 'GET', 'login=', '');
INSERT INTO `sys_log` VALUES ('5b9caaad56ee40ed90e4e8df5e9bdb14', '1', '-', '1', '2019-09-09 21:32:38', '0:0:0:0:0:0:0:1', 'Mozilla/5.0 (Macintosh; Intel Mac OS X 10_14_6) AppleWebKit/537.36 (KHTML, like Gecko) Chrome/76.0.3809.132 Safari/537.36', '/a/demo/demoData/list', 'GET', '', '');
INSERT INTO `sys_log` VALUES ('5babf513756448e89e3ba3ea05b27623', '1', '-', '1', '2019-09-09 01:44:28', '0:0:0:0:0:0:0:1', 'Mozilla/5.0 (Macintosh; Intel Mac OS X 10_14_6) AppleWebKit/537.36 (KHTML, like Gecko) Chrome/76.0.3809.132 Safari/537.36', '/a/demo/demoData/page', 'GET', '', '');
INSERT INTO `sys_log` VALUES ('5ce6a592827a4ed88e3997b1ec42d2c1', '1', '-', '1', '2019-09-08 20:22:31', '0:0:0:0:0:0:0:1', 'Mozilla/5.0 (Macintosh; Intel Mac OS X 10_14_6) AppleWebKit/537.36 (KHTML, like Gecko) Chrome/76.0.3809.132 Safari/537.36', '/a/demo/demoData/page', 'GET', '', '');
INSERT INTO `sys_log` VALUES ('5d0e70be6b20451fb64bee64426c22fc', '1', '-', '1', '2019-09-08 21:58:51', '0:0:0:0:0:0:0:1', 'Mozilla/5.0 (Macintosh; Intel Mac OS X 10_14_6) AppleWebKit/537.36 (KHTML, like Gecko) Chrome/76.0.3809.132 Safari/537.36', '/a/demo/demoData/page', 'GET', '', '');
INSERT INTO `sys_log` VALUES ('5d526bb862da4474a121366c60fc42a0', '1', '--', '1', '2017-11-14 15:16:48', '182.110.0.154', 'Mozilla/5.0 (Windows NT 6.1; WOW64) AppleWebKit/537.36 (KHTML, like Gecko) Chrome/57.0.2987.98 Safari/537.36 LBBROWSER', '/jeesite/a/gen/genTable', 'GET', '', '');
INSERT INTO `sys_log` VALUES ('5d6dd27738164ab79fcb7d80cc806381', '1', '--', '1', '2019-09-09 03:16:35', '0:0:0:0:0:0:0:1', 'Mozilla/5.0 (Macintosh; Intel Mac OS X 10_14_6) AppleWebKit/537.36 (KHTML, like Gecko) Chrome/76.0.3809.132 Safari/537.36', '/a/gen/genScheme', 'GET', '', '');
INSERT INTO `sys_log` VALUES ('5e92e006c814454fb48feb18c201d6d0', '1', '---', '1', '2019-09-06 00:53:42', '0:0:0:0:0:0:0:1', 'Mozilla/5.0 (Macintosh; Intel Mac OS X 10_14_6) AppleWebKit/537.36 (KHTML, like Gecko) Chrome/76.0.3809.132 Safari/537.36', '/a/sys/role/save', 'POST', 'id=1&office.id=1&office.name=&oldName=&name=&oldEnname=dept&enname=dept&roleType=assignment&sysData=1&useable=1&dataScope=1&menuIds=1,27,28,29,30,71,56,57,58,59,62,88,89,90,63,73,74,64,65,66,69,70,72,2,13,20,21,22,17,18,19,14,15,...&officeIds=&remarks=', '');
INSERT INTO `sys_log` VALUES ('5ea7a55bbe024079a5216b90cf27ff00', '1', '--', '1', '2019-09-09 02:57:51', '0:0:0:0:0:0:0:1', 'Mozilla/5.0 (Macintosh; Intel Mac OS X 10_14_6) AppleWebKit/537.36 (KHTML, like Gecko) Chrome/76.0.3809.132 Safari/537.36', '/a/gen/genScheme', 'GET', '', '');
INSERT INTO `sys_log` VALUES ('5ed30d2404fc42e78c1e6a8beb919abf', '1', '-', '1', '2019-09-06 00:58:33', '0:0:0:0:0:0:0:1', 'Mozilla/5.0 (Macintosh; Intel Mac OS X 10_14_6) AppleWebKit/537.36 (KHTML, like Gecko) Chrome/76.0.3809.132 Safari/537.36', '/a/demo/demoData/page', 'GET', '', '');
INSERT INTO `sys_log` VALUES ('5ef7e055707c47a0a22b996e4b5567bb', '1', '-', '1', '2019-09-06 03:05:52', '0:0:0:0:0:0:0:1', 'Mozilla/5.0 (Macintosh; Intel Mac OS X 10_14_6) AppleWebKit/537.36 (KHTML, like Gecko) Chrome/76.0.3809.132 Safari/537.36', '/a/demo/demoData/page', 'GET', '', '');
INSERT INTO `sys_log` VALUES ('5f13ea374ea64f3b90acdebc97bdf6a9', '1', '-', '1', '2019-09-09 01:54:35', '0:0:0:0:0:0:0:1', 'Mozilla/5.0 (Macintosh; Intel Mac OS X 10_14_6) AppleWebKit/537.36 (KHTML, like Gecko) Chrome/76.0.3809.132 Safari/537.36', '/a/demo/demoData/page', 'GET', '', '');
INSERT INTO `sys_log` VALUES ('5f86d3c498b847e9885f93fe60bd2e3d', '1', '--', '1', '2019-09-09 04:12:25', '0:0:0:0:0:0:0:1', 'Mozilla/5.0 (Macintosh; Intel Mac OS X 10_14_6) AppleWebKit/537.36 (KHTML, like Gecko) Chrome/76.0.3809.132 Safari/537.36', '/a/sys/menu/', 'GET', '', '');
INSERT INTO `sys_log` VALUES ('600301aacf07474ab93da5bef8dcf8d9', '1', '-', '1', '2019-09-09 02:15:42', '0:0:0:0:0:0:0:1', 'Mozilla/5.0 (Macintosh; Intel Mac OS X 10_14_6) AppleWebKit/537.36 (KHTML, like Gecko) Chrome/76.0.3809.132 Safari/537.36', '/a/demo/demoData/page', 'GET', '', '');
INSERT INTO `sys_log` VALUES ('606a7a27c39043a8a8b367c7d8f43ee7', '1', '-', '1', '2019-09-09 00:48:55', '0:0:0:0:0:0:0:1', 'Mozilla/5.0 (Macintosh; Intel Mac OS X 10_14_6) AppleWebKit/537.36 (KHTML, like Gecko) Chrome/76.0.3809.132 Safari/537.36', '/a/demo/demoData/page', 'GET', '', '');
INSERT INTO `sys_log` VALUES ('6177352d50f249c8a3cde080a0397536', '1', '--', '1', '2019-09-09 21:33:36', '0:0:0:0:0:0:0:1', 'Mozilla/5.0 (Macintosh; Intel Mac OS X 10_14_6) AppleWebKit/537.36 (KHTML, like Gecko) Chrome/76.0.3809.132 Safari/537.36', '/a/sys/office/', 'GET', '', '');
INSERT INTO `sys_log` VALUES ('61c8fda130c543859380ecf6d2b0e3ad', '1', '--', '1', '2019-09-09 21:04:07', '0:0:0:0:0:0:0:1', 'Mozilla/5.0 (Macintosh; Intel Mac OS X 10_14_6) AppleWebKit/537.36 (KHTML, like Gecko) Chrome/76.0.3809.132 Safari/537.36', '/a/sys/area/', 'GET', '', '');
INSERT INTO `sys_log` VALUES ('61cb85d0fe4745f1afe26a85a510eb66', '1', '-', '1', '2019-09-08 20:45:19', '0:0:0:0:0:0:0:1', 'Mozilla/5.0 (Macintosh; Intel Mac OS X 10_14_6) AppleWebKit/537.36 (KHTML, like Gecko) Chrome/76.0.3809.132 Safari/537.36', '/a/demo/demoData/page', 'GET', '', '');
INSERT INTO `sys_log` VALUES ('629ce4f81ef74142b04abb1eb665148f', '1', '-', '1', '2019-09-09 02:14:47', '0:0:0:0:0:0:0:1', 'Mozilla/5.0 (Macintosh; Intel Mac OS X 10_14_6) AppleWebKit/537.36 (KHTML, like Gecko) Chrome/76.0.3809.132 Safari/537.36', '/a/demo/demoData/page', 'GET', '', '');
INSERT INTO `sys_log` VALUES ('62a4b060a9574b69b927d1e0b8127b3a', '1', '--', '1', '2019-09-06 00:47:07', '0:0:0:0:0:0:0:1', 'Mozilla/5.0 (Macintosh; Intel Mac OS X 10_14_6) AppleWebKit/537.36 (KHTML, like Gecko) Chrome/76.0.3809.132 Safari/537.36', '/a/sys/menu/', 'GET', '', '');
INSERT INTO `sys_log` VALUES ('62a509ffaf53436aad66430aff22fc89', '1', '--', '1', '2019-09-09 21:28:12', '0:0:0:0:0:0:0:1', 'Mozilla/5.0 (Macintosh; Intel Mac OS X 10_14_6) AppleWebKit/537.36 (KHTML, like Gecko) Chrome/76.0.3809.132 Safari/537.36', '/a/sys/dict/', 'GET', '', '');
INSERT INTO `sys_log` VALUES ('631257f4bf8249d18220b9a50036ce2c', '1', '--', '1', '2019-09-09 03:22:50', '0:0:0:0:0:0:0:1', 'Mozilla/5.0 (Macintosh; Intel Mac OS X 10_14_6) AppleWebKit/537.36 (KHTML, like Gecko) Chrome/76.0.3809.132 Safari/537.36', '/a/gen/genTable', 'GET', '', '');
INSERT INTO `sys_log` VALUES ('631405808c2942fab8051a76e215b505', '1', '----', '1', '2017-11-14 15:15:55', '119.97.201.18', 'Mozilla/5.0 (Windows NT 10.0; WOW64) AppleWebKit/537.36 (KHTML, like Gecko) Chrome/62.0.3202.62 Safari/537.36', '/jeesite/a/cms/article/form', 'GET', 'id=32', '');
INSERT INTO `sys_log` VALUES ('632e0201a19043eb8a2c5f1d04a42f2e', '1', '---', '1', '2019-09-06 00:45:03', '0:0:0:0:0:0:0:1', 'Mozilla/5.0 (Macintosh; Intel Mac OS X 10_14_6) AppleWebKit/537.36 (KHTML, like Gecko) Chrome/76.0.3809.132 Safari/537.36', '/a/test/testData/getListData', 'POST', '_search=false&nd=1567748702460&rows=10&cuPage=1&sidx=&sord=asc', '');
INSERT INTO `sys_log` VALUES ('648ffbeb0faa491687fb25589c9a26b6', '1', '', '1', '2019-09-06 00:53:46', '0:0:0:0:0:0:0:1', 'Mozilla/5.0 (Macintosh; Intel Mac OS X 10_14_6) AppleWebKit/537.36 (KHTML, like Gecko) Chrome/76.0.3809.132 Safari/537.36', '/a', 'GET', 'login=', '');
INSERT INTO `sys_log` VALUES ('64ebeb0ca1804e05ab1ab81b2c6db465', '1', '-', '1', '2019-09-09 01:47:51', '0:0:0:0:0:0:0:1', 'Mozilla/5.0 (Macintosh; Intel Mac OS X 10_14_6) AppleWebKit/537.36 (KHTML, like Gecko) Chrome/76.0.3809.132 Safari/537.36', '/a/demo/demoData/page', 'GET', '', '');
INSERT INTO `sys_log` VALUES ('64fa9f1fc217402f874eed8b6da2721c', '1', '-', '1', '2019-09-07 04:34:09', '0:0:0:0:0:0:0:1', 'Mozilla/5.0 (Macintosh; Intel Mac OS X 10_14_6) AppleWebKit/537.36 (KHTML, like Gecko) Chrome/76.0.3809.132 Safari/537.36', '/a/demo/demoData/page', 'GET', '', '');
INSERT INTO `sys_log` VALUES ('6587dcd5bbfe4e3490e1b49563cded55', '1', '--', '1', '2017-11-14 15:19:15', '182.110.0.154', 'Mozilla/5.0 (Windows NT 6.1; WOW64) AppleWebKit/537.36 (KHTML, like Gecko) Chrome/57.0.2987.98 Safari/537.36 LBBROWSER', '/jeesite/a/gen/genTable', 'GET', '', '');
INSERT INTO `sys_log` VALUES ('659557586297489196c5da24fafbda7c', '1', '---', '1', '2017-11-14 15:18:56', '220.160.68.3', 'Mozilla/5.0 (Windows NT 10.0; WOW64) AppleWebKit/537.36 (KHTML, like Gecko) Chrome/50.0.2661.102 Safari/537.36', '/jeesite/a/sys/user/export', 'POST', 'pageNo=1&pageSize=30&orderBy=&company.id=&company.name=&loginName=&office.id=2&office.name=&name=', '');
INSERT INTO `sys_log` VALUES ('660fa6134b0241609571c4e492cd0e36', '1', '-', '1', '2019-09-09 00:37:23', '0:0:0:0:0:0:0:1', 'Mozilla/5.0 (Macintosh; Intel Mac OS X 10_14_6) AppleWebKit/537.36 (KHTML, like Gecko) Chrome/76.0.3809.132 Safari/537.36', '/a/demo/demoData/page', 'GET', '', '');
INSERT INTO `sys_log` VALUES ('662c491416874696a7e310629f0cb77e', '1', '', '1', '2019-09-09 20:16:45', '0:0:0:0:0:0:0:1', 'Mozilla/5.0 (Macintosh; Intel Mac OS X 10_14_6) AppleWebKit/537.36 (KHTML, like Gecko) Chrome/76.0.3809.132 Safari/537.36', '/a', 'GET', 'login=', '');
INSERT INTO `sys_log` VALUES ('67018ccbc80f4507b6943737c8459b3d', '1', '-', '1', '2019-09-09 00:23:45', '0:0:0:0:0:0:0:1', 'Mozilla/5.0 (Macintosh; Intel Mac OS X 10_14_6) AppleWebKit/537.36 (KHTML, like Gecko) Chrome/76.0.3809.132 Safari/537.36', '/a/demo/demoData/page', 'GET', '', '');
INSERT INTO `sys_log` VALUES ('67c1f7b2dc534eb7a9d098bd9015e4f2', '1', '---', '1', '2019-09-06 00:48:17', '0:0:0:0:0:0:0:1', 'Mozilla/5.0 (Macintosh; Intel Mac OS X 10_14_6) AppleWebKit/537.36 (KHTML, like Gecko) Chrome/76.0.3809.132 Safari/537.36', '/a/sys/menu/delete', 'GET', 'id=31', '');
INSERT INTO `sys_log` VALUES ('68a4c503a7184a6eb03906518a23a91f', '1', '-', '1', '2019-09-08 20:28:56', '0:0:0:0:0:0:0:1', 'Mozilla/5.0 (Macintosh; Intel Mac OS X 10_14_6) AppleWebKit/537.36 (KHTML, like Gecko) Chrome/76.0.3809.132 Safari/537.36', '/a/demo/demoData/page', 'GET', '', '');
INSERT INTO `sys_log` VALUES ('68e2fe17b1d94145b1de2e1761b934e3', '1', '---', '1', '2019-09-06 00:45:30', '0:0:0:0:0:0:0:1', 'Mozilla/5.0 (Macintosh; Intel Mac OS X 10_14_6) AppleWebKit/537.36 (KHTML, like Gecko) Chrome/76.0.3809.132 Safari/537.36', '/a/sys/menu/form', 'GET', '', '');
INSERT INTO `sys_log` VALUES ('690e0e5e0dc74267972306fbc1af3320', '1', '-', '1', '2019-09-08 20:22:09', '0:0:0:0:0:0:0:1', 'Mozilla/5.0 (Macintosh; Intel Mac OS X 10_14_6) AppleWebKit/537.36 (KHTML, like Gecko) Chrome/76.0.3809.132 Safari/537.36', '/a/demo/demoData/page', 'GET', '', '');
INSERT INTO `sys_log` VALUES ('691c1f4f45d449b79a2672d53f63c1ff', '1', '', '1', '2017-11-14 15:14:13', '124.128.62.162', 'Mozilla/5.0 (Windows NT 10.0; WOW64) AppleWebKit/537.36 (KHTML, like Gecko) Chrome/55.0.2883.87 Safari/537.36', '/jeesite/a', 'GET', 'login=', '');
INSERT INTO `sys_log` VALUES ('69b41e0ea092459aaed4c1a0dad4cf14', '1', '--', '1', '2019-09-09 02:19:25', '0:0:0:0:0:0:0:1', 'Mozilla/5.0 (Macintosh; Intel Mac OS X 10_14_6) AppleWebKit/537.36 (KHTML, like Gecko) Chrome/76.0.3809.132 Safari/537.36', '/a/act/task/todo/', 'GET', '', '');
INSERT INTO `sys_log` VALUES ('6a05a8ad4a0c4ff295297cb30da5afe5', '1', '--', '1', '2019-09-09 03:04:07', '0:0:0:0:0:0:0:1', 'Mozilla/5.0 (Macintosh; Intel Mac OS X 10_14_6) AppleWebKit/537.36 (KHTML, like Gecko) Chrome/76.0.3809.132 Safari/537.36', '/a/gen/genScheme', 'GET', '', '');
INSERT INTO `sys_log` VALUES ('6aa1fa79e4d3492ea43859e68eb284bd', '1', '-', '1', '2019-09-06 02:50:58', '0:0:0:0:0:0:0:1', 'Mozilla/5.0 (Macintosh; Intel Mac OS X 10_14_6) AppleWebKit/537.36 (KHTML, like Gecko) Chrome/76.0.3809.132 Safari/537.36', '/a/demo/demoData/page', 'GET', '', '');
INSERT INTO `sys_log` VALUES ('6aab7d1a6d704a9791a1a294d002ccd6', '1', '---', '1', '2017-11-14 15:14:45', '119.97.201.18', 'Mozilla/5.0 (Windows NT 10.0; WOW64) AppleWebKit/537.36 (KHTML, like Gecko) Chrome/62.0.3202.62 Safari/537.36', '/jeesite/a/cms/article/', 'GET', 'category.id=3', '');
INSERT INTO `sys_log` VALUES ('6b1e84a18a584410ac7992368b8c0698', '1', '--', '1', '2019-09-09 21:15:00', '0:0:0:0:0:0:0:1', 'Mozilla/5.0 (Macintosh; Intel Mac OS X 10_14_6) AppleWebKit/537.36 (KHTML, like Gecko) Chrome/76.0.3809.132 Safari/537.36', '/a/sys/office/', 'GET', '', '');
INSERT INTO `sys_log` VALUES ('6b30c7cb118949278fe96286241d69d5', '1', '', '1', '2019-09-09 20:46:19', '0:0:0:0:0:0:0:1', 'Mozilla/5.0 (Macintosh; Intel Mac OS X 10_14_6) AppleWebKit/537.36 (KHTML, like Gecko) Chrome/76.0.3809.132 Safari/537.36', '/a', 'GET', 'login=', '');
INSERT INTO `sys_log` VALUES ('6b415f3e2b154cdfa3150adbd4e525b6', '1', '--', '1', '2019-09-09 04:27:06', '0:0:0:0:0:0:0:1', 'Mozilla/5.0 (Macintosh; Intel Mac OS X 10_14_6) AppleWebKit/537.36 (KHTML, like Gecko) Chrome/76.0.3809.132 Safari/537.36', '/a/test/testData', 'GET', '', '');
INSERT INTO `sys_log` VALUES ('6bc64aaee6d94256aec4daeb9feade76', '1', '-', '1', '2019-09-06 00:53:50', '0:0:0:0:0:0:0:1', 'Mozilla/5.0 (Macintosh; Intel Mac OS X 10_14_6) AppleWebKit/537.36 (KHTML, like Gecko) Chrome/76.0.3809.132 Safari/537.36', '/a/demo/demoData/list', 'GET', '', '');
INSERT INTO `sys_log` VALUES ('6beb5473259d48baa69c552083df5727', '1', '----', '1', '2017-11-14 15:16:34', '119.97.201.18', 'Mozilla/5.0 (Windows NT 10.0; WOW64) AppleWebKit/537.36 (KHTML, like Gecko) Chrome/62.0.3202.62 Safari/537.36', '/jeesite/a/cms/article/findByIds', 'GET', 'ids=1,2,3', '');
INSERT INTO `sys_log` VALUES ('6beeb7633b7c409cb38e6064dbdbe3d7', '1', '-', '1', '2019-09-09 01:01:36', '0:0:0:0:0:0:0:1', 'Mozilla/5.0 (Macintosh; Intel Mac OS X 10_14_6) AppleWebKit/537.36 (KHTML, like Gecko) Chrome/76.0.3809.132 Safari/537.36', '/a/demo/demoData/page', 'GET', '', '');
INSERT INTO `sys_log` VALUES ('6c0b47545ad943f785e302de7f27754a', '1', '-', '1', '2019-09-08 20:44:25', '0:0:0:0:0:0:0:1', 'Mozilla/5.0 (Macintosh; Intel Mac OS X 10_14_6) AppleWebKit/537.36 (KHTML, like Gecko) Chrome/76.0.3809.132 Safari/537.36', '/a/demo/demoData/page', 'GET', '', '');
INSERT INTO `sys_log` VALUES ('6cb03d1358e14853ab434de5ce9dd87f', '1', '--', '1', '2019-09-09 21:01:40', '0:0:0:0:0:0:0:1', 'Mozilla/5.0 (Macintosh; Intel Mac OS X 10_14_6) AppleWebKit/537.36 (KHTML, like Gecko) Chrome/76.0.3809.132 Safari/537.36', '/a/sys/area/', 'GET', '', '');
INSERT INTO `sys_log` VALUES ('6d00990759d643188911c6b9ba334513', '1', '-', '1', '2019-09-08 19:51:22', '0:0:0:0:0:0:0:1', 'Mozilla/5.0 (Macintosh; Intel Mac OS X 10_14_6) AppleWebKit/537.36 (KHTML, like Gecko) Chrome/76.0.3809.132 Safari/537.36', '/a/demo/demoData/page', 'GET', '', '');
INSERT INTO `sys_log` VALUES ('6d153766a92d4bc89d7d5a8ee2cd08e9', '1', '--', '1', '2019-09-09 21:28:13', '0:0:0:0:0:0:0:1', 'Mozilla/5.0 (Macintosh; Intel Mac OS X 10_14_6) AppleWebKit/537.36 (KHTML, like Gecko) Chrome/76.0.3809.132 Safari/537.36', '/a/sys/role/', 'GET', '', '');
INSERT INTO `sys_log` VALUES ('6d7d33de90d74d70b9db1e0c81d5185a', '1', '', '1', '2019-09-09 02:02:37', '0:0:0:0:0:0:0:1', 'Mozilla/5.0 (Macintosh; Intel Mac OS X 10_14_6) AppleWebKit/537.36 (KHTML, like Gecko) Chrome/76.0.3809.132 Safari/537.36', '/a', 'GET', 'login=', '');
INSERT INTO `sys_log` VALUES ('6de671769ce04a5987fdfb5a101d65fa', '1', '---', '1', '2019-09-06 00:49:58', '0:0:0:0:0:0:0:1', 'Mozilla/5.0 (Macintosh; Intel Mac OS X 10_14_6) AppleWebKit/537.36 (KHTML, like Gecko) Chrome/76.0.3809.132 Safari/537.36', '/a/sys/menu/save', 'POST', 'id=79&parent.id=1&parent.name=&name=&href=&target=&icon=desktop&sort=5000&isShow=1&permission=&remarks=', '');
INSERT INTO `sys_log` VALUES ('6deb7931832f4118985c257c80c5ac3a', '1', '-', '1', '2019-09-06 02:31:04', '0:0:0:0:0:0:0:1', 'Mozilla/5.0 (Macintosh; Intel Mac OS X 10_14_6) AppleWebKit/537.36 (KHTML, like Gecko) Chrome/76.0.3809.132 Safari/537.36', '/a/demo/demoData/page', 'GET', '', '');
INSERT INTO `sys_log` VALUES ('6defa67b84d94d498b50199e9743bc96', '1', '---', '1', '2019-09-06 00:52:01', '0:0:0:0:0:0:0:1', 'Mozilla/5.0 (Macintosh; Intel Mac OS X 10_14_6) AppleWebKit/537.36 (KHTML, like Gecko) Chrome/76.0.3809.132 Safari/537.36', '/a/sys/role/form', 'GET', 'id=1', '');
INSERT INTO `sys_log` VALUES ('6e1c5d2e8a1e49a698206f4193c8e3d8', '1', '-', '1', '2019-09-09 02:21:31', '0:0:0:0:0:0:0:1', 'Mozilla/5.0 (Macintosh; Intel Mac OS X 10_14_6) AppleWebKit/537.36 (KHTML, like Gecko) Chrome/76.0.3809.132 Safari/537.36', '/a/demo/demoData/page', 'GET', '', '');
INSERT INTO `sys_log` VALUES ('6e29912a45ae49fbb2b77978f8956fca', '1', '--', '1', '2019-09-09 04:26:39', '0:0:0:0:0:0:0:1', 'Mozilla/5.0 (Macintosh; Intel Mac OS X 10_14_6) AppleWebKit/537.36 (KHTML, like Gecko) Chrome/76.0.3809.132 Safari/537.36', '/a/sys/menu/', 'GET', '', '');
INSERT INTO `sys_log` VALUES ('6ee0dc8d0adc42498c5248fb67e4ffea', '1', '-', '1', '2019-09-06 02:05:19', '0:0:0:0:0:0:0:1', 'Mozilla/5.0 (Macintosh; Intel Mac OS X 10_14_6) AppleWebKit/537.36 (KHTML, like Gecko) Chrome/76.0.3809.132 Safari/537.36', '/a/demo/demoData/page', 'GET', '', '');
INSERT INTO `sys_log` VALUES ('6f69cd4c81b64b40975cca1f2e43c1f6', '1', '-', '1', '2019-09-06 00:54:55', '0:0:0:0:0:0:0:1', 'Mozilla/5.0 (Macintosh; Intel Mac OS X 10_14_6) AppleWebKit/537.36 (KHTML, like Gecko) Chrome/76.0.3809.132 Safari/537.36', '/a/demo/demoData/list', 'GET', '', '');
INSERT INTO `sys_log` VALUES ('6fc249058d8e49bfaae087cf765ce54a', '1', '--', '1', '2019-09-06 00:53:12', '0:0:0:0:0:0:0:1', 'Mozilla/5.0 (Macintosh; Intel Mac OS X 10_14_6) AppleWebKit/537.36 (KHTML, like Gecko) Chrome/76.0.3809.132 Safari/537.36', '/a/sys/menu/', 'GET', '', '');
INSERT INTO `sys_log` VALUES ('70334998678c45bb946f2edcbf463317', '1', '--', '1', '2019-09-09 03:28:24', '0:0:0:0:0:0:0:1', 'Mozilla/5.0 (Macintosh; Intel Mac OS X 10_14_6) AppleWebKit/537.36 (KHTML, like Gecko) Chrome/76.0.3809.132 Safari/537.36', '/a/gen/genTable', 'GET', '', '');
INSERT INTO `sys_log` VALUES ('703c1f696fc64c40bb480a3d5dc0638b', '1', '-', '1', '2019-09-08 20:29:22', '0:0:0:0:0:0:0:1', 'Mozilla/5.0 (Macintosh; Intel Mac OS X 10_14_6) AppleWebKit/537.36 (KHTML, like Gecko) Chrome/76.0.3809.132 Safari/537.36', '/a/demo/demoData/page', 'GET', '', '');
INSERT INTO `sys_log` VALUES ('7071dda4937342738ef86c6dd171118b', '2', '--', '1', '2019-09-09 02:48:16', '0:0:0:0:0:0:0:1', 'Mozilla/5.0 (Macintosh; Intel Mac OS X 10_14_6) AppleWebKit/537.36 (KHTML, like Gecko) Chrome/76.0.3809.132 Safari/537.36', '/a/gen/genScheme', 'GET', '', 'org.apache.jasper.JasperException: An exception occurred processing JSP page /WEB-INF/views/modules/gen/genSchemeList.jsp at line 35\n\n32: 				<div class=\"form-group\">\n33: 					<label class=\"control-label col-md-3\">:</label>\n34: 					<div class=\"col-md-9\">\n35: 						<form:select id=\"type\" path=\"type\" class=\"form-control\">\n36: 							<form:option value=\"\" items=\"${typeList}\" htmlEscape=\"false\"/></form:select>\n37: 					</div>\n38: 				</div>\n\n\nStacktrace:\n	at org.apache.jasper.servlet.JspServletWrapper.handleJspException(JspServletWrapper.java:579)\n	at org.apache.jasper.servlet.JspServletWrapper.service(JspServletWrapper.java:471)\n	at org.apache.jasper.servlet.JspServlet.serviceJspFile(JspServlet.java:396)\n	at org.apache.jasper.servlet.JspServlet.service(JspServlet.java:340)\n	at javax.servlet.http.HttpServlet.service(HttpServlet.java:729)\n	at org.apache.catalina.core.ApplicationFilterChain.internalDoFilter(ApplicationFilterChain.java:292)\n	at org.apache.catalina.core.ApplicationFilterChain.doFilter(ApplicationFilterChain.java:207)\n	at org.apache.tomcat.websocket.server.WsFilter.doFilter(WsFilter.java:52)\n	at org.apache.catalina.core.ApplicationFilterChain.internalDoFilter(ApplicationFilterChain.java:240)\n	at org.apache.catalina.core.ApplicationFilterChain.doFilter(ApplicationFilterChain.java:207)\n	at org.apache.catalina.core.ApplicationDispatcher.invoke(ApplicationDispatcher.java:720)\n	at org.apache.catalina.core.ApplicationDispatcher.processRequest(ApplicationDispatcher.java:466)\n	at org.apache.catalina.core.ApplicationDispatcher.doForward(ApplicationDispatcher.java:391)\n	at org.apache.catalina.core.ApplicationDispatcher.forward(ApplicationDispatcher.java:318)\n	at org.springframework.web.servlet.view.InternalResourceView.renderMergedOutputModel(InternalResourceView.java:168)\n	at org.springframework.web.servlet.view.AbstractView.render(AbstractView.java:303)\n	at org.springframework.web.servlet.DispatcherServlet.render(DispatcherServlet.java:1243)\n	at org.springframework.web.servlet.DispatcherServlet.processDispatchResult(DispatcherServlet.java:1027)\n	at org.springframework.web.servlet.DispatcherServlet.doDispatch(DispatcherServlet.java:971)\n	at org.springframework.web.servlet.DispatcherServlet.doService(DispatcherServlet.java:893)\n	at org.springframework.web.servlet.FrameworkServlet.processRequest(FrameworkServlet.java:965)\n	at org.springframework.web.servlet.FrameworkServlet.doGet(FrameworkServlet.java:856)\n	at javax.servlet.http.HttpServlet.service(HttpServlet.java:622)\n	at org.springframework.web.servlet.FrameworkServlet.service(FrameworkServlet.java:841)\n	at javax.servlet.http.HttpServlet.service(HttpServlet.java:729)\n	at org.apache.catalina.core.ApplicationFilterChain.internalDoFilter(ApplicationFilterChain.java:292)\n	at org.apache.catalina.core.ApplicationFilterChain.doFilter(ApplicationFilterChain.java:207)\n	at org.apache.tomcat.websocket.server.WsFilter.doFilter(WsFilter.java:52)\n	at org.apache.catalina.core.ApplicationFilterChain.internalDoFilter(ApplicationFilterChain.java:240)\n	at org.apache.catalina.core.ApplicationFilterChain.doFilter(ApplicationFilterChain.java:207)\n	at com.opensymphony.sitemesh.webapp.SiteMeshFilter.obtainContent(SiteMeshFilter.java:129)\n	at com.opensymphony.sitemesh.webapp.SiteMeshFilter.doFilter(SiteMeshFilter.java:77)\n	at org.apache.catalina.core.ApplicationFilterChain.internalDoFilter(ApplicationFilterChain.java:240)\n	at org.apache.catalina.core.ApplicationFilterChain.doFilter(ApplicationFilterChain.java:207)\n	at org.apache.shiro.web.servlet.ProxiedFilterChain.doFilter(ProxiedFilterChain.java:61)\n	at org.apache.shiro.web.servlet.AdviceFilter.executeChain(AdviceFilter.java:108)\n	at org.apache.shiro.web.servlet.AdviceFilter.doFilterInternal(AdviceFilter.java:137)\n	at org.apache.shiro.web.servlet.OncePerRequestFilter.doFilter(OncePerRequestFilter.java:125)\n	at org.apache.shiro.web.servlet.ProxiedFilterChain.doFilter(ProxiedFilterChain.java:66)\n	at org.apache.shiro.web.servlet.AbstractShiroFilter.executeChain(AbstractShiroFilter.java:449)\n	at org.apache.shiro.web.servlet.AbstractShiroFilter$1.call(AbstractShiroFilter.java:365)\n	at org.apache.shiro.subject.support.SubjectCallable.doCall(SubjectCallable.java:90)\n	at org.apache.shiro.subject.support.SubjectCallable.call(SubjectCallable.java:83)\n	at org.apache.shiro.subject.support.DelegatingSubject.execute(DelegatingSubject.java:383)\n	at org.apache.shiro.web.servlet.AbstractShiroFilter.doFilterInternal(AbstractShiroFilter.java:362)\n	at org.apache.shiro.web.servlet.OncePerRequestFilter.doFilter(OncePerRequestFilter.java:125)\n	at org.springframework.web.filter.DelegatingFilterProxy.invokeDelegate(DelegatingFilterProxy.java:344)\n	at org.springframework.web.filter.DelegatingFilterProxy.doFilter(DelegatingFilterProxy.java:261)\n	at org.apache.catalina.core.ApplicationFilterChain.internalDoFilter(ApplicationFilterChain.java:240)\n	at org.apache.catalina.core.ApplicationFilterChain.doFilter(ApplicationFilterChain.java:207)\n	at org.springframework.web.filter.CharacterEncodingFilter.doFilterInternal(CharacterEncodingFilter.java:85)\n	at org.springframework.web.filter.OncePerRequestFilter.doFilter(OncePerRequestFilter.java:107)\n	at org.apache.catalina.core.ApplicationFilterChain.internalDoFilter(ApplicationFilterChain.java:240)\n	at org.apache.catalina.core.ApplicationFilterChain.doFilter(ApplicationFilterChain.java:207)\n	at org.apache.catalina.core.StandardWrapperValve.invoke(StandardWrapperValve.java:212)\n	at org.apache.catalina.core.StandardContextValve.invoke(StandardContextValve.java:106)\n	at org.apache.catalina.authenticator.AuthenticatorBase.invoke(AuthenticatorBase.java:502)\n	at org.apache.catalina.core.StandardHostValve.invoke(StandardHostValve.java:141)\n	at org.apache.catalina.valves.ErrorReportValve.invoke(ErrorReportValve.java:79)\n	at org.apache.catalina.valves.AbstractAccessLogValve.invoke(AbstractAccessLogValve.java:616)\n	at org.apache.catalina.core.StandardEngineValve.invoke(StandardEngineValve.java:88)\n	at org.apache.catalina.connector.CoyoteAdapter.service(CoyoteAdapter.java:528)\n	at org.apache.coyote.http11.AbstractHttp11Processor.process(AbstractHttp11Processor.java:1100)\n	at org.apache.coyote.AbstractProtocol$AbstractConnectionHandler.process(AbstractProtocol.java:687)\n	at org.apache.tomcat.util.net.NioEndpoint$SocketProcessor.doRun(NioEndpoint.java:1520)\n	at org.apache.tomcat.util.net.NioEndpoint$SocketProcessor.run(NioEndpoint.java:1476)\n	at java.util.concurrent.ThreadPoolExecutor.runWorker(ThreadPoolExecutor.java:1142)\n	at java.util.concurrent.ThreadPoolExecutor$Worker.run(ThreadPoolExecutor.java:617)\n	at org.apache.tomcat.util.threads.TaskThread$WrappingRunnable.run(TaskThread.java:61)\n	at java.lang.Thread.run(Thread.java:745)\nCaused by: java.lang.IllegalStateException: Neither BindingResult nor plain target object for bean name \'dict\' available as request attribute\n	at org.springframework.web.servlet.support.BindStatus.<init>(BindStatus.java:144)\n	at org.springframework.web.servlet.tags.form.AbstractDataBoundFormElementTag.getBindStatus(AbstractDataBoundFormElementTag.java:168)\n	at org.springframework.web.servlet.tags.form.AbstractDataBoundFormElementTag.getPropertyPath(AbstractDataBoundFormElementTag.java:188)\n	at org.springframework.web.servlet.tags.form.AbstractDataBoundFormElementTag.getName(AbstractDataBoundFormElementTag.java:154)\n	at org.springframework.web.servlet.tags.form.AbstractDataBoundFormElementTag.writeDefaultAttributes(AbstractDataBoundFormElementTag.java:117)\n	at org.springframework.web.servlet.tags.form.AbstractHtmlElementTag.writeDefaultAttributes(AbstractHtmlElementTag.java:422)\n	at org.springframework.web.servlet.tags.form.SelectTag.writeTagContent(SelectTag.java:194)\n	at org.springframework.web.servlet.tags.form.AbstractFormTag.doStartTagInternal(AbstractFormTag.java:84)\n	at org.springframework.web.servlet.tags.RequestContextAwareTag.doStartTag(RequestContextAwareTag.java:80)\n	at org.apache.jsp.WEB_002dINF.views.modules.gen.genSchemeList_jsp._jspService(genSchemeList_jsp.java:244)\n	at org.apache.jasper.runtime.HttpJspBase.service(HttpJspBase.java:70)\n	at javax.servlet.http.HttpServlet.service(HttpServlet.java:729)\n	at org.apache.jasper.servlet.JspServletWrapper.service(JspServletWrapper.java:438)\n	... 68 more\n');
INSERT INTO `sys_log` VALUES ('70b9d46e66ff4871ac04c12f340f4276', '1', '--', '1', '2019-09-09 21:26:48', '0:0:0:0:0:0:0:1', 'Mozilla/5.0 (Macintosh; Intel Mac OS X 10_14_6) AppleWebKit/537.36 (KHTML, like Gecko) Chrome/76.0.3809.132 Safari/537.36', '/a/sys/menu/', 'GET', '', '');
INSERT INTO `sys_log` VALUES ('70c38c1a5edc4a26a9ed5b8de5876e62', '1', '-', '1', '2017-11-14 15:14:28', '119.97.201.18', 'Mozilla/5.0 (Windows NT 10.0; WOW64) AppleWebKit/537.36 (KHTML, like Gecko) Chrome/62.0.3202.62 Safari/537.36', '/jeesite/a/cms/tree', 'GET', '', '');
INSERT INTO `sys_log` VALUES ('70f8012c22364b1098a511371c0b3366', '1', '---', '1', '2017-11-14 15:14:35', '119.97.201.18', 'Mozilla/5.0 (Windows NT 10.0; WOW64) AppleWebKit/537.36 (KHTML, like Gecko) Chrome/62.0.3202.62 Safari/537.36', '/jeesite/a/cms/article/', 'GET', 'category.id=3', '');
INSERT INTO `sys_log` VALUES ('711d055c3eae412fb6fd113253f01c60', '1', '--', '1', '2019-09-09 03:15:51', '0:0:0:0:0:0:0:1', 'Mozilla/5.0 (Macintosh; Intel Mac OS X 10_14_6) AppleWebKit/537.36 (KHTML, like Gecko) Chrome/76.0.3809.132 Safari/537.36', '/a/test/testData', 'GET', '', '');
INSERT INTO `sys_log` VALUES ('715c1f8b11744fee8e4431b13817ceb6', '1', '---', '1', '2019-09-09 21:11:17', '0:0:0:0:0:0:0:1', 'Mozilla/5.0 (Macintosh; Intel Mac OS X 10_14_6) AppleWebKit/537.36 (KHTML, like Gecko) Chrome/76.0.3809.132 Safari/537.36', '/a/sys/user/list', 'GET', '', '');
INSERT INTO `sys_log` VALUES ('72478de914dc4743b576b69d4fc04025', '1', '---', '1', '2019-09-09 03:15:51', '0:0:0:0:0:0:0:1', 'Mozilla/5.0 (Macintosh; Intel Mac OS X 10_14_6) AppleWebKit/537.36 (KHTML, like Gecko) Chrome/76.0.3809.132 Safari/537.36', '/a/test/testData/getListData', 'POST', '_search=false&nd=1568016950810&rows=10&cuPage=1&sidx=&sord=asc', '');
INSERT INTO `sys_log` VALUES ('7281974fa5074f0695caf89f4caca586', '1', '', '1', '2019-09-09 20:55:17', '0:0:0:0:0:0:0:1', 'Mozilla/5.0 (Macintosh; Intel Mac OS X 10_14_6) AppleWebKit/537.36 (KHTML, like Gecko) Chrome/76.0.3809.132 Safari/537.36', '/a', 'GET', 'login=', '');
INSERT INTO `sys_log` VALUES ('72c538240a1d4035ba5d4db9cdbe1120', '1', '', '1', '2019-09-08 19:43:12', '0:0:0:0:0:0:0:1', 'Mozilla/5.0 (Macintosh; Intel Mac OS X 10_14_6) AppleWebKit/537.36 (KHTML, like Gecko) Chrome/76.0.3809.132 Safari/537.36', '/a', 'GET', 'login=', '');
INSERT INTO `sys_log` VALUES ('72f5c5708fd7444f9119eddb000657ae', '1', '--', '1', '2019-09-10 15:14:38', '10.10.101.227', 'Mozilla/5.0 (Windows NT 10.0; Win64; x64) AppleWebKit/537.36 (KHTML, like Gecko) Chrome/76.0.3809.132 Safari/537.36', '/fastsite-1.2.7/a/sys/user/info', 'GET', '', '');
INSERT INTO `sys_log` VALUES ('7425f8893c564ba49036e6608b0d2324', '1', '--', '1', '2019-09-09 02:59:55', '0:0:0:0:0:0:0:1', 'Mozilla/5.0 (Macintosh; Intel Mac OS X 10_14_6) AppleWebKit/537.36 (KHTML, like Gecko) Chrome/76.0.3809.132 Safari/537.36', '/a/gen/genTable', 'GET', '', '');
INSERT INTO `sys_log` VALUES ('7483ebdef78a4a959dc39b26c1542305', '1', '--', '1', '2017-11-14 15:15:38', '124.128.62.162', 'Mozilla/5.0 (Windows NT 10.0; WOW64) AppleWebKit/537.36 (KHTML, like Gecko) Chrome/55.0.2883.87 Safari/537.36', '/jeesite/a/sys/user/info', 'GET', 'tabPageId=jerichotabiframe_0', '');
INSERT INTO `sys_log` VALUES ('749f9ff432ce4b8798801c1f8d4e01a1', '1', '', '1', '2019-09-10 11:06:21', '0:0:0:0:0:0:0:1', 'Mozilla/5.0 (Macintosh; Intel Mac OS X 10_14_6) AppleWebKit/537.36 (KHTML, like Gecko) Chrome/76.0.3809.132 Safari/537.36', '/a', 'GET', 'login=', '');
INSERT INTO `sys_log` VALUES ('753012c768244e2e8e1760ba7a0d0982', '1', '--', '1', '2019-09-09 04:27:16', '0:0:0:0:0:0:0:1', 'Mozilla/5.0 (Macintosh; Intel Mac OS X 10_14_6) AppleWebKit/537.36 (KHTML, like Gecko) Chrome/76.0.3809.132 Safari/537.36', '/a/sys/user/index', 'GET', '', '');
INSERT INTO `sys_log` VALUES ('758cb2ad38024be1bf9bff5e11c04c1e', '1', '-', '1', '2019-09-06 02:51:31', '0:0:0:0:0:0:0:1', 'Mozilla/5.0 (Macintosh; Intel Mac OS X 10_14_6) AppleWebKit/537.36 (KHTML, like Gecko) Chrome/76.0.3809.132 Safari/537.36', '/a/demo/demoData/page', 'GET', '', '');
INSERT INTO `sys_log` VALUES ('75a320ccf4b1476eb4cef66f6db27399', '1', '--', '1', '2019-09-09 04:00:25', '0:0:0:0:0:0:0:1', 'Mozilla/5.0 (Macintosh; Intel Mac OS X 10_14_6) AppleWebKit/537.36 (KHTML, like Gecko) Chrome/76.0.3809.132 Safari/537.36', '/a/gen/genTable', 'GET', '', '');
INSERT INTO `sys_log` VALUES ('75e310a78a4c46b1b2693c34249a2c2d', '1', '-', '1', '2019-09-06 02:07:58', '0:0:0:0:0:0:0:1', 'Mozilla/5.0 (Macintosh; Intel Mac OS X 10_14_6) AppleWebKit/537.36 (KHTML, like Gecko) Chrome/76.0.3809.132 Safari/537.36', '/a/demo/demoData/page', 'GET', '', '');
INSERT INTO `sys_log` VALUES ('760569643754411d9c350509faa7436a', '1', '', '1', '2019-09-07 04:26:54', '0:0:0:0:0:0:0:1', 'Mozilla/5.0 (Macintosh; Intel Mac OS X 10_14_6) AppleWebKit/537.36 (KHTML, like Gecko) Chrome/76.0.3809.132 Safari/537.36', '/a', 'GET', 'login=', '');
INSERT INTO `sys_log` VALUES ('7682db3c0f1b4885b454d0291909fd54', '1', '-', '1', '2019-09-09 02:15:21', '0:0:0:0:0:0:0:1', 'Mozilla/5.0 (Macintosh; Intel Mac OS X 10_14_6) AppleWebKit/537.36 (KHTML, like Gecko) Chrome/76.0.3809.132 Safari/537.36', '/a/demo/demoData/page', 'GET', '', '');
INSERT INTO `sys_log` VALUES ('76b5154079554e7a8d9e09aa8e805443', '1', '-', '1', '2019-09-08 21:14:10', '0:0:0:0:0:0:0:1', 'Mozilla/5.0 (Macintosh; Intel Mac OS X 10_14_6) AppleWebKit/537.36 (KHTML, like Gecko) Chrome/76.0.3809.132 Safari/537.36', '/a/demo/demoData/page', 'GET', '', '');
INSERT INTO `sys_log` VALUES ('77074ca3d29a45f28a92055aebc04ce0', '1', '--', '1', '2019-09-09 04:02:43', '0:0:0:0:0:0:0:1', 'Mozilla/5.0 (Macintosh; Intel Mac OS X 10_14_6) AppleWebKit/537.36 (KHTML, like Gecko) Chrome/76.0.3809.132 Safari/537.36', '/a/sys/log', 'GET', '', '');
INSERT INTO `sys_log` VALUES ('7798d3ffcb314a7897fa5b1b934114af', '1', '--', '1', '2019-09-09 02:54:58', '0:0:0:0:0:0:0:1', 'Mozilla/5.0 (Macintosh; Intel Mac OS X 10_14_6) AppleWebKit/537.36 (KHTML, like Gecko) Chrome/76.0.3809.132 Safari/537.36', '/a/gen/genScheme', 'GET', '', '');
INSERT INTO `sys_log` VALUES ('77a796dee7cc417caf4ffbaf22464ead', '1', '-', '1', '2019-09-06 01:15:02', '0:0:0:0:0:0:0:1', 'Mozilla/5.0 (Macintosh; Intel Mac OS X 10_14_6) AppleWebKit/537.36 (KHTML, like Gecko) Chrome/76.0.3809.132 Safari/537.36', '/a/demo/demoData/page', 'GET', '', '');
INSERT INTO `sys_log` VALUES ('77f88e45d2c742c2b6774b33c124b544', '1', '--', '1', '2019-09-09 21:16:27', '0:0:0:0:0:0:0:1', 'Mozilla/5.0 (Macintosh; Intel Mac OS X 10_14_6) AppleWebKit/537.36 (KHTML, like Gecko) Chrome/76.0.3809.132 Safari/537.36', '/a/sys/office/', 'GET', '', '');
INSERT INTO `sys_log` VALUES ('780314520bf84e4daa966a23afd44562', '1', '', '1', '2019-09-06 02:10:27', '0:0:0:0:0:0:0:1', 'Mozilla/5.0 (Macintosh; Intel Mac OS X 10_14_6) AppleWebKit/537.36 (KHTML, like Gecko) Chrome/76.0.3809.132 Safari/537.36', '/a', 'GET', 'login=', '');
INSERT INTO `sys_log` VALUES ('7838686bd37b4ab5a162536a70e69b3d', '1', '--', '1', '2019-09-09 21:16:29', '0:0:0:0:0:0:0:1', 'Mozilla/5.0 (Macintosh; Intel Mac OS X 10_14_6) AppleWebKit/537.36 (KHTML, like Gecko) Chrome/76.0.3809.132 Safari/537.36', '/a/sys/area/', 'GET', '', '');
INSERT INTO `sys_log` VALUES ('78a89cc0dc5d4bec97063dc2d81abb09', '1', '-', '1', '2019-09-08 22:28:47', '0:0:0:0:0:0:0:1', 'Mozilla/5.0 (Macintosh; Intel Mac OS X 10_14_6) AppleWebKit/537.36 (KHTML, like Gecko) Chrome/76.0.3809.132 Safari/537.36', '/a/demo/demoData/page', 'GET', '', '');
INSERT INTO `sys_log` VALUES ('7921d7918d9e4164950f68d65b09e301', '1', '-', '1', '2019-09-07 04:26:59', '0:0:0:0:0:0:0:1', 'Mozilla/5.0 (Macintosh; Intel Mac OS X 10_14_6) AppleWebKit/537.36 (KHTML, like Gecko) Chrome/76.0.3809.132 Safari/537.36', '/a/demo/demoData/page', 'GET', '', '');
INSERT INTO `sys_log` VALUES ('7952e3f1ea0d49279029918575ba4b53', '1', '-', '1', '2019-09-09 00:40:23', '0:0:0:0:0:0:0:1', 'Mozilla/5.0 (Macintosh; Intel Mac OS X 10_14_6) AppleWebKit/537.36 (KHTML, like Gecko) Chrome/76.0.3809.132 Safari/537.36', '/a/demo/demoData/page', 'GET', '', '');
INSERT INTO `sys_log` VALUES ('79b14036a5e745f3a3c0441a0032dd5d', '1', '--', '1', '2017-11-14 15:18:31', '182.110.0.154', 'Mozilla/5.0 (Windows NT 6.1; WOW64) AppleWebKit/537.36 (KHTML, like Gecko) Chrome/57.0.2987.98 Safari/537.36 LBBROWSER', '/jeesite/a/gen/genScheme', 'GET', '', '');
INSERT INTO `sys_log` VALUES ('79c162375eda46368c786980b1635aca', '1', '--', '1', '2019-09-09 03:23:09', '0:0:0:0:0:0:0:1', 'Mozilla/5.0 (Macintosh; Intel Mac OS X 10_14_6) AppleWebKit/537.36 (KHTML, like Gecko) Chrome/76.0.3809.132 Safari/537.36', '/a/gen/genTable', 'GET', '', '');
INSERT INTO `sys_log` VALUES ('79ccc61b97f744a7b1011409650aa104', '1', '---', '1', '2019-09-09 02:25:03', '0:0:0:0:0:0:0:1', 'Mozilla/5.0 (Macintosh; Intel Mac OS X 10_14_6) AppleWebKit/537.36 (KHTML, like Gecko) Chrome/76.0.3809.132 Safari/537.36', '/a/sys/user/list', 'GET', '', '');
INSERT INTO `sys_log` VALUES ('79e43c36d4d841f6a360a571507ff470', '1', '-', '1', '2019-09-07 04:33:24', '0:0:0:0:0:0:0:1', 'Mozilla/5.0 (Macintosh; Intel Mac OS X 10_14_6) AppleWebKit/537.36 (KHTML, like Gecko) Chrome/76.0.3809.132 Safari/537.36', '/a/demo/demoData/page', 'GET', '', '');
INSERT INTO `sys_log` VALUES ('7a751ea83b4b462a8b4a5819cf0686dc', '1', '--', '1', '2019-09-09 03:22:52', '0:0:0:0:0:0:0:1', 'Mozilla/5.0 (Macintosh; Intel Mac OS X 10_14_6) AppleWebKit/537.36 (KHTML, like Gecko) Chrome/76.0.3809.132 Safari/537.36', '/a/gen/genTable', 'GET', '', '');
INSERT INTO `sys_log` VALUES ('7b0ec95d5b324f0abc7d004fee691dfa', '1', '-', '1', '2019-09-08 22:20:09', '0:0:0:0:0:0:0:1', 'Mozilla/5.0 (Macintosh; Intel Mac OS X 10_14_6) AppleWebKit/537.36 (KHTML, like Gecko) Chrome/76.0.3809.132 Safari/537.36', '/a/demo/demoData/page', 'GET', '', '');
INSERT INTO `sys_log` VALUES ('7b34802b2302479cb7bdf023692ec586', '1', '-', '1', '2019-09-06 02:44:23', '0:0:0:0:0:0:0:1', 'Mozilla/5.0 (Macintosh; Intel Mac OS X 10_14_6) AppleWebKit/537.36 (KHTML, like Gecko) Chrome/76.0.3809.132 Safari/537.36', '/a/demo/demoData/page', 'GET', '', '');
INSERT INTO `sys_log` VALUES ('7c1686fedf1d427f85efcad33c8c9afd', '1', '--', '1', '2019-09-06 00:48:02', '0:0:0:0:0:0:0:1', 'Mozilla/5.0 (Macintosh; Intel Mac OS X 10_14_6) AppleWebKit/537.36 (KHTML, like Gecko) Chrome/76.0.3809.132 Safari/537.36', '/a/sys/menu/', 'GET', '', '');
INSERT INTO `sys_log` VALUES ('7c5a70d9cb7944fe9b790ab81da2fda3', '1', '--', '1', '2019-09-06 00:45:05', '0:0:0:0:0:0:0:1', 'Mozilla/5.0 (Macintosh; Intel Mac OS X 10_14_6) AppleWebKit/537.36 (KHTML, like Gecko) Chrome/76.0.3809.132 Safari/537.36', '/a/test/testDataMain', 'GET', '', '');
INSERT INTO `sys_log` VALUES ('7c7987c2571e460fb7bfef3dc85cae9c', '1', '--', '1', '2019-09-09 02:19:27', '0:0:0:0:0:0:0:1', 'Mozilla/5.0 (Macintosh; Intel Mac OS X 10_14_6) AppleWebKit/537.36 (KHTML, like Gecko) Chrome/76.0.3809.132 Safari/537.36', '/a/oa/testAudit', 'GET', '', '');
INSERT INTO `sys_log` VALUES ('7c920b9ab8264c238fab617e8dd8d2ce', '1', '-', '1', '2019-09-09 01:41:34', '0:0:0:0:0:0:0:1', 'Mozilla/5.0 (Macintosh; Intel Mac OS X 10_14_6) AppleWebKit/537.36 (KHTML, like Gecko) Chrome/76.0.3809.132 Safari/537.36', '/a/demo/demoData/page', 'GET', '', '');
INSERT INTO `sys_log` VALUES ('7c92e601d88f442db497e6ae97517149', '1', '-', '1', '2019-09-08 19:15:29', '0:0:0:0:0:0:0:1', 'Mozilla/5.0 (Macintosh; Intel Mac OS X 10_14_6) AppleWebKit/537.36 (KHTML, like Gecko) Chrome/76.0.3809.132 Safari/537.36', '/a/demo/demoData/list', 'GET', '', '');
INSERT INTO `sys_log` VALUES ('7cc2ab368ef849f2bf3a74b8a46d11ba', '1', '--', '1', '2019-09-09 03:51:57', '0:0:0:0:0:0:0:1', 'Mozilla/5.0 (Macintosh; Intel Mac OS X 10_14_6) AppleWebKit/537.36 (KHTML, like Gecko) Chrome/76.0.3809.132 Safari/537.36', '/a/gen/genTable', 'GET', '', '');
INSERT INTO `sys_log` VALUES ('7cda6c9d4d244bb3b39ce4ab76e77c47', '1', '--', '1', '2019-09-06 00:47:32', '0:0:0:0:0:0:0:1', 'Mozilla/5.0 (Macintosh; Intel Mac OS X 10_14_6) AppleWebKit/537.36 (KHTML, like Gecko) Chrome/76.0.3809.132 Safari/537.36', '/a/sys/menu/', 'GET', '', '');
INSERT INTO `sys_log` VALUES ('7d4f9775adf94aaa8ff446be8cf3f794', '1', '-', '1', '2019-09-06 02:39:06', '0:0:0:0:0:0:0:1', 'Mozilla/5.0 (Macintosh; Intel Mac OS X 10_14_6) AppleWebKit/537.36 (KHTML, like Gecko) Chrome/76.0.3809.132 Safari/537.36', '/a/demo/demoData/page', 'GET', '', '');
INSERT INTO `sys_log` VALUES ('7d7e9c16b4154634bfb384a9bf52da20', '1', '--', '1', '2019-09-09 04:05:32', '0:0:0:0:0:0:0:1', 'Mozilla/5.0 (Macintosh; Intel Mac OS X 10_14_6) AppleWebKit/537.36 (KHTML, like Gecko) Chrome/76.0.3809.132 Safari/537.36', '/a/sys/log', 'GET', '', '');
INSERT INTO `sys_log` VALUES ('7dd0b9d568814b7f992ee32a9bf7a236', '1', '---', '1', '2019-09-06 00:49:21', '0:0:0:0:0:0:0:1', 'Mozilla/5.0 (Macintosh; Intel Mac OS X 10_14_6) AppleWebKit/537.36 (KHTML, like Gecko) Chrome/76.0.3809.132 Safari/537.36', '/a/sys/menu/save', 'POST', 'id=2&parent.id=1&parent.name=&name=&href=&target=&icon=th-large&sort=900&isShow=1&permission=&remarks=', '');
INSERT INTO `sys_log` VALUES ('7df47373b1f4482fa72d7f7054be9c87', '1', '-', '1', '2019-09-09 00:45:26', '0:0:0:0:0:0:0:1', 'Mozilla/5.0 (Macintosh; Intel Mac OS X 10_14_6) AppleWebKit/537.36 (KHTML, like Gecko) Chrome/76.0.3809.132 Safari/537.36', '/a/demo/demoData/page', 'GET', '', '');
INSERT INTO `sys_log` VALUES ('7dfd1219a9cc4b4c8215393a57002919', '1', '--', '1', '2019-09-09 21:16:42', '0:0:0:0:0:0:0:1', 'Mozilla/5.0 (Macintosh; Intel Mac OS X 10_14_6) AppleWebKit/537.36 (KHTML, like Gecko) Chrome/76.0.3809.132 Safari/537.36', '/a/sys/office/', 'GET', '', '');
INSERT INTO `sys_log` VALUES ('7e291a551ff444b2a8f145abeee3675d', '1', '--', '1', '2019-09-09 04:21:05', '0:0:0:0:0:0:0:1', 'Mozilla/5.0 (Macintosh; Intel Mac OS X 10_14_6) AppleWebKit/537.36 (KHTML, like Gecko) Chrome/76.0.3809.132 Safari/537.36', '/a/sys/log', 'GET', '', '');
INSERT INTO `sys_log` VALUES ('7e589938aa3540ac9aea0e86fc8ae1c3', '1', '-', '1', '2019-09-09 01:39:02', '0:0:0:0:0:0:0:1', 'Mozilla/5.0 (Macintosh; Intel Mac OS X 10_14_6) AppleWebKit/537.36 (KHTML, like Gecko) Chrome/76.0.3809.132 Safari/537.36', '/a/demo/demoData/page', 'GET', '', '');
INSERT INTO `sys_log` VALUES ('7eb666f614c141dbbedce7e67e783659', '1', '-', '1', '2019-09-09 02:13:22', '0:0:0:0:0:0:0:1', 'Mozilla/5.0 (Macintosh; Intel Mac OS X 10_14_6) AppleWebKit/537.36 (KHTML, like Gecko) Chrome/76.0.3809.132 Safari/537.36', '/a/demo/demoData/page', 'GET', '', '');
INSERT INTO `sys_log` VALUES ('7ee26b7977b44b32b7739942ec4d87ec', '1', '-', '1', '2019-09-09 02:21:19', '0:0:0:0:0:0:0:1', 'Mozilla/5.0 (Macintosh; Intel Mac OS X 10_14_6) AppleWebKit/537.36 (KHTML, like Gecko) Chrome/76.0.3809.132 Safari/537.36', '/a/demo/demoData/page', 'GET', '', '');
INSERT INTO `sys_log` VALUES ('7f76180686de401cbe82049a57a9c074', '1', '--', '1', '2019-09-09 03:38:09', '0:0:0:0:0:0:0:1', 'Mozilla/5.0 (Macintosh; Intel Mac OS X 10_14_6) AppleWebKit/537.36 (KHTML, like Gecko) Chrome/76.0.3809.132 Safari/537.36', '/a/gen/genScheme', 'GET', '', '');
INSERT INTO `sys_log` VALUES ('7fba6f2158294bbb947592e8c562bca3', '1', '---', '1', '2019-09-06 00:47:48', '0:0:0:0:0:0:0:1', 'Mozilla/5.0 (Macintosh; Intel Mac OS X 10_14_6) AppleWebKit/537.36 (KHTML, like Gecko) Chrome/76.0.3809.132 Safari/537.36', '/a/sys/menu/save', 'POST', 'id=27&parent.id=1&parent.name=&name=&href=&target=&icon=bookmark&sort=100&isShow=1&permission=&remarks=', '');
INSERT INTO `sys_log` VALUES ('807fc8d6cf3d4507a66954a0523e8ffb', '1', '---', '1', '2019-09-09 21:13:20', '0:0:0:0:0:0:0:1', 'Mozilla/5.0 (Macintosh; Intel Mac OS X 10_14_6) AppleWebKit/537.36 (KHTML, like Gecko) Chrome/76.0.3809.132 Safari/537.36', '/a/sys/office/list', 'GET', 'id=&parentIds=', '');
INSERT INTO `sys_log` VALUES ('80fef99d58584f18b76f56837938817c', '1', '-', '1', '2019-09-09 00:56:22', '0:0:0:0:0:0:0:1', 'Mozilla/5.0 (Macintosh; Intel Mac OS X 10_14_6) AppleWebKit/537.36 (KHTML, like Gecko) Chrome/76.0.3809.132 Safari/537.36', '/a/demo/demoData/page', 'GET', '', '');
INSERT INTO `sys_log` VALUES ('8242fe017206422c8f4d572663fcffaf', '1', '-', '1', '2019-09-09 02:10:58', '0:0:0:0:0:0:0:1', 'Mozilla/5.0 (Macintosh; Intel Mac OS X 10_14_6) AppleWebKit/537.36 (KHTML, like Gecko) Chrome/76.0.3809.132 Safari/537.36', '/a/demo/demoData/page', 'GET', '', '');
INSERT INTO `sys_log` VALUES ('82ad49c51a124f33a8cc88a55f6db600', '1', '--', '1', '2017-11-14 15:15:14', '124.128.62.162', 'Mozilla/5.0 (Windows NT 10.0; WOW64) AppleWebKit/537.36 (KHTML, like Gecko) Chrome/55.0.2883.87 Safari/537.36', '/jeesite/a/oa/oaNotify/self', 'GET', 'tabPageId=jerichotabiframe_2', '');
INSERT INTO `sys_log` VALUES ('82e17a33b2eb4d6b989824bfb87a5efc', '1', '---', '1', '2019-09-09 04:26:44', '0:0:0:0:0:0:0:1', 'Mozilla/5.0 (Macintosh; Intel Mac OS X 10_14_6) AppleWebKit/537.36 (KHTML, like Gecko) Chrome/76.0.3809.132 Safari/537.36', '/a/sys/menu/form', 'GET', 'id=84', '');
INSERT INTO `sys_log` VALUES ('831937c72fd44947b3b1c6135f8c7b99', '1', '--', '1', '2019-09-09 02:45:48', '0:0:0:0:0:0:0:1', 'Mozilla/5.0 (Macintosh; Intel Mac OS X 10_14_6) AppleWebKit/537.36 (KHTML, like Gecko) Chrome/76.0.3809.132 Safari/537.36', '/a/gen/genTable', 'GET', '', '');
INSERT INTO `sys_log` VALUES ('83355e7751a84b78b4ba161bccb826b3', '1', '-', '1', '2019-09-06 04:32:13', '0:0:0:0:0:0:0:1', 'Mozilla/5.0 (Macintosh; Intel Mac OS X 10_14_6) AppleWebKit/537.36 (KHTML, like Gecko) Chrome/76.0.3809.132 Safari/537.36', '/a/demo/demoData/list', 'GET', '', '');
INSERT INTO `sys_log` VALUES ('836f24c0f7084458915fa6d6a9456ade', '1', '', '1', '2019-09-09 04:23:45', '0:0:0:0:0:0:0:1', 'Mozilla/5.0 (Macintosh; Intel Mac OS X 10_14_6) AppleWebKit/537.36 (KHTML, like Gecko) Chrome/76.0.3809.132 Safari/537.36', '/a', 'GET', 'login=', '');
INSERT INTO `sys_log` VALUES ('83823e00217b4b69ad757b8e8c0cbfcd', '1', '-', '1', '2019-09-09 01:52:14', '0:0:0:0:0:0:0:1', 'Mozilla/5.0 (Macintosh; Intel Mac OS X 10_14_6) AppleWebKit/537.36 (KHTML, like Gecko) Chrome/76.0.3809.132 Safari/537.36', '/a/demo/demoData/page', 'GET', '', '');
INSERT INTO `sys_log` VALUES ('84bbcb8eef8f4ee28d3e4e357288e301', '1', '-', '1', '2019-09-09 02:02:27', '0:0:0:0:0:0:0:1', 'Mozilla/5.0 (Macintosh; Intel Mac OS X 10_14_6) AppleWebKit/537.36 (KHTML, like Gecko) Chrome/76.0.3809.132 Safari/537.36', '/a/demo/demoData/page', 'GET', '', '');
INSERT INTO `sys_log` VALUES ('84c6bc34b9ee436b85fcad1c0b82e8a3', '1', '-', '1', '2019-09-06 02:48:04', '0:0:0:0:0:0:0:1', 'Mozilla/5.0 (Macintosh; Intel Mac OS X 10_14_6) AppleWebKit/537.36 (KHTML, like Gecko) Chrome/76.0.3809.132 Safari/537.36', '/a/demo/demoData/page', 'GET', '', '');
INSERT INTO `sys_log` VALUES ('84fa467f3d624304839316cc96a1782d', '1', '-', '1', '2019-09-08 21:47:32', '0:0:0:0:0:0:0:1', 'Mozilla/5.0 (Macintosh; Intel Mac OS X 10_14_6) AppleWebKit/537.36 (KHTML, like Gecko) Chrome/76.0.3809.132 Safari/537.36', '/a/demo/demoData/page', 'GET', '', '');
INSERT INTO `sys_log` VALUES ('851122eeee314dd8acf4993691b0a279', '1', '---', '1', '2019-09-06 00:46:18', '0:0:0:0:0:0:0:1', 'Mozilla/5.0 (Macintosh; Intel Mac OS X 10_14_6) AppleWebKit/537.36 (KHTML, like Gecko) Chrome/76.0.3809.132 Safari/537.36', '/a/sys/menu/save', 'POST', 'id=&parent.id=1&parent.name=&name=&href=&target=&icon=indent-right&sort=5030&isShow=1&permission=&remarks=', '');
INSERT INTO `sys_log` VALUES ('859277c486e64a60b77d1478a3725759', '1', '--', '1', '2017-11-14 15:14:25', '124.128.62.162', 'Mozilla/5.0 (Windows NT 10.0; WOW64) AppleWebKit/537.36 (KHTML, like Gecko) Chrome/55.0.2883.87 Safari/537.36', '/jeesite/a/act/process', 'GET', '', '');
INSERT INTO `sys_log` VALUES ('85d2169900bc49f6aa1ef5365bddfd67', '1', '-', '1', '2017-11-14 15:14:18', '124.128.62.162', 'Mozilla/5.0 (Windows NT 10.0; WOW64) AppleWebKit/537.36 (KHTML, like Gecko) Chrome/55.0.2883.87 Safari/537.36', '/jeesite/a/cms/none', 'GET', '', '');
INSERT INTO `sys_log` VALUES ('85f3a1f016a74a7983001c9e69766692', '1', '-', '1', '2019-09-08 21:55:56', '0:0:0:0:0:0:0:1', 'Mozilla/5.0 (Macintosh; Intel Mac OS X 10_14_6) AppleWebKit/537.36 (KHTML, like Gecko) Chrome/76.0.3809.132 Safari/537.36', '/a/demo/demoData/page', 'GET', '', '');
INSERT INTO `sys_log` VALUES ('86012efabf944bf19541c3c2ae5a7e10', '1', '---', '1', '2019-09-06 00:51:10', '0:0:0:0:0:0:0:1', 'Mozilla/5.0 (Macintosh; Intel Mac OS X 10_14_6) AppleWebKit/537.36 (KHTML, like Gecko) Chrome/76.0.3809.132 Safari/537.36', '/a/sys/menu/save', 'POST', 'id=65d779ccec984ff0b31df79b87ed9d56&parent.id=a91e496aa0ab42239c11617d7095034a&parent.name=&name=&href=/demo/demoData/list&target=&icon=&sort=30&isShow=1&permission=&remarks=', '');
INSERT INTO `sys_log` VALUES ('8638940c3f534963ab00c6f6210f11a3', '1', '-', '1', '2019-09-09 02:20:02', '0:0:0:0:0:0:0:1', 'Mozilla/5.0 (Macintosh; Intel Mac OS X 10_14_6) AppleWebKit/537.36 (KHTML, like Gecko) Chrome/76.0.3809.132 Safari/537.36', '/a/demo/demoData/page', 'GET', '', '');
INSERT INTO `sys_log` VALUES ('869e98cd73a54121a4cac3d1c5a43f1d', '1', '-', '1', '2019-09-08 22:20:27', '0:0:0:0:0:0:0:1', 'Mozilla/5.0 (Macintosh; Intel Mac OS X 10_14_6) AppleWebKit/537.36 (KHTML, like Gecko) Chrome/76.0.3809.132 Safari/537.36', '/a/demo/demoData/page', 'GET', '', '');
INSERT INTO `sys_log` VALUES ('87255e6c954f48a09a7a09a6fcf7b594', '1', '-', '1', '2019-09-06 01:25:42', '0:0:0:0:0:0:0:1', 'Mozilla/5.0 (Macintosh; Intel Mac OS X 10_14_6) AppleWebKit/537.36 (KHTML, like Gecko) Chrome/76.0.3809.132 Safari/537.36', '/a/demo/demoData/page', 'GET', '', '');
INSERT INTO `sys_log` VALUES ('873883a165974a9fbb35ac633641ea7c', '1', '---', '1', '2019-09-10 14:47:00', '0:0:0:0:0:0:0:1', 'Mozilla/5.0 (Macintosh; Intel Mac OS X 10_14_6) AppleWebKit/537.36 (KHTML, like Gecko) Chrome/76.0.3809.132 Safari/537.36', '/a/sys/user/list', 'GET', 'repage=', '');
INSERT INTO `sys_log` VALUES ('8749e32b48464d9083c661b00c80cbf2', '1', '--', '1', '2019-09-06 00:51:44', '0:0:0:0:0:0:0:1', 'Mozilla/5.0 (Macintosh; Intel Mac OS X 10_14_6) AppleWebKit/537.36 (KHTML, like Gecko) Chrome/76.0.3809.132 Safari/537.36', '/a/sys/menu/', 'GET', '', '');
INSERT INTO `sys_log` VALUES ('88957eb40bc74f0a8f40f74e86dd4f0e', '1', '--', '1', '2019-09-09 03:45:17', '0:0:0:0:0:0:0:1', 'Mozilla/5.0 (Macintosh; Intel Mac OS X 10_14_6) AppleWebKit/537.36 (KHTML, like Gecko) Chrome/76.0.3809.132 Safari/537.36', '/a/gen/genTable', 'GET', '', '');
INSERT INTO `sys_log` VALUES ('893c8bf7b5124ff3bae905c304c2ebf6', '1', '--', '1', '2019-09-10 15:14:42', '10.10.101.227', 'Mozilla/5.0 (Windows NT 10.0; Win64; x64) AppleWebKit/537.36 (KHTML, like Gecko) Chrome/76.0.3809.132 Safari/537.36', '/fastsite-1.2.7/a/sys/user/modifyPwd', 'GET', '', '');
INSERT INTO `sys_log` VALUES ('89642c42bc424cef8baf990e29bd2a48', '1', '-', '1', '2017-11-14 15:15:15', '124.128.62.162', 'Mozilla/5.0 (Windows NT 10.0; WOW64) AppleWebKit/537.36 (KHTML, like Gecko) Chrome/55.0.2883.87 Safari/537.36', '/jeesite/a/cms/tree', 'GET', '', '');
INSERT INTO `sys_log` VALUES ('89fc8262e62c49ad995898e4d9d0fd69', '1', '-', '1', '2019-09-08 21:45:39', '0:0:0:0:0:0:0:1', 'Mozilla/5.0 (Macintosh; Intel Mac OS X 10_14_6) AppleWebKit/537.36 (KHTML, like Gecko) Chrome/76.0.3809.132 Safari/537.36', '/a/demo/demoData/page', 'GET', '', '');
INSERT INTO `sys_log` VALUES ('8a418f9c1b114658a5f39e7033bceebc', '1', '---', '1', '2017-11-14 15:14:36', '119.97.201.18', 'Mozilla/5.0 (Windows NT 10.0; WOW64) AppleWebKit/537.36 (KHTML, like Gecko) Chrome/62.0.3202.62 Safari/537.36', '/jeesite/a/cms/article/', 'GET', 'category.id=4', '');
INSERT INTO `sys_log` VALUES ('8adadafe7bf74ada950604bb6b9dcc92', '1', '--', '1', '2019-09-09 03:23:45', '0:0:0:0:0:0:0:1', 'Mozilla/5.0 (Macintosh; Intel Mac OS X 10_14_6) AppleWebKit/537.36 (KHTML, like Gecko) Chrome/76.0.3809.132 Safari/537.36', '/a/gen/genScheme', 'GET', '', '');
INSERT INTO `sys_log` VALUES ('8af8f4719b3b444680a73612542b8fc5', '1', '--', '1', '2019-09-09 03:45:57', '0:0:0:0:0:0:0:1', 'Mozilla/5.0 (Macintosh; Intel Mac OS X 10_14_6) AppleWebKit/537.36 (KHTML, like Gecko) Chrome/76.0.3809.132 Safari/537.36', '/a/gen/genTable', 'GET', '', '');
INSERT INTO `sys_log` VALUES ('8afcf298cd564fd495ba1a271a5997f7', '1', '--', '1', '2019-09-09 02:56:15', '0:0:0:0:0:0:0:1', 'Mozilla/5.0 (Macintosh; Intel Mac OS X 10_14_6) AppleWebKit/537.36 (KHTML, like Gecko) Chrome/76.0.3809.132 Safari/537.36', '/a/gen/genScheme', 'GET', '', '');
INSERT INTO `sys_log` VALUES ('8b154d696a3f432c9d18667ffe0d8ead', '1', '-', '1', '2019-09-06 03:59:40', '0:0:0:0:0:0:0:1', 'Mozilla/5.0 (Macintosh; Intel Mac OS X 10_14_6) AppleWebKit/537.36 (KHTML, like Gecko) Chrome/76.0.3809.132 Safari/537.36', '/a/demo/demoData/page', 'GET', '', '');
INSERT INTO `sys_log` VALUES ('8b736cb5b2ea46a1a1fe38e3ba32e87f', '1', '-', '1', '2019-09-08 21:41:10', '0:0:0:0:0:0:0:1', 'Mozilla/5.0 (Macintosh; Intel Mac OS X 10_14_6) AppleWebKit/537.36 (KHTML, like Gecko) Chrome/76.0.3809.132 Safari/537.36', '/a/demo/demoData/page', 'GET', '', '');
INSERT INTO `sys_log` VALUES ('8b8d19af6153457fb9a43db2bfb219d7', '1', '--', '1', '2019-09-09 03:16:36', '0:0:0:0:0:0:0:1', 'Mozilla/5.0 (Macintosh; Intel Mac OS X 10_14_6) AppleWebKit/537.36 (KHTML, like Gecko) Chrome/76.0.3809.132 Safari/537.36', '/a/gen/genTable', 'GET', '', '');
INSERT INTO `sys_log` VALUES ('8b9b9ce6c0b245f0a9070989dd7b80a0', '1', '--', '1', '2019-09-09 20:44:54', '0:0:0:0:0:0:0:1', 'Mozilla/5.0 (Macintosh; Intel Mac OS X 10_14_6) AppleWebKit/537.36 (KHTML, like Gecko) Chrome/76.0.3809.132 Safari/537.36', '/a/sys/area/', 'GET', '', '');
INSERT INTO `sys_log` VALUES ('8bac0363c22a400d8f3848e63a09a5d5', '1', '--', '1', '2019-09-06 00:46:18', '0:0:0:0:0:0:0:1', 'Mozilla/5.0 (Macintosh; Intel Mac OS X 10_14_6) AppleWebKit/537.36 (KHTML, like Gecko) Chrome/76.0.3809.132 Safari/537.36', '/a/sys/menu/', 'GET', '', '');
INSERT INTO `sys_log` VALUES ('8bb74c6e055e42cf8383f3b0cbe9cd67', '1', '', '1', '2019-09-09 01:58:07', '0:0:0:0:0:0:0:1', 'Mozilla/5.0 (Macintosh; Intel Mac OS X 10_14_6) AppleWebKit/537.36 (KHTML, like Gecko) Chrome/76.0.3809.132 Safari/537.36', '/a', 'GET', 'login=', '');
INSERT INTO `sys_log` VALUES ('8bd28fed6269467299e34f0ef5ca560a', '1', '--', '1', '2019-09-09 20:18:25', '0:0:0:0:0:0:0:1', 'Mozilla/5.0 (Macintosh; Intel Mac OS X 10_14_6) AppleWebKit/537.36 (KHTML, like Gecko) Chrome/76.0.3809.132 Safari/537.36', '/a/sys/log', 'GET', '', '');
INSERT INTO `sys_log` VALUES ('8bfae2489e5e4913bc22a0ba8b06597f', '1', '--', '1', '2019-09-09 21:27:07', '0:0:0:0:0:0:0:1', 'Mozilla/5.0 (Macintosh; Intel Mac OS X 10_14_6) AppleWebKit/537.36 (KHTML, like Gecko) Chrome/76.0.3809.132 Safari/537.36', '/a/sys/menu/', 'GET', '', '');
INSERT INTO `sys_log` VALUES ('8c56fa0ccada47d8a6ec7d456bbf7999', '1', '---', '1', '2019-09-09 21:33:23', '0:0:0:0:0:0:0:1', 'Mozilla/5.0 (Macintosh; Intel Mac OS X 10_14_6) AppleWebKit/537.36 (KHTML, like Gecko) Chrome/76.0.3809.132 Safari/537.36', '/a/sys/user/list', 'GET', 'repage=', '');
INSERT INTO `sys_log` VALUES ('8cadf85bfeee46e890818f8f174a9ec7', '1', '-', '1', '2019-09-08 20:33:57', '0:0:0:0:0:0:0:1', 'Mozilla/5.0 (Macintosh; Intel Mac OS X 10_14_6) AppleWebKit/537.36 (KHTML, like Gecko) Chrome/76.0.3809.132 Safari/537.36', '/a/demo/demoData/page', 'GET', '', '');
INSERT INTO `sys_log` VALUES ('8cb7b57cabcb4ae1a9676d89510ccbdb', '1', '---', '1', '2017-11-14 15:14:33', '119.97.201.18', 'Mozilla/5.0 (Windows NT 10.0; WOW64) AppleWebKit/537.36 (KHTML, like Gecko) Chrome/62.0.3202.62 Safari/537.36', '/jeesite/a/cms/article/', 'GET', 'category.id=4', '');
INSERT INTO `sys_log` VALUES ('8d90bddd59cc4ece8c44ef471d0dfc78', '1', '-', '1', '2019-09-08 21:14:39', '0:0:0:0:0:0:0:1', 'Mozilla/5.0 (Macintosh; Intel Mac OS X 10_14_6) AppleWebKit/537.36 (KHTML, like Gecko) Chrome/76.0.3809.132 Safari/537.36', '/a/demo/demoData/page', 'GET', '', '');
INSERT INTO `sys_log` VALUES ('8dc77693d6a44cdfa4ba56e33cb7b5ba', '1', '--', '1', '2019-09-09 03:06:34', '0:0:0:0:0:0:0:1', 'Mozilla/5.0 (Macintosh; Intel Mac OS X 10_14_6) AppleWebKit/537.36 (KHTML, like Gecko) Chrome/76.0.3809.132 Safari/537.36', '/a/gen/genScheme', 'GET', '', '');
INSERT INTO `sys_log` VALUES ('8f0ec923d7ca433a9d3ca21be2d7b2b9', '1', '-', '1', '2019-09-08 20:23:38', '0:0:0:0:0:0:0:1', 'Mozilla/5.0 (Macintosh; Intel Mac OS X 10_14_6) AppleWebKit/537.36 (KHTML, like Gecko) Chrome/76.0.3809.132 Safari/537.36', '/a/demo/demoData/page', 'GET', '', '');
INSERT INTO `sys_log` VALUES ('8f5c443abed04fc3a680808a40b9fce8', '1', '-', '1', '2019-09-06 02:11:49', '0:0:0:0:0:0:0:1', 'Mozilla/5.0 (Macintosh; Intel Mac OS X 10_14_6) AppleWebKit/537.36 (KHTML, like Gecko) Chrome/76.0.3809.132 Safari/537.36', '/a/demo/demoData/page', 'GET', '', '');
INSERT INTO `sys_log` VALUES ('8fbe519b4554494e9bb78f13047df171', '1', '-', '1', '2019-09-07 04:35:02', '0:0:0:0:0:0:0:1', 'Mozilla/5.0 (Macintosh; Intel Mac OS X 10_14_6) AppleWebKit/537.36 (KHTML, like Gecko) Chrome/76.0.3809.132 Safari/537.36', '/a/demo/demoData/list', 'GET', '', '');
INSERT INTO `sys_log` VALUES ('8ff309941460485e9b4d7e017a2e87db', '1', '-', '1', '2019-09-08 21:59:39', '0:0:0:0:0:0:0:1', 'Mozilla/5.0 (Macintosh; Intel Mac OS X 10_14_6) AppleWebKit/537.36 (KHTML, like Gecko) Chrome/76.0.3809.132 Safari/537.36', '/a/demo/demoData/page', 'GET', '', '');
INSERT INTO `sys_log` VALUES ('902cab2ac6c64f0092adc6bd6d57659e', '1', '--', '1', '2019-09-06 00:51:10', '0:0:0:0:0:0:0:1', 'Mozilla/5.0 (Macintosh; Intel Mac OS X 10_14_6) AppleWebKit/537.36 (KHTML, like Gecko) Chrome/76.0.3809.132 Safari/537.36', '/a/sys/menu/', 'GET', '', '');
INSERT INTO `sys_log` VALUES ('90cd2ae9050e4f3d8eec249721a8b4f5', '1', '--', '1', '2019-09-09 03:40:12', '0:0:0:0:0:0:0:1', 'Mozilla/5.0 (Macintosh; Intel Mac OS X 10_14_6) AppleWebKit/537.36 (KHTML, like Gecko) Chrome/76.0.3809.132 Safari/537.36', '/a/gen/genTable', 'GET', '', '');
INSERT INTO `sys_log` VALUES ('913955b85da348b6969fe56b4afe0884', '1', '--', '1', '2019-09-09 21:32:12', '0:0:0:0:0:0:0:1', 'Mozilla/5.0 (Macintosh; Intel Mac OS X 10_14_6) AppleWebKit/537.36 (KHTML, like Gecko) Chrome/76.0.3809.132 Safari/537.36', '/a/sys/user/info', 'GET', '', '');
INSERT INTO `sys_log` VALUES ('91b3251417c4451881e516d629eec7ba', '1', '--', '1', '2019-09-09 21:12:17', '0:0:0:0:0:0:0:1', 'Mozilla/5.0 (Macintosh; Intel Mac OS X 10_14_6) AppleWebKit/537.36 (KHTML, like Gecko) Chrome/76.0.3809.132 Safari/537.36', '/a/sys/user/index', 'GET', '', '');
INSERT INTO `sys_log` VALUES ('91b40a63103744599837774884f337ce', '1', '-', '1', '2019-09-06 03:04:39', '0:0:0:0:0:0:0:1', 'Mozilla/5.0 (Macintosh; Intel Mac OS X 10_14_6) AppleWebKit/537.36 (KHTML, like Gecko) Chrome/76.0.3809.132 Safari/537.36', '/a/demo/demoData/page', 'GET', '', '');
INSERT INTO `sys_log` VALUES ('9229302a41d3419f8c9c22770001d676', '1', '--', '1', '2019-09-10 14:45:08', '0:0:0:0:0:0:0:1', 'Mozilla/5.0 (Macintosh; Intel Mac OS X 10_14_6) AppleWebKit/537.36 (KHTML, like Gecko) Chrome/76.0.3809.132 Safari/537.36', '/a/sys/user/info', 'GET', '', '');
INSERT INTO `sys_log` VALUES ('926908ceece544c8836dc0a81bd675c6', '1', '-', '1', '2019-09-08 20:17:46', '0:0:0:0:0:0:0:1', 'Mozilla/5.0 (Macintosh; Intel Mac OS X 10_14_6) AppleWebKit/537.36 (KHTML, like Gecko) Chrome/76.0.3809.132 Safari/537.36', '/a/demo/demoData/page', 'GET', '', '');
INSERT INTO `sys_log` VALUES ('92c240a9fca54c3693fa742c6c89d3e5', '1', '--', '1', '2017-11-14 15:14:32', '124.128.62.162', 'Mozilla/5.0 (Windows NT 10.0; WOW64) AppleWebKit/537.36 (KHTML, like Gecko) Chrome/55.0.2883.87 Safari/537.36', '/jeesite/a/sys/user/modifyPwd', 'GET', '', '');
INSERT INTO `sys_log` VALUES ('93777187a9524736b950af47ddbcd5d5', '1', '--', '1', '2019-09-09 20:31:27', '0:0:0:0:0:0:0:1', 'Mozilla/5.0 (Macintosh; Intel Mac OS X 10_14_6) AppleWebKit/537.36 (KHTML, like Gecko) Chrome/76.0.3809.132 Safari/537.36', '/a/sys/area/', 'GET', '', '');
INSERT INTO `sys_log` VALUES ('945fb8693d13410480e120dd82ed1d31', '1', '', '1', '2019-09-06 00:44:51', '0:0:0:0:0:0:0:1', 'Mozilla/5.0 (Macintosh; Intel Mac OS X 10_14_6) AppleWebKit/537.36 (KHTML, like Gecko) Chrome/76.0.3809.132 Safari/537.36', '/a;JSESSIONID=404326fb196d497f8383330de102c541', 'GET', 'login=', '');
INSERT INTO `sys_log` VALUES ('949f9b176cf6436b9b28e16ab34d8e8e', '1', '-', '1', '2019-09-09 01:36:46', '0:0:0:0:0:0:0:1', 'Mozilla/5.0 (Macintosh; Intel Mac OS X 10_14_6) AppleWebKit/537.36 (KHTML, like Gecko) Chrome/76.0.3809.132 Safari/537.36', '/a/demo/demoData/page', 'GET', '', '');
INSERT INTO `sys_log` VALUES ('94d8ff6941f6429aae4b179c49518145', '1', '', '1', '2019-09-08 19:15:25', '0:0:0:0:0:0:0:1', 'Mozilla/5.0 (Macintosh; Intel Mac OS X 10_14_6) AppleWebKit/537.36 (KHTML, like Gecko) Chrome/76.0.3809.132 Safari/537.36', '/a;JSESSIONID=2c14b95f3a6e4cb6becee5ac24349609', 'GET', 'login=', '');
INSERT INTO `sys_log` VALUES ('965b538a5bd04f56b12bc4c5b8b2b23c', '1', '', '1', '2019-09-08 22:28:42', '0:0:0:0:0:0:0:1', 'Mozilla/5.0 (Macintosh; Intel Mac OS X 10_14_6) AppleWebKit/537.36 (KHTML, like Gecko) Chrome/76.0.3809.132 Safari/537.36', '/a', 'GET', 'login=', '');
INSERT INTO `sys_log` VALUES ('977c849081984457911640ff89e1b292', '1', '', '1', '2019-09-09 00:23:41', '0:0:0:0:0:0:0:1', 'Mozilla/5.0 (Macintosh; Intel Mac OS X 10_14_6) AppleWebKit/537.36 (KHTML, like Gecko) Chrome/76.0.3809.132 Safari/537.36', '/a', 'GET', 'login=', '');
INSERT INTO `sys_log` VALUES ('977c8a31b34b4bc590ad96ca53bf243b', '1', '--', '1', '2019-09-09 03:18:38', '0:0:0:0:0:0:0:1', 'Mozilla/5.0 (Macintosh; Intel Mac OS X 10_14_6) AppleWebKit/537.36 (KHTML, like Gecko) Chrome/76.0.3809.132 Safari/537.36', '/a/gen/genScheme', 'GET', '', '');
INSERT INTO `sys_log` VALUES ('979835433e7a4eb0abd84ab762326953', '1', '---', '1', '2017-11-14 15:18:42', '220.160.68.3', 'Mozilla/5.0 (Windows NT 10.0; WOW64) AppleWebKit/537.36 (KHTML, like Gecko) Chrome/50.0.2661.102 Safari/537.36', '/jeesite/a/sys/user/list', 'GET', '', '');
INSERT INTO `sys_log` VALUES ('97b7c8cb20ab42a6a4ed82d943557d36', '1', '--', '1', '2019-09-06 00:51:21', '0:0:0:0:0:0:0:1', 'Mozilla/5.0 (Macintosh; Intel Mac OS X 10_14_6) AppleWebKit/537.36 (KHTML, like Gecko) Chrome/76.0.3809.132 Safari/537.36', '/a/sys/menu/', 'GET', '', '');
INSERT INTO `sys_log` VALUES ('980974a53f8c47b0a43a19d1c9ad4ef5', '1', '---', '1', '2019-09-09 21:12:17', '0:0:0:0:0:0:0:1', 'Mozilla/5.0 (Macintosh; Intel Mac OS X 10_14_6) AppleWebKit/537.36 (KHTML, like Gecko) Chrome/76.0.3809.132 Safari/537.36', '/a/sys/user/list', 'GET', '', '');
INSERT INTO `sys_log` VALUES ('984e9275aa9c41c5a80ff29debbd1e04', '1', '--', '1', '2017-11-14 15:15:00', '124.128.62.162', 'Mozilla/5.0 (Windows NT 10.0; WOW64) AppleWebKit/537.36 (KHTML, like Gecko) Chrome/55.0.2883.87 Safari/537.36', '/jeesite/a/oa/testAudit', 'GET', 'tabPageId=jerichotabiframe_6', '');
INSERT INTO `sys_log` VALUES ('98845d4af7144b53b474e332aadfaadd', '1', '', '1', '2019-09-09 21:01:55', '0:0:0:0:0:0:0:1', 'Mozilla/5.0 (Macintosh; Intel Mac OS X 10_14_6) AppleWebKit/537.36 (KHTML, like Gecko) Chrome/76.0.3809.132 Safari/537.36', '/a', 'GET', 'login=', '');
INSERT INTO `sys_log` VALUES ('98999ddc9e6a45ab99ff456003f9494b', '1', '-', '1', '2019-09-07 04:32:41', '0:0:0:0:0:0:0:1', 'Mozilla/5.0 (Macintosh; Intel Mac OS X 10_14_6) AppleWebKit/537.36 (KHTML, like Gecko) Chrome/76.0.3809.132 Safari/537.36', '/a/demo/demoData/page', 'GET', '', '');
INSERT INTO `sys_log` VALUES ('98c5c752fcd446ca9e8816bac19f5fac', '1', '--', '1', '2017-11-14 15:14:39', '124.128.62.162', 'Mozilla/5.0 (Windows NT 10.0; WOW64) AppleWebKit/537.36 (KHTML, like Gecko) Chrome/55.0.2883.87 Safari/537.36', '/jeesite/a/test/testData', 'GET', '', '');
INSERT INTO `sys_log` VALUES ('996d7a8d3b64406c9a4254dd1c35582e', '1', '--', '1', '2019-09-09 21:05:48', '0:0:0:0:0:0:0:1', 'Mozilla/5.0 (Macintosh; Intel Mac OS X 10_14_6) AppleWebKit/537.36 (KHTML, like Gecko) Chrome/76.0.3809.132 Safari/537.36', '/a/sys/area/', 'GET', '', '');
INSERT INTO `sys_log` VALUES ('9999e4ea927343189b9b016c29f51158', '1', '-', '1', '2019-09-09 00:12:00', '0:0:0:0:0:0:0:1', 'Mozilla/5.0 (Macintosh; Intel Mac OS X 10_14_6) AppleWebKit/537.36 (KHTML, like Gecko) Chrome/76.0.3809.132 Safari/537.36', '/a/demo/demoData/page', 'GET', '', '');
INSERT INTO `sys_log` VALUES ('99dd3cf5b7a04d77ae1ea835fb5e3a81', '1', '--', '1', '2017-11-14 15:14:58', '124.128.62.162', 'Mozilla/5.0 (Windows NT 10.0; WOW64) AppleWebKit/537.36 (KHTML, like Gecko) Chrome/55.0.2883.87 Safari/537.36', '/jeesite/a/oa/oaNotify/self', 'GET', 'tabPageId=jerichotabiframe_4', '');
INSERT INTO `sys_log` VALUES ('9a875a00593f46bebecbfc3627e6bd55', '1', '---', '1', '2019-09-06 00:48:02', '0:0:0:0:0:0:0:1', 'Mozilla/5.0 (Macintosh; Intel Mac OS X 10_14_6) AppleWebKit/537.36 (KHTML, like Gecko) Chrome/76.0.3809.132 Safari/537.36', '/a/sys/menu/save', 'POST', 'id=62&parent.id=1&parent.name=&name=&href=&target=&icon=dashboard&sort=200&isShow=1&permission=&remarks=', '');
INSERT INTO `sys_log` VALUES ('9a9f36415b2149248311d1bcfc2fb162', '1', '-', '1', '2019-09-06 04:24:07', '0:0:0:0:0:0:0:1', 'Mozilla/5.0 (Macintosh; Intel Mac OS X 10_14_6) AppleWebKit/537.36 (KHTML, like Gecko) Chrome/76.0.3809.132 Safari/537.36', '/a/demo/demoData/page', 'GET', '', '');
INSERT INTO `sys_log` VALUES ('9ab3fd15349c4cc48ecc9a3d00a0c4da', '1', '--', '1', '2019-09-09 02:49:28', '0:0:0:0:0:0:0:1', 'Mozilla/5.0 (Macintosh; Intel Mac OS X 10_14_6) AppleWebKit/537.36 (KHTML, like Gecko) Chrome/76.0.3809.132 Safari/537.36', '/a/gen/genScheme', 'GET', '', '');
INSERT INTO `sys_log` VALUES ('9b10e07cada54999809eec4d8f4bf394', '1', '-', '1', '2019-09-06 01:47:58', '0:0:0:0:0:0:0:1', 'Mozilla/5.0 (Macintosh; Intel Mac OS X 10_14_6) AppleWebKit/537.36 (KHTML, like Gecko) Chrome/76.0.3809.132 Safari/537.36', '/a/demo/demoData/page', 'GET', '', '');
INSERT INTO `sys_log` VALUES ('9b79e4d98ddc4270bc487b4fd1e057fd', '1', '--', '1', '2019-09-09 21:33:49', '0:0:0:0:0:0:0:1', 'Mozilla/5.0 (Macintosh; Intel Mac OS X 10_14_6) AppleWebKit/537.36 (KHTML, like Gecko) Chrome/76.0.3809.132 Safari/537.36', '/a/sys/user/index', 'GET', '', '');
INSERT INTO `sys_log` VALUES ('9c02fd2b4470403c8d37d8507451fdd9', '1', '--', '1', '2019-09-09 03:54:02', '0:0:0:0:0:0:0:1', 'Mozilla/5.0 (Macintosh; Intel Mac OS X 10_14_6) AppleWebKit/537.36 (KHTML, like Gecko) Chrome/76.0.3809.132 Safari/537.36', '/a/gen/genTable', 'GET', '', '');
INSERT INTO `sys_log` VALUES ('9c3c941cb9f048ff99a6b23b7ea37670', '1', '-', '1', '2019-09-06 02:10:31', '0:0:0:0:0:0:0:1', 'Mozilla/5.0 (Macintosh; Intel Mac OS X 10_14_6) AppleWebKit/537.36 (KHTML, like Gecko) Chrome/76.0.3809.132 Safari/537.36', '/a/demo/demoData/page', 'GET', '', '');
INSERT INTO `sys_log` VALUES ('9cbbfd1720a54dd3bdbed9631b8f68c2', '1', '--', '1', '2019-09-09 03:04:37', '0:0:0:0:0:0:0:1', 'Mozilla/5.0 (Macintosh; Intel Mac OS X 10_14_6) AppleWebKit/537.36 (KHTML, like Gecko) Chrome/76.0.3809.132 Safari/537.36', '/a/gen/genScheme', 'GET', '', '');
INSERT INTO `sys_log` VALUES ('9cd99673c187479cb275c8fc1e757802', '1', '--', '1', '2019-09-06 00:51:59', '0:0:0:0:0:0:0:1', 'Mozilla/5.0 (Macintosh; Intel Mac OS X 10_14_6) AppleWebKit/537.36 (KHTML, like Gecko) Chrome/76.0.3809.132 Safari/537.36', '/a/sys/role/', 'GET', '', '');
INSERT INTO `sys_log` VALUES ('9cdbcdede21942feb4e413140f6a87ce', '1', '-', '1', '2019-09-09 00:49:31', '0:0:0:0:0:0:0:1', 'Mozilla/5.0 (Macintosh; Intel Mac OS X 10_14_6) AppleWebKit/537.36 (KHTML, like Gecko) Chrome/76.0.3809.132 Safari/537.36', '/a/demo/demoData/page', 'GET', '', '');
INSERT INTO `sys_log` VALUES ('9d10e0f3640c40b69fe14f3871533a92', '1', '---', '1', '2019-09-09 02:35:19', '0:0:0:0:0:0:0:1', 'Mozilla/5.0 (Macintosh; Intel Mac OS X 10_14_6) AppleWebKit/537.36 (KHTML, like Gecko) Chrome/76.0.3809.132 Safari/537.36', '/a/sys/user/list', 'GET', 'office.id=9&office.name=', '');
INSERT INTO `sys_log` VALUES ('9d784cbfb5744972a3d39c25ea0c18c1', '1', '---', '1', '2019-09-09 21:33:23', '0:0:0:0:0:0:0:1', 'Mozilla/5.0 (Macintosh; Intel Mac OS X 10_14_6) AppleWebKit/537.36 (KHTML, like Gecko) Chrome/76.0.3809.132 Safari/537.36', '/a/sys/user/save', 'POST', 'id=1&photo=&company.id=1&company.name=&office.id=2&office.name=&no=0001&name=&oldLoginName=thinkgem&loginName=admin&newPassword=&confirmNewPassword=&email=admin@163.com&phone=8675&mobile=8675&loginFlag=1&userType=&roleIdList=2&_roleIdList=on&remarks=', '');
INSERT INTO `sys_log` VALUES ('9e0387701d6448079d6990645d47c262', '1', '--', '1', '2019-09-09 03:22:49', '0:0:0:0:0:0:0:1', 'Mozilla/5.0 (Macintosh; Intel Mac OS X 10_14_6) AppleWebKit/537.36 (KHTML, like Gecko) Chrome/76.0.3809.132 Safari/537.36', '/a/gen/genScheme', 'GET', '', '');
INSERT INTO `sys_log` VALUES ('9e541160527e47b7baeb07b576cab9c4', '1', '-', '1', '2019-09-09 02:11:52', '0:0:0:0:0:0:0:1', 'Mozilla/5.0 (Macintosh; Intel Mac OS X 10_14_6) AppleWebKit/537.36 (KHTML, like Gecko) Chrome/76.0.3809.132 Safari/537.36', '/a/demo/demoData/page', 'GET', '', '');
INSERT INTO `sys_log` VALUES ('9ea6882dca754a12b2e2bd6500b0a173', '1', '--', '1', '2019-09-09 20:30:51', '0:0:0:0:0:0:0:1', 'Mozilla/5.0 (Macintosh; Intel Mac OS X 10_14_6) AppleWebKit/537.36 (KHTML, like Gecko) Chrome/76.0.3809.132 Safari/537.36', '/a/sys/area/', 'GET', '', '');
INSERT INTO `sys_log` VALUES ('9ed4baa24fb04994a7694aeeb81a6d77', '1', '---', '1', '2019-09-06 00:50:13', '0:0:0:0:0:0:0:1', 'Mozilla/5.0 (Macintosh; Intel Mac OS X 10_14_6) AppleWebKit/537.36 (KHTML, like Gecko) Chrome/76.0.3809.132 Safari/537.36', '/a/sys/menu/form', 'GET', 'parent.id=a91e496aa0ab42239c11617d7095034a', '');
INSERT INTO `sys_log` VALUES ('9f5bd0927af54e6d95cb3e12d2477b46', '1', '', '1', '2019-09-08 20:52:50', '0:0:0:0:0:0:0:1', 'Mozilla/5.0 (Macintosh; Intel Mac OS X 10_14_6) AppleWebKit/537.36 (KHTML, like Gecko) Chrome/76.0.3809.132 Safari/537.36', '/a', 'GET', 'login=', '');
INSERT INTO `sys_log` VALUES ('9f5f5c0973504d0783af1f8d79abf340', '1', '--', '1', '2019-09-09 02:50:01', '0:0:0:0:0:0:0:1', 'Mozilla/5.0 (Macintosh; Intel Mac OS X 10_14_6) AppleWebKit/537.36 (KHTML, like Gecko) Chrome/76.0.3809.132 Safari/537.36', '/a/gen/genScheme', 'GET', '', '');
INSERT INTO `sys_log` VALUES ('9f61e87eccac48e290dbdcfc5ec94410', '1', '-', '1', '2019-09-06 01:58:42', '0:0:0:0:0:0:0:1', 'Mozilla/5.0 (Macintosh; Intel Mac OS X 10_14_6) AppleWebKit/537.36 (KHTML, like Gecko) Chrome/76.0.3809.132 Safari/537.36', '/a/demo/demoData/page', 'GET', '', '');
INSERT INTO `sys_log` VALUES ('9f94c29052754b83892bfaaf7a617e44', '1', '--', '1', '2019-09-09 03:11:16', '0:0:0:0:0:0:0:1', 'Mozilla/5.0 (Macintosh; Intel Mac OS X 10_14_6) AppleWebKit/537.36 (KHTML, like Gecko) Chrome/76.0.3809.132 Safari/537.36', '/a/gen/genScheme', 'GET', '', '');
INSERT INTO `sys_log` VALUES ('a00296dd3f8c4053a252dd9ca137f49e', '1', '--', '1', '2019-09-09 03:20:34', '0:0:0:0:0:0:0:1', 'Mozilla/5.0 (Macintosh; Intel Mac OS X 10_14_6) AppleWebKit/537.36 (KHTML, like Gecko) Chrome/76.0.3809.132 Safari/537.36', '/a/gen/genTable', 'GET', '', '');
INSERT INTO `sys_log` VALUES ('a00748782f2047e3a8eca8833699a667', '1', '---', '1', '2017-11-14 15:16:26', '119.97.201.18', 'Mozilla/5.0 (Windows NT 10.0; WOW64) AppleWebKit/537.36 (KHTML, like Gecko) Chrome/62.0.3202.62 Safari/537.36', '/jeesite/a/cms/article/', 'GET', 'category.id=12', '');
INSERT INTO `sys_log` VALUES ('a2ba966b24d446c0989840a675e38ed1', '1', '---', '1', '2019-09-10 14:46:33', '0:0:0:0:0:0:0:1', 'Mozilla/5.0 (Macintosh; Intel Mac OS X 10_14_6) AppleWebKit/537.36 (KHTML, like Gecko) Chrome/76.0.3809.132 Safari/537.36', '/a/sys/user/list', 'GET', '', '');
INSERT INTO `sys_log` VALUES ('a31760abe9814261b2e5869217f2b0a5', '1', '--', '1', '2019-09-09 21:33:37', '0:0:0:0:0:0:0:1', 'Mozilla/5.0 (Macintosh; Intel Mac OS X 10_14_6) AppleWebKit/537.36 (KHTML, like Gecko) Chrome/76.0.3809.132 Safari/537.36', '/a/sys/area/', 'GET', '', '');
INSERT INTO `sys_log` VALUES ('a3cff59f8e1b419d85c818450ff6f53a', '1', '--', '1', '2019-09-10 14:45:12', '0:0:0:0:0:0:0:1', 'Mozilla/5.0 (Macintosh; Intel Mac OS X 10_14_6) AppleWebKit/537.36 (KHTML, like Gecko) Chrome/76.0.3809.132 Safari/537.36', '/a/sys/user/info', 'POST', 'name=&phone=8675&mobile=8675&email=admin@163.com&remarks=&signup=Sign up', '');
INSERT INTO `sys_log` VALUES ('a3d4e797650a4c7e80c7a213c6d6bc86', '1', '--', '1', '2019-09-09 02:19:44', '0:0:0:0:0:0:0:1', 'Mozilla/5.0 (Macintosh; Intel Mac OS X 10_14_6) AppleWebKit/537.36 (KHTML, like Gecko) Chrome/76.0.3809.132 Safari/537.36', '/a/oa/testAudit', 'GET', '', '');
INSERT INTO `sys_log` VALUES ('a49ed2932e5e4204875e93470bc03f23', '1', '', '1', '2019-09-06 07:59:06', '0:0:0:0:0:0:0:1', 'Mozilla/5.0 (Macintosh; Intel Mac OS X 10_14_6) AppleWebKit/537.36 (KHTML, like Gecko) Chrome/76.0.3809.132 Safari/537.36', '/a', 'GET', 'login=', '');
INSERT INTO `sys_log` VALUES ('a4ee0bbf11b2497db56884bf70d2f51a', '1', '---', '1', '2019-09-06 00:51:44', '0:0:0:0:0:0:0:1', 'Mozilla/5.0 (Macintosh; Intel Mac OS X 10_14_6) AppleWebKit/537.36 (KHTML, like Gecko) Chrome/76.0.3809.132 Safari/537.36', '/a/sys/menu/save', 'POST', 'id=65d779ccec984ff0b31df79b87ed9d56&parent.id=a91e496aa0ab42239c11617d7095034a&parent.name=&name=&href=/demo/demoData/list&target=&icon=&sort=30&isShow=1&permission=demo:demoData:view,demo:demoData:edit&remarks=', '');
INSERT INTO `sys_log` VALUES ('a50e423661074892b7a3e02bc7791815', '1', '--', '1', '2019-09-09 03:19:32', '0:0:0:0:0:0:0:1', 'Mozilla/5.0 (Macintosh; Intel Mac OS X 10_14_6) AppleWebKit/537.36 (KHTML, like Gecko) Chrome/76.0.3809.132 Safari/537.36', '/a/gen/genTable', 'GET', '', '');
INSERT INTO `sys_log` VALUES ('a52ea4cd49f94447b455c85a03e0862f', '1', '-', '1', '2019-09-06 02:09:47', '0:0:0:0:0:0:0:1', 'Mozilla/5.0 (Macintosh; Intel Mac OS X 10_14_6) AppleWebKit/537.36 (KHTML, like Gecko) Chrome/76.0.3809.132 Safari/537.36', '/a/demo/demoData/page', 'GET', '', '');
INSERT INTO `sys_log` VALUES ('a59e0ec0e4ac442bb6f486fbcca809ca', '1', '---', '1', '2019-09-09 21:33:02', '0:0:0:0:0:0:0:1', 'Mozilla/5.0 (Macintosh; Intel Mac OS X 10_14_6) AppleWebKit/537.36 (KHTML, like Gecko) Chrome/76.0.3809.132 Safari/537.36', '/a/sys/user/form', 'GET', 'id=1', '');
INSERT INTO `sys_log` VALUES ('a5dce4d7d50541cc86bdd52788edfe53', '1', '-', '1', '2019-09-06 00:56:11', '0:0:0:0:0:0:0:1', 'Mozilla/5.0 (Macintosh; Intel Mac OS X 10_14_6) AppleWebKit/537.36 (KHTML, like Gecko) Chrome/76.0.3809.132 Safari/537.36', '/a/demo/demoData/page', 'GET', '', '');
INSERT INTO `sys_log` VALUES ('a5de80387045456281b4e15c77712ade', '1', '--', '1', '2019-09-09 03:27:50', '0:0:0:0:0:0:0:1', 'Mozilla/5.0 (Macintosh; Intel Mac OS X 10_14_6) AppleWebKit/537.36 (KHTML, like Gecko) Chrome/76.0.3809.132 Safari/537.36', '/a/gen/genTable', 'GET', '', '');
INSERT INTO `sys_log` VALUES ('a68a1f57104948438aad536ccfd870e3', '1', '-', '1', '2019-09-09 01:35:29', '0:0:0:0:0:0:0:1', 'Mozilla/5.0 (Macintosh; Intel Mac OS X 10_14_6) AppleWebKit/537.36 (KHTML, like Gecko) Chrome/76.0.3809.132 Safari/537.36', '/a/demo/demoData/page', 'GET', '', '');
INSERT INTO `sys_log` VALUES ('a6a54cf8cc1949c4aee520c614885179', '1', '--', '1', '2019-09-09 20:27:48', '0:0:0:0:0:0:0:1', 'Mozilla/5.0 (Macintosh; Intel Mac OS X 10_14_6) AppleWebKit/537.36 (KHTML, like Gecko) Chrome/76.0.3809.132 Safari/537.36', '/a/sys/user/index', 'GET', '', '');
INSERT INTO `sys_log` VALUES ('a6c4248f1ddf40a78c7355f26c25f9c0', '1', '-', '1', '2019-09-06 00:51:13', '0:0:0:0:0:0:0:1', 'Mozilla/5.0 (Macintosh; Intel Mac OS X 10_14_6) AppleWebKit/537.36 (KHTML, like Gecko) Chrome/76.0.3809.132 Safari/537.36', '/a/demo/demoData/list', 'GET', '', '');
INSERT INTO `sys_log` VALUES ('a71db58ff618410cb3e517d3cf79c58b', '1', '-', '1', '2019-09-09 01:44:41', '0:0:0:0:0:0:0:1', 'Mozilla/5.0 (Macintosh; Intel Mac OS X 10_14_6) AppleWebKit/537.36 (KHTML, like Gecko) Chrome/76.0.3809.132 Safari/537.36', '/a/demo/demoData/page', 'GET', '', '');
INSERT INTO `sys_log` VALUES ('a724541a36134dc9b04bb3d6e64bc3dc', '1', '-', '1', '2019-09-08 21:41:34', '0:0:0:0:0:0:0:1', 'Mozilla/5.0 (Macintosh; Intel Mac OS X 10_14_6) AppleWebKit/537.36 (KHTML, like Gecko) Chrome/76.0.3809.132 Safari/537.36', '/a/demo/demoData/page', 'GET', '', '');
INSERT INTO `sys_log` VALUES ('a746e0977c4c4ba8ac93ff0ae4b8138a', '1', '--', '1', '2019-09-09 04:06:20', '0:0:0:0:0:0:0:1', 'Mozilla/5.0 (Macintosh; Intel Mac OS X 10_14_6) AppleWebKit/537.36 (KHTML, like Gecko) Chrome/76.0.3809.132 Safari/537.36', '/a/sys/log', 'GET', '', '');
INSERT INTO `sys_log` VALUES ('a7e757221b6144a0a554983e4dcddda5', '1', '-', '1', '2019-09-09 02:00:40', '0:0:0:0:0:0:0:1', 'Mozilla/5.0 (Macintosh; Intel Mac OS X 10_14_6) AppleWebKit/537.36 (KHTML, like Gecko) Chrome/76.0.3809.132 Safari/537.36', '/a/demo/demoData/page', 'GET', '', '');
INSERT INTO `sys_log` VALUES ('a8312e62f14e4b02a24a2d64386dd0f5', '1', '--', '1', '2019-09-09 03:37:35', '0:0:0:0:0:0:0:1', 'Mozilla/5.0 (Macintosh; Intel Mac OS X 10_14_6) AppleWebKit/537.36 (KHTML, like Gecko) Chrome/76.0.3809.132 Safari/537.36', '/a/gen/genTable', 'GET', '', '');
INSERT INTO `sys_log` VALUES ('a8c6befda8764df18742a774b5e9778c', '1', '--', '1', '2017-11-14 15:18:38', '220.160.68.3', 'Mozilla/5.0 (Windows NT 10.0; WOW64) AppleWebKit/537.36 (KHTML, like Gecko) Chrome/50.0.2661.102 Safari/537.36', '/jeesite/a/sys/user/modifyPwd', 'GET', '', '');
INSERT INTO `sys_log` VALUES ('a8f3148b182c45e9b3e777285b7356ef', '1', '-', '1', '2017-11-14 15:16:46', '182.110.0.154', 'Mozilla/5.0 (Windows NT 6.1; WOW64) AppleWebKit/537.36 (KHTML, like Gecko) Chrome/57.0.2987.98 Safari/537.36 LBBROWSER', '/jeesite/a/cms/none', 'GET', '', '');
INSERT INTO `sys_log` VALUES ('a900e5ad672c4dd792d00a571eb9bd79', '1', '-', '1', '2017-11-14 15:16:46', '182.110.0.154', 'Mozilla/5.0 (Windows NT 6.1; WOW64) AppleWebKit/537.36 (KHTML, like Gecko) Chrome/57.0.2987.98 Safari/537.36 LBBROWSER', '/jeesite/a/cms/tree', 'GET', '', '');
INSERT INTO `sys_log` VALUES ('a9a7bef1837444e9b0fc736860ecbd60', '1', '--', '1', '2019-09-09 03:16:00', '0:0:0:0:0:0:0:1', 'Mozilla/5.0 (Macintosh; Intel Mac OS X 10_14_6) AppleWebKit/537.36 (KHTML, like Gecko) Chrome/76.0.3809.132 Safari/537.36', '/a/gen/genTable', 'GET', '', '');
INSERT INTO `sys_log` VALUES ('a9f5a17ab6f64dd8a378bb5ee45ae1ef', '1', '-', '1', '2019-09-06 03:59:38', '0:0:0:0:0:0:0:1', 'Mozilla/5.0 (Macintosh; Intel Mac OS X 10_14_6) AppleWebKit/537.36 (KHTML, like Gecko) Chrome/76.0.3809.132 Safari/537.36', '/a/demo/demoData/list', 'GET', '', '');
INSERT INTO `sys_log` VALUES ('aa2fff5678af4c32916943cd887fd593', '1', '-', '1', '2019-09-06 03:04:51', '0:0:0:0:0:0:0:1', 'Mozilla/5.0 (Macintosh; Intel Mac OS X 10_14_6) AppleWebKit/537.36 (KHTML, like Gecko) Chrome/76.0.3809.132 Safari/537.36', '/a/demo/demoData/page', 'GET', '', '');
INSERT INTO `sys_log` VALUES ('aa3df978217c4f84b9267f5aae5a9c1d', '1', '--', '1', '2017-11-14 15:15:15', '124.128.62.162', 'Mozilla/5.0 (Windows NT 10.0; WOW64) AppleWebKit/537.36 (KHTML, like Gecko) Chrome/55.0.2883.87 Safari/537.36', '/jeesite/a/cms/', 'GET', 'tabPageId=jerichotabiframe_3', '');
INSERT INTO `sys_log` VALUES ('aa48e15fc8224c909d9a375bc677e442', '1', '--', '1', '2019-09-06 00:51:54', '0:0:0:0:0:0:0:1', 'Mozilla/5.0 (Macintosh; Intel Mac OS X 10_14_6) AppleWebKit/537.36 (KHTML, like Gecko) Chrome/76.0.3809.132 Safari/537.36', '/a/sys/role/', 'GET', '', '');
INSERT INTO `sys_log` VALUES ('aa83b6d17cdd45c5ad1d15d6e4878893', '1', '-', '1', '2019-09-08 21:23:34', '0:0:0:0:0:0:0:1', 'Mozilla/5.0 (Macintosh; Intel Mac OS X 10_14_6) AppleWebKit/537.36 (KHTML, like Gecko) Chrome/76.0.3809.132 Safari/537.36', '/a/demo/demoData/page', 'GET', '', '');
INSERT INTO `sys_log` VALUES ('aab31983f42e4d988ef2f96a63a8721c', '1', '--', '1', '2019-09-10 14:46:30', '0:0:0:0:0:0:0:1', 'Mozilla/5.0 (Macintosh; Intel Mac OS X 10_14_6) AppleWebKit/537.36 (KHTML, like Gecko) Chrome/76.0.3809.132 Safari/537.36', '/a/sys/user/index', 'GET', '', '');
INSERT INTO `sys_log` VALUES ('aac4b01a70044b8bb9f4dcc218c85c7f', '1', '-', '1', '2019-09-08 19:15:34', '0:0:0:0:0:0:0:1', 'Mozilla/5.0 (Macintosh; Intel Mac OS X 10_14_6) AppleWebKit/537.36 (KHTML, like Gecko) Chrome/76.0.3809.132 Safari/537.36', '/a/demo/demoData/page', 'GET', '', '');
INSERT INTO `sys_log` VALUES ('aadb24143ad0455ca198095b7b653dfa', '1', '--', '1', '2019-09-06 00:45:22', '0:0:0:0:0:0:0:1', 'Mozilla/5.0 (Macintosh; Intel Mac OS X 10_14_6) AppleWebKit/537.36 (KHTML, like Gecko) Chrome/76.0.3809.132 Safari/537.36', '/a/sys/menu/', 'GET', '', '');
INSERT INTO `sys_log` VALUES ('aae94721425a4dd5a90f3c9b99ba12b3', '1', '--', '1', '2017-11-14 15:15:56', '124.128.62.162', 'Mozilla/5.0 (Windows NT 10.0; WOW64) AppleWebKit/537.36 (KHTML, like Gecko) Chrome/55.0.2883.87 Safari/537.36', '/jeesite/a/oa/oaNotify/self', 'GET', 'tabPageId=jerichotabiframe_1', '');
INSERT INTO `sys_log` VALUES ('aafe15f25e3541dfb18f5fc868716773', '1', '--', '1', '2019-09-09 20:29:50', '0:0:0:0:0:0:0:1', 'Mozilla/5.0 (Macintosh; Intel Mac OS X 10_14_6) AppleWebKit/537.36 (KHTML, like Gecko) Chrome/76.0.3809.132 Safari/537.36', '/a/sys/area/', 'GET', '', '');
INSERT INTO `sys_log` VALUES ('ac57b651cd4e48bd8173d52ec3d998f8', '1', '---', '1', '2019-09-10 14:46:58', '0:0:0:0:0:0:0:1', 'Mozilla/5.0 (Macintosh; Intel Mac OS X 10_14_6) AppleWebKit/537.36 (KHTML, like Gecko) Chrome/76.0.3809.132 Safari/537.36', '/a/sys/user/save', 'POST', 'id=2&photo=&company.id=1&company.name=&office.id=2&office.name=&no=0002&name=&oldLoginName=sd_admin&loginName=sd_admin&newPassword=&confirmNewPassword=&email=&phone=&mobile=&loginFlag=1&userType=&roleIdList=1&_roleIdList=on&remarks=3', '');
INSERT INTO `sys_log` VALUES ('acc1d7143b254d1a8f198132f29aec0b', '1', '--', '1', '2019-09-09 03:37:34', '0:0:0:0:0:0:0:1', 'Mozilla/5.0 (Macintosh; Intel Mac OS X 10_14_6) AppleWebKit/537.36 (KHTML, like Gecko) Chrome/76.0.3809.132 Safari/537.36', '/a/gen/genScheme', 'GET', '', '');
INSERT INTO `sys_log` VALUES ('acd7e3503ce545a0a2d5c4e4ad90863e', '1', '--', '1', '2019-09-09 03:25:33', '0:0:0:0:0:0:0:1', 'Mozilla/5.0 (Macintosh; Intel Mac OS X 10_14_6) AppleWebKit/537.36 (KHTML, like Gecko) Chrome/76.0.3809.132 Safari/537.36', '/a/gen/genTable', 'GET', '', '');
INSERT INTO `sys_log` VALUES ('acf6e1b95110409cb32098cfd171c848', '1', '--', '1', '2017-11-14 15:18:35', '220.160.68.3', 'Mozilla/5.0 (Windows NT 10.0; WOW64) AppleWebKit/537.36 (KHTML, like Gecko) Chrome/50.0.2661.102 Safari/537.36', '/jeesite/a/sys/user/info', 'GET', '', '');
INSERT INTO `sys_log` VALUES ('ad70a84851bf43609ee820eb7270820b', '1', '-', '1', '2019-09-08 20:16:32', '0:0:0:0:0:0:0:1', 'Mozilla/5.0 (Macintosh; Intel Mac OS X 10_14_6) AppleWebKit/537.36 (KHTML, like Gecko) Chrome/76.0.3809.132 Safari/537.36', '/a/demo/demoData/page', 'GET', '', '');
INSERT INTO `sys_log` VALUES ('ae1a8d243d024dd7ae6285aeea35e6ed', '1', '--', '1', '2019-09-09 02:25:02', '0:0:0:0:0:0:0:1', 'Mozilla/5.0 (Macintosh; Intel Mac OS X 10_14_6) AppleWebKit/537.36 (KHTML, like Gecko) Chrome/76.0.3809.132 Safari/537.36', '/a/sys/user/index', 'GET', '', '');
INSERT INTO `sys_log` VALUES ('ae511a3ada6b4813b7e8c20b0cafeed4', '1', '---', '1', '2019-09-09 21:33:08', '0:0:0:0:0:0:0:1', 'Mozilla/5.0 (Macintosh; Intel Mac OS X 10_14_6) AppleWebKit/537.36 (KHTML, like Gecko) Chrome/76.0.3809.132 Safari/537.36', '/a/sys/user/checkLoginName', 'GET', 'oldLoginName=thinkgem&loginName=adm', '');
INSERT INTO `sys_log` VALUES ('b019bcba435a4b1cb822137a0217541e', '1', '-', '1', '2019-09-08 20:22:54', '0:0:0:0:0:0:0:1', 'Mozilla/5.0 (Macintosh; Intel Mac OS X 10_14_6) AppleWebKit/537.36 (KHTML, like Gecko) Chrome/76.0.3809.132 Safari/537.36', '/a/demo/demoData/page', 'GET', '', '');
INSERT INTO `sys_log` VALUES ('b02d15735f19472f86b8733d07e08824', '1', '-', '1', '2019-09-08 22:11:54', '0:0:0:0:0:0:0:1', 'Mozilla/5.0 (Macintosh; Intel Mac OS X 10_14_6) AppleWebKit/537.36 (KHTML, like Gecko) Chrome/76.0.3809.132 Safari/537.36', '/a/demo/demoData/page', 'GET', '', '');
INSERT INTO `sys_log` VALUES ('b02e9d0441fe420a8d6cec755b0a56f9', '1', '-', '1', '2019-09-06 04:26:22', '0:0:0:0:0:0:0:1', 'Mozilla/5.0 (Macintosh; Intel Mac OS X 10_14_6) AppleWebKit/537.36 (KHTML, like Gecko) Chrome/76.0.3809.132 Safari/537.36', '/a/demo/demoData/page', 'GET', '', '');
INSERT INTO `sys_log` VALUES ('b0572932315f40a9a187d2a839b67a7b', '1', '--', '1', '2019-09-09 21:34:01', '0:0:0:0:0:0:0:1', 'Mozilla/5.0 (Macintosh; Intel Mac OS X 10_14_6) AppleWebKit/537.36 (KHTML, like Gecko) Chrome/76.0.3809.132 Safari/537.36', '/a/sys/user/modifyPwd', 'GET', '', '');
INSERT INTO `sys_log` VALUES ('b06324c2a4bb45308c574e2ef921c585', '1', '--', '1', '2019-09-09 03:24:34', '0:0:0:0:0:0:0:1', 'Mozilla/5.0 (Macintosh; Intel Mac OS X 10_14_6) AppleWebKit/537.36 (KHTML, like Gecko) Chrome/76.0.3809.132 Safari/537.36', '/a/gen/genTable', 'GET', '', '');
INSERT INTO `sys_log` VALUES ('b0e3a6a93a584280873fe6966f2f7df8', '1', '--', '1', '2019-09-09 21:07:44', '0:0:0:0:0:0:0:1', 'Mozilla/5.0 (Macintosh; Intel Mac OS X 10_14_6) AppleWebKit/537.36 (KHTML, like Gecko) Chrome/76.0.3809.132 Safari/537.36', '/a/sys/log', 'GET', '', '');
INSERT INTO `sys_log` VALUES ('b115276e41f64eaea09e8d0ac40ae9c7', '1', '--', '1', '2019-09-09 21:30:07', '0:0:0:0:0:0:0:1', 'Mozilla/5.0 (Macintosh; Intel Mac OS X 10_14_6) AppleWebKit/537.36 (KHTML, like Gecko) Chrome/76.0.3809.132 Safari/537.36', '/a/sys/dict/', 'GET', '', '');
INSERT INTO `sys_log` VALUES ('b127cd6513974f198ed0b01166b3dbbb', '1', '-', '1', '2019-09-08 21:06:46', '0:0:0:0:0:0:0:1', 'Mozilla/5.0 (Macintosh; Intel Mac OS X 10_14_6) AppleWebKit/537.36 (KHTML, like Gecko) Chrome/76.0.3809.132 Safari/537.36', '/a/demo/demoData/page', 'GET', '', '');
INSERT INTO `sys_log` VALUES ('b1ff28eb870b4cc18c0a3b8a5bf14a04', '1', '', '1', '2019-09-09 02:00:37', '0:0:0:0:0:0:0:1', 'Mozilla/5.0 (Macintosh; Intel Mac OS X 10_14_6) AppleWebKit/537.36 (KHTML, like Gecko) Chrome/76.0.3809.132 Safari/537.36', '/a', 'GET', 'login=', '');
INSERT INTO `sys_log` VALUES ('b24518b754b34ef280e7c0f4da075c8c', '1', '', '1', '2019-09-08 22:13:47', '0:0:0:0:0:0:0:1', 'Mozilla/5.0 (Macintosh; Intel Mac OS X 10_14_6) AppleWebKit/537.36 (KHTML, like Gecko) Chrome/76.0.3809.132 Safari/537.36', '/a', 'GET', 'login=', '');
INSERT INTO `sys_log` VALUES ('b3fde77c59b24abb8e389d020bea48fd', '1', '--', '1', '2017-11-14 15:14:28', '119.97.201.18', 'Mozilla/5.0 (Windows NT 10.0; WOW64) AppleWebKit/537.36 (KHTML, like Gecko) Chrome/62.0.3202.62 Safari/537.36', '/jeesite/a/cms/', 'GET', '', '');
INSERT INTO `sys_log` VALUES ('b472da2c5671477587d352760cab13b0', '1', '', '1', '2019-09-09 21:07:24', '0:0:0:0:0:0:0:1', 'Mozilla/5.0 (Macintosh; Intel Mac OS X 10_14_6) AppleWebKit/537.36 (KHTML, like Gecko) Chrome/76.0.3809.132 Safari/537.36', '/a', 'GET', 'login=', '');
INSERT INTO `sys_log` VALUES ('b4b2c424ce404d80a4eeaca9e7029430', '1', '----', '1', '2017-11-14 15:15:25', '119.97.201.18', 'Mozilla/5.0 (Windows NT 10.0; WOW64) AppleWebKit/537.36 (KHTML, like Gecko) Chrome/62.0.3202.62 Safari/537.36', '/jeesite/a/cms/article/form', 'GET', 'id=11', '');
INSERT INTO `sys_log` VALUES ('b4b8a14783ad435d905d8f4c00202280', '1', '-', '1', '2019-09-06 07:59:08', '0:0:0:0:0:0:0:1', 'Mozilla/5.0 (Macintosh; Intel Mac OS X 10_14_6) AppleWebKit/537.36 (KHTML, like Gecko) Chrome/76.0.3809.132 Safari/537.36', '/a/demo/demoData/list', 'GET', '', '');
INSERT INTO `sys_log` VALUES ('b557e6bc19e54b0c9ac1094b08d7b73f', '1', '--', '1', '2019-09-09 20:19:45', '0:0:0:0:0:0:0:1', 'Mozilla/5.0 (Macintosh; Intel Mac OS X 10_14_6) AppleWebKit/537.36 (KHTML, like Gecko) Chrome/76.0.3809.132 Safari/537.36', '/a/sys/log', 'GET', '', '');
INSERT INTO `sys_log` VALUES ('b5f53120a0414c5885529da849dfb6b5', '1', '-', '1', '2019-09-06 04:04:23', '0:0:0:0:0:0:0:1', 'Mozilla/5.0 (Macintosh; Intel Mac OS X 10_14_6) AppleWebKit/537.36 (KHTML, like Gecko) Chrome/76.0.3809.132 Safari/537.36', '/a/demo/demoData/page', 'GET', '', '');
INSERT INTO `sys_log` VALUES ('b610cf1b0aac44648d703c39e400a482', '1', '-', '1', '2019-09-06 02:56:40', '0:0:0:0:0:0:0:1', 'Mozilla/5.0 (Macintosh; Intel Mac OS X 10_14_6) AppleWebKit/537.36 (KHTML, like Gecko) Chrome/76.0.3809.132 Safari/537.36', '/a/demo/demoData/page', 'GET', '', '');
INSERT INTO `sys_log` VALUES ('b6959ec35cbd4f8a8a629c0fb61a0276', '1', '-', '1', '2019-09-09 01:02:52', '0:0:0:0:0:0:0:1', 'Mozilla/5.0 (Macintosh; Intel Mac OS X 10_14_6) AppleWebKit/537.36 (KHTML, like Gecko) Chrome/76.0.3809.132 Safari/537.36', '/a/demo/demoData/page', 'GET', '', '');
INSERT INTO `sys_log` VALUES ('b745eb71fbc146319610de836c76da03', '1', '-', '1', '2019-09-06 04:32:16', '0:0:0:0:0:0:0:1', 'Mozilla/5.0 (Macintosh; Intel Mac OS X 10_14_6) AppleWebKit/537.36 (KHTML, like Gecko) Chrome/76.0.3809.132 Safari/537.36', '/a/demo/demoData/page', 'GET', '', '');
INSERT INTO `sys_log` VALUES ('b823a242718148c1893d7c0fa794fcf5', '1', '-', '1', '2019-09-09 02:07:42', '0:0:0:0:0:0:0:1', 'Mozilla/5.0 (Macintosh; Intel Mac OS X 10_14_6) AppleWebKit/537.36 (KHTML, like Gecko) Chrome/76.0.3809.132 Safari/537.36', '/a/demo/demoData/page', 'GET', '', '');
INSERT INTO `sys_log` VALUES ('b843460a6a3f469fae05a0873cd54181', '1', '--', '1', '2019-09-10 14:48:11', '0:0:0:0:0:0:0:1', 'Mozilla/5.0 (Macintosh; Intel Mac OS X 10_14_6) AppleWebKit/537.36 (KHTML, like Gecko) Chrome/76.0.3809.132 Safari/537.36', '/a/sys/user/info', 'GET', '', '');
INSERT INTO `sys_log` VALUES ('b8ab31185682423298235bdcb85ff009', '1', '--', '1', '2019-09-09 21:33:30', '0:0:0:0:0:0:0:1', 'Mozilla/5.0 (Macintosh; Intel Mac OS X 10_14_6) AppleWebKit/537.36 (KHTML, like Gecko) Chrome/76.0.3809.132 Safari/537.36', '/a/sys/user/index', 'GET', '', '');
INSERT INTO `sys_log` VALUES ('b8abc14648654cd6bf14edc2d99645cc', '1', '--', '1', '2019-09-10 14:48:17', '0:0:0:0:0:0:0:1', 'Mozilla/5.0 (Macintosh; Intel Mac OS X 10_14_6) AppleWebKit/537.36 (KHTML, like Gecko) Chrome/76.0.3809.132 Safari/537.36', '/a/sys/user/info', 'POST', 'name=&phone=867533&mobile=8675&email=admin@163.com&remarks=&signup=Sign up', '');
INSERT INTO `sys_log` VALUES ('b91ff20303234af291caba2edfab0ffd', '1', '--', '1', '2017-11-14 15:18:39', '220.160.68.3', 'Mozilla/5.0 (Windows NT 10.0; WOW64) AppleWebKit/537.36 (KHTML, like Gecko) Chrome/50.0.2661.102 Safari/537.36', '/jeesite/a/sys/user/info', 'GET', '', '');
INSERT INTO `sys_log` VALUES ('b971265375b44f9e8c8f14b4b94691ba', '1', '--', '1', '2019-09-09 21:13:20', '0:0:0:0:0:0:0:1', 'Mozilla/5.0 (Macintosh; Intel Mac OS X 10_14_6) AppleWebKit/537.36 (KHTML, like Gecko) Chrome/76.0.3809.132 Safari/537.36', '/a/sys/office/', 'GET', '', '');
INSERT INTO `sys_log` VALUES ('b9bf355b82e84d5ea688e0b22e2bea3e', '1', '-', '1', '2019-09-08 22:29:10', '0:0:0:0:0:0:0:1', 'Mozilla/5.0 (Macintosh; Intel Mac OS X 10_14_6) AppleWebKit/537.36 (KHTML, like Gecko) Chrome/76.0.3809.132 Safari/537.36', '/a/demo/demoData/page', 'GET', '', '');
INSERT INTO `sys_log` VALUES ('ba140a94f4504ebf94f52f743a9deb4f', '1', '--', '1', '2019-09-09 04:03:30', '0:0:0:0:0:0:0:1', 'Mozilla/5.0 (Macintosh; Intel Mac OS X 10_14_6) AppleWebKit/537.36 (KHTML, like Gecko) Chrome/76.0.3809.132 Safari/537.36', '/a/sys/log', 'GET', '', '');
INSERT INTO `sys_log` VALUES ('ba412536769c42bb928f06611ab09f97', '1', '--', '1', '2019-09-09 21:32:54', '0:0:0:0:0:0:0:1', 'Mozilla/5.0 (Macintosh; Intel Mac OS X 10_14_6) AppleWebKit/537.36 (KHTML, like Gecko) Chrome/76.0.3809.132 Safari/537.36', '/a/sys/user/index', 'GET', '', '');
INSERT INTO `sys_log` VALUES ('ba6179069afb4c91a348cf9a5c63e9c0', '1', '--', '1', '2019-09-09 21:33:41', '0:0:0:0:0:0:0:1', 'Mozilla/5.0 (Macintosh; Intel Mac OS X 10_14_6) AppleWebKit/537.36 (KHTML, like Gecko) Chrome/76.0.3809.132 Safari/537.36', '/a/oa/oaNotify/self', 'GET', '', '');
INSERT INTO `sys_log` VALUES ('ba862c4a23b34cc9ae3598dda5289a99', '1', '--', '1', '2019-09-09 21:02:28', '0:0:0:0:0:0:0:1', 'Mozilla/5.0 (Macintosh; Intel Mac OS X 10_14_6) AppleWebKit/537.36 (KHTML, like Gecko) Chrome/76.0.3809.132 Safari/537.36', '/a/sys/area/', 'GET', '', '');
INSERT INTO `sys_log` VALUES ('baf5945044244d989dea53f2536ae832', '1', '--', '1', '2019-09-09 21:10:29', '0:0:0:0:0:0:0:1', 'Mozilla/5.0 (Macintosh; Intel Mac OS X 10_14_6) AppleWebKit/537.36 (KHTML, like Gecko) Chrome/76.0.3809.132 Safari/537.36', '/a/sys/user/index', 'GET', '', '');
INSERT INTO `sys_log` VALUES ('bb09f4f72b7c458ba9277a007cc2d69d', '1', '--', '1', '2019-09-09 20:52:56', '0:0:0:0:0:0:0:1', 'Mozilla/5.0 (Macintosh; Intel Mac OS X 10_14_6) AppleWebKit/537.36 (KHTML, like Gecko) Chrome/76.0.3809.132 Safari/537.36', '/a/sys/area/', 'GET', '', '');
INSERT INTO `sys_log` VALUES ('bb0a2d69e49648d4ae3a0f4eeeaaf416', '1', '--', '1', '2019-09-09 03:35:02', '0:0:0:0:0:0:0:1', 'Mozilla/5.0 (Macintosh; Intel Mac OS X 10_14_6) AppleWebKit/537.36 (KHTML, like Gecko) Chrome/76.0.3809.132 Safari/537.36', '/a/gen/genTable', 'GET', '', '');
INSERT INTO `sys_log` VALUES ('bb411fc093e44f28b312decf28fc61da', '1', '-', '1', '2019-09-06 02:35:30', '0:0:0:0:0:0:0:1', 'Mozilla/5.0 (Macintosh; Intel Mac OS X 10_14_6) AppleWebKit/537.36 (KHTML, like Gecko) Chrome/76.0.3809.132 Safari/537.36', '/a/demo/demoData/page', 'GET', '', '');
INSERT INTO `sys_log` VALUES ('bb79f8b4d6d44438a7509aae281bfa66', '1', '-', '1', '2019-09-08 21:22:25', '0:0:0:0:0:0:0:1', 'Mozilla/5.0 (Macintosh; Intel Mac OS X 10_14_6) AppleWebKit/537.36 (KHTML, like Gecko) Chrome/76.0.3809.132 Safari/537.36', '/a/demo/demoData/page', 'GET', '', '');
INSERT INTO `sys_log` VALUES ('bbc46631152749c3aaa4e2a49fcb2309', '1', '-', '1', '2019-09-08 21:56:17', '0:0:0:0:0:0:0:1', 'Mozilla/5.0 (Macintosh; Intel Mac OS X 10_14_6) AppleWebKit/537.36 (KHTML, like Gecko) Chrome/76.0.3809.132 Safari/537.36', '/a/demo/demoData/page', 'GET', '', '');
INSERT INTO `sys_log` VALUES ('bbf83cea2817479087bcadbf7df07286', '1', '--', '1', '2017-11-14 15:14:47', '124.128.62.162', 'Mozilla/5.0 (Windows NT 10.0; WOW64) AppleWebKit/537.36 (KHTML, like Gecko) Chrome/55.0.2883.87 Safari/537.36', '/jeesite/a/sys/user/info', 'GET', '', '');
INSERT INTO `sys_log` VALUES ('bc315e1a7ce84944aaaee177f026a877', '1', '--', '1', '2017-11-14 15:16:26', '182.110.0.154', 'Mozilla/5.0 (Windows NT 6.1; WOW64) AppleWebKit/537.36 (KHTML, like Gecko) Chrome/57.0.2987.98 Safari/537.36 LBBROWSER', '/jeesite/a/sys/user/info', 'GET', '', '');
INSERT INTO `sys_log` VALUES ('bc45b2e897b34c75a4b9c05a4043229f', '1', '--', '1', '2019-09-09 03:48:01', '0:0:0:0:0:0:0:1', 'Mozilla/5.0 (Macintosh; Intel Mac OS X 10_14_6) AppleWebKit/537.36 (KHTML, like Gecko) Chrome/76.0.3809.132 Safari/537.36', '/a/gen/genTable', 'GET', '', '');
INSERT INTO `sys_log` VALUES ('bc5a1c412d4f422d9ec209ed09b03ae2', '1', '--', '1', '2017-11-14 15:14:52', '124.128.62.162', 'Mozilla/5.0 (Windows NT 10.0; WOW64) AppleWebKit/537.36 (KHTML, like Gecko) Chrome/55.0.2883.87 Safari/537.36', '/jeesite/a/sys/user/info', 'GET', 'tabPageId=jerichotabiframe_0', '');
INSERT INTO `sys_log` VALUES ('bcc30c67c90545d8a4b8b43c85d8a06f', '1', '---', '1', '2019-09-09 21:32:56', '0:0:0:0:0:0:0:1', 'Mozilla/5.0 (Macintosh; Intel Mac OS X 10_14_6) AppleWebKit/537.36 (KHTML, like Gecko) Chrome/76.0.3809.132 Safari/537.36', '/a/sys/office/list', 'GET', 'id=&parentIds=', '');
INSERT INTO `sys_log` VALUES ('bcd102a3c55f4a2c867f5fc96af12a06', '1', '--', '1', '2017-11-14 15:14:56', '124.128.62.162', 'Mozilla/5.0 (Windows NT 10.0; WOW64) AppleWebKit/537.36 (KHTML, like Gecko) Chrome/55.0.2883.87 Safari/537.36', '/jeesite/a/sys/user/modifyPwd', 'GET', 'tabPageId=jerichotabiframe_2', '');
INSERT INTO `sys_log` VALUES ('bce9ac9ffd55407c898376e4283f81c1', '1', '---', '1', '2019-09-06 00:48:41', '0:0:0:0:0:0:0:1', 'Mozilla/5.0 (Macintosh; Intel Mac OS X 10_14_6) AppleWebKit/537.36 (KHTML, like Gecko) Chrome/76.0.3809.132 Safari/537.36', '/a/sys/menu/form', 'GET', 'id=2', '');
INSERT INTO `sys_log` VALUES ('bd1328806b6b421ca21a180870e0bca6', '1', '', '1', '2019-09-09 01:59:19', '0:0:0:0:0:0:0:1', 'Mozilla/5.0 (Macintosh; Intel Mac OS X 10_14_6) AppleWebKit/537.36 (KHTML, like Gecko) Chrome/76.0.3809.132 Safari/537.36', '/a', 'GET', 'login=', '');
INSERT INTO `sys_log` VALUES ('bd1925e652324f26be588c3efff5caf9', '1', '--', '1', '2019-09-09 03:48:00', '0:0:0:0:0:0:0:1', 'Mozilla/5.0 (Macintosh; Intel Mac OS X 10_14_6) AppleWebKit/537.36 (KHTML, like Gecko) Chrome/76.0.3809.132 Safari/537.36', '/a/gen/genScheme', 'GET', '', '');
INSERT INTO `sys_log` VALUES ('bda35a4b25e148b6b7345d3c040ec329', '1', '-', '1', '2019-09-08 22:28:44', '0:0:0:0:0:0:0:1', 'Mozilla/5.0 (Macintosh; Intel Mac OS X 10_14_6) AppleWebKit/537.36 (KHTML, like Gecko) Chrome/76.0.3809.132 Safari/537.36', '/a/demo/demoData/page', 'GET', '', '');
INSERT INTO `sys_log` VALUES ('bdc62a9faea948e09366a445c1a4980f', '1', '---', '1', '2019-09-09 04:26:55', '0:0:0:0:0:0:0:1', 'Mozilla/5.0 (Macintosh; Intel Mac OS X 10_14_6) AppleWebKit/537.36 (KHTML, like Gecko) Chrome/76.0.3809.132 Safari/537.36', '/a/sys/menu/save', 'POST', 'id=84&parent.id=67&parent.name=&name=&href=/../druid&target=&icon=random&sort=40&isShow=1&permission=&remarks=', '');
INSERT INTO `sys_log` VALUES ('bdc8ac40eccb47e4813b49786eb429fd', '1', '---', '1', '2017-11-14 15:14:20', '124.128.62.162', 'Mozilla/5.0 (Windows NT 10.0; WOW64) AppleWebKit/537.36 (KHTML, like Gecko) Chrome/55.0.2883.87 Safari/537.36', '/jeesite/a/sys/user/list', 'GET', '', '');
INSERT INTO `sys_log` VALUES ('be61821b48b04309a51a292dd303c44e', '1', '-', '1', '2019-09-06 03:57:38', '0:0:0:0:0:0:0:1', 'Mozilla/5.0 (Macintosh; Intel Mac OS X 10_14_6) AppleWebKit/537.36 (KHTML, like Gecko) Chrome/76.0.3809.132 Safari/537.36', '/a/demo/demoData/page', 'GET', '', '');
INSERT INTO `sys_log` VALUES ('bf0fc728c8354942a652b2bfe7288f55', '1', '--', '1', '2019-09-09 04:02:46', '0:0:0:0:0:0:0:1', 'Mozilla/5.0 (Macintosh; Intel Mac OS X 10_14_6) AppleWebKit/537.36 (KHTML, like Gecko) Chrome/76.0.3809.132 Safari/537.36', '/a/sys/log', 'GET', '', '');
INSERT INTO `sys_log` VALUES ('bf5fa64fce4a4aaeab86661ef4918e6a', '1', '-', '1', '2019-09-07 04:24:12', '0:0:0:0:0:0:0:1', 'Mozilla/5.0 (Macintosh; Intel Mac OS X 10_14_6) AppleWebKit/537.36 (KHTML, like Gecko) Chrome/76.0.3809.132 Safari/537.36', '/a/demo/demoData/page', 'GET', '', '');
INSERT INTO `sys_log` VALUES ('bfac41a51f814a9db409095ee793e3cc', '1', '---', '1', '2019-09-06 00:49:39', '0:0:0:0:0:0:0:1', 'Mozilla/5.0 (Macintosh; Intel Mac OS X 10_14_6) AppleWebKit/537.36 (KHTML, like Gecko) Chrome/76.0.3809.132 Safari/537.36', '/a/sys/menu/save', 'POST', 'id=27&parent.id=1&parent.name=&name=&href=&target=&icon=user&sort=100&isShow=1&permission=&remarks=', '');
INSERT INTO `sys_log` VALUES ('bfcd3e570c33417498ec3c630110e9ab', '1', '---', '1', '2017-11-14 15:14:46', '119.97.201.18', 'Mozilla/5.0 (Windows NT 10.0; WOW64) AppleWebKit/537.36 (KHTML, like Gecko) Chrome/62.0.3202.62 Safari/537.36', '/jeesite/a/cms/article/', 'GET', 'category.id=5', '');
INSERT INTO `sys_log` VALUES ('c073c47149c64b2892c66001a7df3cfc', '1', '-', '1', '2019-09-09 01:53:09', '0:0:0:0:0:0:0:1', 'Mozilla/5.0 (Macintosh; Intel Mac OS X 10_14_6) AppleWebKit/537.36 (KHTML, like Gecko) Chrome/76.0.3809.132 Safari/537.36', '/a/demo/demoData/page', 'GET', '', '');
INSERT INTO `sys_log` VALUES ('c0ad7939906f4d6e9310c095b105a392', '1', '--', '1', '2019-09-09 03:33:06', '0:0:0:0:0:0:0:1', 'Mozilla/5.0 (Macintosh; Intel Mac OS X 10_14_6) AppleWebKit/537.36 (KHTML, like Gecko) Chrome/76.0.3809.132 Safari/537.36', '/a/gen/genTable', 'GET', '', '');
INSERT INTO `sys_log` VALUES ('c0c997c3ff634f9c9b0acf7971630123', '1', '', '1', '2019-09-09 20:34:02', '0:0:0:0:0:0:0:1', 'Mozilla/5.0 (Macintosh; Intel Mac OS X 10_14_6) AppleWebKit/537.36 (KHTML, like Gecko) Chrome/76.0.3809.132 Safari/537.36', '/a', 'GET', 'login=', '');
INSERT INTO `sys_log` VALUES ('c16a2c44765441b2bb9a5013739a825b', '1', '-', '1', '2019-09-08 21:59:20', '0:0:0:0:0:0:0:1', 'Mozilla/5.0 (Macintosh; Intel Mac OS X 10_14_6) AppleWebKit/537.36 (KHTML, like Gecko) Chrome/76.0.3809.132 Safari/537.36', '/a/demo/demoData/page', 'GET', '', '');
INSERT INTO `sys_log` VALUES ('c177de1efbb142039c891b466da64bc0', '1', '-', '1', '2019-09-06 02:37:13', '0:0:0:0:0:0:0:1', 'Mozilla/5.0 (Macintosh; Intel Mac OS X 10_14_6) AppleWebKit/537.36 (KHTML, like Gecko) Chrome/76.0.3809.132 Safari/537.36', '/a/demo/demoData/page', 'GET', '', '');
INSERT INTO `sys_log` VALUES ('c1ed9d46c52d4d7fba36c5e6bfa62cab', '1', '--', '1', '2019-09-09 04:09:00', '0:0:0:0:0:0:0:1', 'Mozilla/5.0 (Macintosh; Intel Mac OS X 10_14_6) AppleWebKit/537.36 (KHTML, like Gecko) Chrome/76.0.3809.132 Safari/537.36', '/a/sys/log', 'GET', '', '');
INSERT INTO `sys_log` VALUES ('c2314f427b6d4ad087e1f5d7b0dffc3d', '1', '--', '1', '2017-11-14 15:14:49', '124.128.62.162', 'Mozilla/5.0 (Windows NT 10.0; WOW64) AppleWebKit/537.36 (KHTML, like Gecko) Chrome/55.0.2883.87 Safari/537.36', '/jeesite/a/sys/user/info', 'GET', '', '');
INSERT INTO `sys_log` VALUES ('c2c7b8622afc41d39d18914acf4e9364', '1', '---', '1', '2019-09-09 21:33:08', '0:0:0:0:0:0:0:1', 'Mozilla/5.0 (Macintosh; Intel Mac OS X 10_14_6) AppleWebKit/537.36 (KHTML, like Gecko) Chrome/76.0.3809.132 Safari/537.36', '/a/sys/user/checkLoginName', 'GET', 'oldLoginName=thinkgem&loginName=ad', '');
INSERT INTO `sys_log` VALUES ('c3aae264933b4a5cbf086c6bb2e4567d', '1', '-', '1', '2019-09-09 02:06:34', '0:0:0:0:0:0:0:1', 'Mozilla/5.0 (Macintosh; Intel Mac OS X 10_14_6) AppleWebKit/537.36 (KHTML, like Gecko) Chrome/76.0.3809.132 Safari/537.36', '/a/demo/demoData/page', 'GET', '', '');
INSERT INTO `sys_log` VALUES ('c3f0dbe3dd9448f5aa1290e3b4c118bd', '1', '--', '1', '2019-09-09 03:44:43', '0:0:0:0:0:0:0:1', 'Mozilla/5.0 (Macintosh; Intel Mac OS X 10_14_6) AppleWebKit/537.36 (KHTML, like Gecko) Chrome/76.0.3809.132 Safari/537.36', '/a/gen/genScheme', 'GET', '', '');
INSERT INTO `sys_log` VALUES ('c585ebbf983e4c0984d6eba403ce3c03', '1', '--', '1', '2017-11-14 15:17:15', '182.110.0.154', 'Mozilla/5.0 (Windows NT 6.1; WOW64) AppleWebKit/537.36 (KHTML, like Gecko) Chrome/57.0.2987.98 Safari/537.36 LBBROWSER', '/jeesite/a/gen/genTable', 'GET', '', '');
INSERT INTO `sys_log` VALUES ('c58bb4a93a5b4573950eaab13952b19e', '1', '-', '1', '2019-09-06 00:51:48', '0:0:0:0:0:0:0:1', 'Mozilla/5.0 (Macintosh; Intel Mac OS X 10_14_6) AppleWebKit/537.36 (KHTML, like Gecko) Chrome/76.0.3809.132 Safari/537.36', '/a/demo/demoData/list', 'GET', '', '');
INSERT INTO `sys_log` VALUES ('c6074d8bf649430a9abd26e5b85408ed', '1', '-', '1', '2019-09-08 21:02:09', '0:0:0:0:0:0:0:1', 'Mozilla/5.0 (Macintosh; Intel Mac OS X 10_14_6) AppleWebKit/537.36 (KHTML, like Gecko) Chrome/76.0.3809.132 Safari/537.36', '/a/demo/demoData/page', 'GET', '', '');
INSERT INTO `sys_log` VALUES ('c6820d3d37d945caabfbda7a21d088a3', '1', '', '1', '2019-09-08 20:28:54', '0:0:0:0:0:0:0:1', 'Mozilla/5.0 (Macintosh; Intel Mac OS X 10_14_6) AppleWebKit/537.36 (KHTML, like Gecko) Chrome/76.0.3809.132 Safari/537.36', '/a', 'GET', 'login=', '');
INSERT INTO `sys_log` VALUES ('c6c303bee1b7497f854afd039df0771e', '1', '--', '1', '2019-09-09 03:42:57', '0:0:0:0:0:0:0:1', 'Mozilla/5.0 (Macintosh; Intel Mac OS X 10_14_6) AppleWebKit/537.36 (KHTML, like Gecko) Chrome/76.0.3809.132 Safari/537.36', '/a/gen/genTable', 'GET', '', '');
INSERT INTO `sys_log` VALUES ('c6cc921254624b0eb2ee43557c208c6b', '1', '--', '1', '2019-09-09 03:42:01', '0:0:0:0:0:0:0:1', 'Mozilla/5.0 (Macintosh; Intel Mac OS X 10_14_6) AppleWebKit/537.36 (KHTML, like Gecko) Chrome/76.0.3809.132 Safari/537.36', '/a/gen/genTable', 'GET', '', '');
INSERT INTO `sys_log` VALUES ('c7005dae103d4b1d993f766624899108', '1', '--', '1', '2019-09-09 04:25:27', '0:0:0:0:0:0:0:1', 'Mozilla/5.0 (Macintosh; Intel Mac OS X 10_14_6) AppleWebKit/537.36 (KHTML, like Gecko) Chrome/76.0.3809.132 Safari/537.36', '/a/sys/log', 'GET', '', '');
INSERT INTO `sys_log` VALUES ('c70a3db11473455fb5a888812e09db03', '1', '--', '1', '2019-09-09 21:07:51', '0:0:0:0:0:0:0:1', 'Mozilla/5.0 (Macintosh; Intel Mac OS X 10_14_6) AppleWebKit/537.36 (KHTML, like Gecko) Chrome/76.0.3809.132 Safari/537.36', '/a/sys/area/', 'GET', '', '');
INSERT INTO `sys_log` VALUES ('c71acf6ac29d453f8cc4ab4c2108e0f3', '1', '--', '1', '2017-11-14 15:14:54', '124.128.62.162', 'Mozilla/5.0 (Windows NT 10.0; WOW64) AppleWebKit/537.36 (KHTML, like Gecko) Chrome/55.0.2883.87 Safari/537.36', '/jeesite/a/sys/user/info', 'GET', 'tabPageId=jerichotabiframe_0', '');
INSERT INTO `sys_log` VALUES ('c7f4cf66864b44c1b19141eba28db492', '1', '--', '1', '2019-09-06 00:52:16', '0:0:0:0:0:0:0:1', 'Mozilla/5.0 (Macintosh; Intel Mac OS X 10_14_6) AppleWebKit/537.36 (KHTML, like Gecko) Chrome/76.0.3809.132 Safari/537.36', '/a/sys/role/', 'GET', 'repage=', '');
INSERT INTO `sys_log` VALUES ('c826074245b248f58bccb13c0cd5b624', '1', '--', '1', '2017-11-14 15:14:17', '124.128.62.162', 'Mozilla/5.0 (Windows NT 10.0; WOW64) AppleWebKit/537.36 (KHTML, like Gecko) Chrome/55.0.2883.87 Safari/537.36', '/jeesite/a/sys/user/modifyPwd', 'GET', '', '');
INSERT INTO `sys_log` VALUES ('c87d3bdb158340b69bee60131abc934f', '1', '--', '1', '2017-11-14 15:15:13', '124.128.62.162', 'Mozilla/5.0 (Windows NT 10.0; WOW64) AppleWebKit/537.36 (KHTML, like Gecko) Chrome/55.0.2883.87 Safari/537.36', '/jeesite/a/sys/user/modifyPwd', 'GET', 'tabPageId=jerichotabiframe_1', '');
INSERT INTO `sys_log` VALUES ('c884ea9c1e1d4044b60f3f617a945b98', '1', '--', '1', '2019-09-09 03:13:51', '0:0:0:0:0:0:0:1', 'Mozilla/5.0 (Macintosh; Intel Mac OS X 10_14_6) AppleWebKit/537.36 (KHTML, like Gecko) Chrome/76.0.3809.132 Safari/537.36', '/a/gen/genScheme', 'GET', '', '');
INSERT INTO `sys_log` VALUES ('c8e2245966914a37a700b8d4b51b1889', '1', '--', '1', '2017-11-14 15:14:24', '124.128.62.162', 'Mozilla/5.0 (Windows NT 10.0; WOW64) AppleWebKit/537.36 (KHTML, like Gecko) Chrome/55.0.2883.87 Safari/537.36', '/jeesite/a/act/model', 'GET', '', '');
INSERT INTO `sys_log` VALUES ('c906b350bb084acdb18f939f38c8bb7c', '1', '-', '1', '2019-09-09 02:24:04', '0:0:0:0:0:0:0:1', 'Mozilla/5.0 (Macintosh; Intel Mac OS X 10_14_6) AppleWebKit/537.36 (KHTML, like Gecko) Chrome/76.0.3809.132 Safari/537.36', '/a/demo/demoData/page', 'GET', '', '');
INSERT INTO `sys_log` VALUES ('ca08b7466aa540aa85d4e3a7fcae5c74', '1', '--', '1', '2019-09-10 14:46:03', '0:0:0:0:0:0:0:1', 'Mozilla/5.0 (Macintosh; Intel Mac OS X 10_14_6) AppleWebKit/537.36 (KHTML, like Gecko) Chrome/76.0.3809.132 Safari/537.36', '/a/sys/user/info', 'POST', 'name=&phone=867533&mobile=8675&email=admin@163.com&remarks=&signup=Sign up', '');
INSERT INTO `sys_log` VALUES ('ca08fe7ec183447da863fd1b7dfd3020', '1', '--', '1', '2019-09-09 20:27:53', '0:0:0:0:0:0:0:1', 'Mozilla/5.0 (Macintosh; Intel Mac OS X 10_14_6) AppleWebKit/537.36 (KHTML, like Gecko) Chrome/76.0.3809.132 Safari/537.36', '/a/sys/area/', 'GET', '', '');
INSERT INTO `sys_log` VALUES ('ca25f14ac6eb4497a8950353044c0312', '1', '-', '1', '2019-09-06 02:37:12', '0:0:0:0:0:0:0:1', 'Mozilla/5.0 (Macintosh; Intel Mac OS X 10_14_6) AppleWebKit/537.36 (KHTML, like Gecko) Chrome/76.0.3809.132 Safari/537.36', '/a/demo/demoData/list', 'GET', '', '');
INSERT INTO `sys_log` VALUES ('ca91814df8774eec85b51ef55020f875', '1', '--', '1', '2019-09-09 21:15:27', '0:0:0:0:0:0:0:1', 'Mozilla/5.0 (Macintosh; Intel Mac OS X 10_14_6) AppleWebKit/537.36 (KHTML, like Gecko) Chrome/76.0.3809.132 Safari/537.36', '/a/sys/area/', 'GET', '', '');
INSERT INTO `sys_log` VALUES ('cb615174b8e84fe99e3fe19c746df356', '1', '---', '1', '2019-09-06 00:47:53', '0:0:0:0:0:0:0:1', 'Mozilla/5.0 (Macintosh; Intel Mac OS X 10_14_6) AppleWebKit/537.36 (KHTML, like Gecko) Chrome/76.0.3809.132 Safari/537.36', '/a/sys/menu/form', 'GET', 'id=62', '');
INSERT INTO `sys_log` VALUES ('cb733210bd104654ac8dd2453854c3a3', '1', '--', '1', '2019-09-09 03:10:12', '0:0:0:0:0:0:0:1', 'Mozilla/5.0 (Macintosh; Intel Mac OS X 10_14_6) AppleWebKit/537.36 (KHTML, like Gecko) Chrome/76.0.3809.132 Safari/537.36', '/a/gen/genScheme', 'GET', '', '');
INSERT INTO `sys_log` VALUES ('cc1f9a4809fa4af39d5c90f0b27ca91a', '1', '---', '1', '2019-09-09 21:15:28', '0:0:0:0:0:0:0:1', 'Mozilla/5.0 (Macintosh; Intel Mac OS X 10_14_6) AppleWebKit/537.36 (KHTML, like Gecko) Chrome/76.0.3809.132 Safari/537.36', '/a/sys/office/list', 'GET', 'id=&parentIds=', '');
INSERT INTO `sys_log` VALUES ('cc355458c1d6415393eaa771bf58a5ce', '1', '-', '1', '2019-09-09 02:24:21', '0:0:0:0:0:0:0:1', 'Mozilla/5.0 (Macintosh; Intel Mac OS X 10_14_6) AppleWebKit/537.36 (KHTML, like Gecko) Chrome/76.0.3809.132 Safari/537.36', '/a/demo/demoData/page', 'GET', '', '');
INSERT INTO `sys_log` VALUES ('cc3e9d65c4f44cdda34d226a6623fa33', '1', '---', '1', '2019-09-09 02:19:49', '0:0:0:0:0:0:0:1', 'Mozilla/5.0 (Macintosh; Intel Mac OS X 10_14_6) AppleWebKit/537.36 (KHTML, like Gecko) Chrome/76.0.3809.132 Safari/537.36', '/a/oa/leave/list', 'GET', '', '');
INSERT INTO `sys_log` VALUES ('cd35b46e3b0c44bcafa1392b183131c0', '1', '', '1', '2019-09-06 00:52:23', '0:0:0:0:0:0:0:1', 'Mozilla/5.0 (Macintosh; Intel Mac OS X 10_14_6) AppleWebKit/537.36 (KHTML, like Gecko) Chrome/76.0.3809.132 Safari/537.36', '/a', 'GET', 'login=', '');
INSERT INTO `sys_log` VALUES ('cd445b63c8f0442c8e08a28f3b4ce914', '1', '--', '1', '2019-09-09 21:28:59', '0:0:0:0:0:0:0:1', 'Mozilla/5.0 (Macintosh; Intel Mac OS X 10_14_6) AppleWebKit/537.36 (KHTML, like Gecko) Chrome/76.0.3809.132 Safari/537.36', '/a/sys/role/', 'GET', '', '');
INSERT INTO `sys_log` VALUES ('cd9bae4bb4504534a63bd787f526729a', '1', '--', '1', '2017-11-14 15:18:39', '220.160.68.3', 'Mozilla/5.0 (Windows NT 10.0; WOW64) AppleWebKit/537.36 (KHTML, like Gecko) Chrome/50.0.2661.102 Safari/537.36', '/jeesite/a/oa/oaNotify/self', 'GET', '', '');
INSERT INTO `sys_log` VALUES ('ce404217dec141b091ba79da5057ed26', '1', '---', '1', '2019-09-09 04:27:09', '0:0:0:0:0:0:0:1', 'Mozilla/5.0 (Macintosh; Intel Mac OS X 10_14_6) AppleWebKit/537.36 (KHTML, like Gecko) Chrome/76.0.3809.132 Safari/537.36', '/a/test/testDataMain/form', 'GET', '', '');
INSERT INTO `sys_log` VALUES ('ce98d444b7764776a47553eb5f1f2d7d', '1', '-', '1', '2019-09-09 03:11:24', '0:0:0:0:0:0:0:1', 'Mozilla/5.0 (Macintosh; Intel Mac OS X 10_14_6) AppleWebKit/537.36 (KHTML, like Gecko) Chrome/76.0.3809.132 Safari/537.36', '/a/demo/demoData/page', 'GET', '', '');
INSERT INTO `sys_log` VALUES ('cee2629463384fa08e9cf17da8160ff2', '1', '--', '1', '2017-11-14 15:14:23', '124.128.62.162', 'Mozilla/5.0 (Windows NT 10.0; WOW64) AppleWebKit/537.36 (KHTML, like Gecko) Chrome/55.0.2883.87 Safari/537.36', '/jeesite/a/act/process', 'GET', '', '');
INSERT INTO `sys_log` VALUES ('cefdb3dff1714ec28ea802f0e256465b', '1', '-', '1', '2019-09-06 02:47:58', '0:0:0:0:0:0:0:1', 'Mozilla/5.0 (Macintosh; Intel Mac OS X 10_14_6) AppleWebKit/537.36 (KHTML, like Gecko) Chrome/76.0.3809.132 Safari/537.36', '/a/demo/demoData/page', 'GET', '', '');
INSERT INTO `sys_log` VALUES ('cf2675d013c14184b3d25f1e35db2665', '1', '--', '1', '2019-09-09 03:19:26', '0:0:0:0:0:0:0:1', 'Mozilla/5.0 (Macintosh; Intel Mac OS X 10_14_6) AppleWebKit/537.36 (KHTML, like Gecko) Chrome/76.0.3809.132 Safari/537.36', '/a/gen/genScheme', 'GET', '', '');
INSERT INTO `sys_log` VALUES ('cfc6b811683a49419da9ed9b82959583', '1', '---', '1', '2019-09-09 21:16:43', '0:0:0:0:0:0:0:1', 'Mozilla/5.0 (Macintosh; Intel Mac OS X 10_14_6) AppleWebKit/537.36 (KHTML, like Gecko) Chrome/76.0.3809.132 Safari/537.36', '/a/sys/office/list', 'GET', 'id=&parentIds=', '');
INSERT INTO `sys_log` VALUES ('cfde21f4d6614115a6703bf27697ac29', '1', '-', '1', '2019-09-08 21:23:23', '0:0:0:0:0:0:0:1', 'Mozilla/5.0 (Macintosh; Intel Mac OS X 10_14_6) AppleWebKit/537.36 (KHTML, like Gecko) Chrome/76.0.3809.132 Safari/537.36', '/a/demo/demoData/page', 'GET', '', '');
INSERT INTO `sys_log` VALUES ('d04b9e850f004feeae7a2b2d8be39da3', '1', '--', '1', '2019-09-09 03:50:11', '0:0:0:0:0:0:0:1', 'Mozilla/5.0 (Macintosh; Intel Mac OS X 10_14_6) AppleWebKit/537.36 (KHTML, like Gecko) Chrome/76.0.3809.132 Safari/537.36', '/a/gen/genTable', 'GET', '', '');
INSERT INTO `sys_log` VALUES ('d0d7ad6daff74e2382f911ccca37f409', '1', '-', '1', '2019-09-06 00:52:26', '0:0:0:0:0:0:0:1', 'Mozilla/5.0 (Macintosh; Intel Mac OS X 10_14_6) AppleWebKit/537.36 (KHTML, like Gecko) Chrome/76.0.3809.132 Safari/537.36', '/a/demo/demoData/list', 'GET', '', '');
INSERT INTO `sys_log` VALUES ('d11b10f4183e4fdea0d9f6dcb2d6c09c', '1', '--', '1', '2019-09-09 02:54:57', '0:0:0:0:0:0:0:1', 'Mozilla/5.0 (Macintosh; Intel Mac OS X 10_14_6) AppleWebKit/537.36 (KHTML, like Gecko) Chrome/76.0.3809.132 Safari/537.36', '/a/gen/genTable', 'GET', '', '');
INSERT INTO `sys_log` VALUES ('d1a32a84edb646768fc9a67df4aeb056', '1', '--', '1', '2019-09-09 02:59:57', '0:0:0:0:0:0:0:1', 'Mozilla/5.0 (Macintosh; Intel Mac OS X 10_14_6) AppleWebKit/537.36 (KHTML, like Gecko) Chrome/76.0.3809.132 Safari/537.36', '/a/gen/genScheme', 'GET', '', '');
INSERT INTO `sys_log` VALUES ('d1beed71093c49f38e9dfce72cdb0e74', '1', '', '1', '2017-11-14 15:18:35', '220.160.68.3', 'Mozilla/5.0 (Windows NT 10.0; WOW64) AppleWebKit/537.36 (KHTML, like Gecko) Chrome/50.0.2661.102 Safari/537.36', '/jeesite/a', 'GET', 'login=', '');
INSERT INTO `sys_log` VALUES ('d1f9f001fe254e21bc90ad282efdb174', '1', '', '1', '2019-09-08 21:59:18', '0:0:0:0:0:0:0:1', 'Mozilla/5.0 (Macintosh; Intel Mac OS X 10_14_6) AppleWebKit/537.36 (KHTML, like Gecko) Chrome/76.0.3809.132 Safari/537.36', '/a', 'GET', 'login=', '');
INSERT INTO `sys_log` VALUES ('d38f3241d2cb4264b2bb2194bb584349', '1', '-', '1', '2019-09-08 21:57:26', '0:0:0:0:0:0:0:1', 'Mozilla/5.0 (Macintosh; Intel Mac OS X 10_14_6) AppleWebKit/537.36 (KHTML, like Gecko) Chrome/76.0.3809.132 Safari/537.36', '/a/demo/demoData/page', 'GET', '', '');
INSERT INTO `sys_log` VALUES ('d40e7d19d2444f68a0f5bd58ac0dbf4a', '1', '-', '1', '2019-09-08 20:01:18', '0:0:0:0:0:0:0:1', 'Mozilla/5.0 (Macintosh; Intel Mac OS X 10_14_6) AppleWebKit/537.36 (KHTML, like Gecko) Chrome/76.0.3809.132 Safari/537.36', '/a/demo/demoData/page', 'GET', '', '');
INSERT INTO `sys_log` VALUES ('d42f314246824304afa496fa2f649c02', '1', '-', '1', '2019-09-08 21:11:08', '0:0:0:0:0:0:0:1', 'Mozilla/5.0 (Macintosh; Intel Mac OS X 10_14_6) AppleWebKit/537.36 (KHTML, like Gecko) Chrome/76.0.3809.132 Safari/537.36', '/a/demo/demoData/page', 'GET', '', '');
INSERT INTO `sys_log` VALUES ('d46442b54c224af989fa83742415aafa', '1', '--', '1', '2017-11-14 15:14:35', '124.128.62.162', 'Mozilla/5.0 (Windows NT 10.0; WOW64) AppleWebKit/537.36 (KHTML, like Gecko) Chrome/55.0.2883.87 Safari/537.36', '/jeesite/a/gen/genTable', 'GET', '', '');
INSERT INTO `sys_log` VALUES ('d4b10ec6f9904bd88d39c21916b58b32', '1', '--', '1', '2019-09-09 03:43:43', '0:0:0:0:0:0:0:1', 'Mozilla/5.0 (Macintosh; Intel Mac OS X 10_14_6) AppleWebKit/537.36 (KHTML, like Gecko) Chrome/76.0.3809.132 Safari/537.36', '/a/gen/genTable', 'GET', '', '');
INSERT INTO `sys_log` VALUES ('d4c54a89c96c4243b77b332f15a58365', '1', '-', '1', '2019-09-09 01:59:24', '0:0:0:0:0:0:0:1', 'Mozilla/5.0 (Macintosh; Intel Mac OS X 10_14_6) AppleWebKit/537.36 (KHTML, like Gecko) Chrome/76.0.3809.132 Safari/537.36', '/a/demo/demoData/page', 'GET', '', '');
INSERT INTO `sys_log` VALUES ('d66868faf46c4e3e9b37fae28035a2c5', '1', '', '1', '2019-09-08 21:57:24', '0:0:0:0:0:0:0:1', 'Mozilla/5.0 (Macintosh; Intel Mac OS X 10_14_6) AppleWebKit/537.36 (KHTML, like Gecko) Chrome/76.0.3809.132 Safari/537.36', '/a', 'GET', 'login=', '');
INSERT INTO `sys_log` VALUES ('d7768f31b4884fd7bf76bf338f852764', '1', '--', '1', '2019-09-09 03:15:55', '0:0:0:0:0:0:0:1', 'Mozilla/5.0 (Macintosh; Intel Mac OS X 10_14_6) AppleWebKit/537.36 (KHTML, like Gecko) Chrome/76.0.3809.132 Safari/537.36', '/a/test/testTree', 'GET', '', '');
INSERT INTO `sys_log` VALUES ('d776b00dfb4b4489be4aa846e9df2ce1', '1', '--', '1', '2019-09-09 03:29:32', '0:0:0:0:0:0:0:1', 'Mozilla/5.0 (Macintosh; Intel Mac OS X 10_14_6) AppleWebKit/537.36 (KHTML, like Gecko) Chrome/76.0.3809.132 Safari/537.36', '/a/gen/genTable', 'GET', '', '');
INSERT INTO `sys_log` VALUES ('d794f1ac27c047b48862fd6d958c8bab', '1', '', '1', '2019-09-08 21:58:48', '0:0:0:0:0:0:0:1', 'Mozilla/5.0 (Macintosh; Intel Mac OS X 10_14_6) AppleWebKit/537.36 (KHTML, like Gecko) Chrome/76.0.3809.132 Safari/537.36', '/a', 'GET', 'login=', '');
INSERT INTO `sys_log` VALUES ('d7ba8debfc4e4178bc7f3a18ece2a206', '1', '---', '1', '2017-11-14 15:14:35', '119.97.201.18', 'Mozilla/5.0 (Windows NT 10.0; WOW64) AppleWebKit/537.36 (KHTML, like Gecko) Chrome/62.0.3202.62 Safari/537.36', '/jeesite/a/cms/article/', 'GET', 'category.id=5', '');
INSERT INTO `sys_log` VALUES ('d86923407fec4e10a2c79ba72e29d1c7', '1', '-', '1', '2019-09-08 20:55:36', '0:0:0:0:0:0:0:1', 'Mozilla/5.0 (Macintosh; Intel Mac OS X 10_14_6) AppleWebKit/537.36 (KHTML, like Gecko) Chrome/76.0.3809.132 Safari/537.36', '/a/demo/demoData/page', 'GET', '', '');
INSERT INTO `sys_log` VALUES ('d86974e75d234664b4abdb4fa1171eb7', '1', '--', '1', '2019-09-09 21:16:17', '0:0:0:0:0:0:0:1', 'Mozilla/5.0 (Macintosh; Intel Mac OS X 10_14_6) AppleWebKit/537.36 (KHTML, like Gecko) Chrome/76.0.3809.132 Safari/537.36', '/a/sys/office/', 'GET', '', '');
INSERT INTO `sys_log` VALUES ('d8c7290019a64df4b625f579260b7589', '1', '', '1', '2019-09-08 21:14:00', '0:0:0:0:0:0:0:1', 'Mozilla/5.0 (Macintosh; Intel Mac OS X 10_14_6) AppleWebKit/537.36 (KHTML, like Gecko) Chrome/76.0.3809.132 Safari/537.36', '/a', 'GET', 'login=', '');
INSERT INTO `sys_log` VALUES ('d9357b8ea4cf4b7b8e8991ec49d7b7fa', '1', '--', '1', '2019-09-06 00:50:59', '0:0:0:0:0:0:0:1', 'Mozilla/5.0 (Macintosh; Intel Mac OS X 10_14_6) AppleWebKit/537.36 (KHTML, like Gecko) Chrome/76.0.3809.132 Safari/537.36', '/a/sys/menu/', 'GET', '', '');
INSERT INTO `sys_log` VALUES ('d9cd43a891574c7cab3fb38f31277dfa', '1', '--', '1', '2017-11-14 15:15:00', '124.128.62.162', 'Mozilla/5.0 (Windows NT 10.0; WOW64) AppleWebKit/537.36 (KHTML, like Gecko) Chrome/55.0.2883.87 Safari/537.36', '/jeesite/a/act/task/todo/', 'GET', 'tabPageId=jerichotabiframe_7', '');
INSERT INTO `sys_log` VALUES ('da5ef39e1703433a8b6d7b8786084f2f', '1', '--', '1', '2019-09-09 21:08:12', '0:0:0:0:0:0:0:1', 'Mozilla/5.0 (Macintosh; Intel Mac OS X 10_14_6) AppleWebKit/537.36 (KHTML, like Gecko) Chrome/76.0.3809.132 Safari/537.36', '/a/sys/area/', 'GET', '', '');
INSERT INTO `sys_log` VALUES ('da6b7a420dca438c9f7c2f7738c0eff5', '1', '---', '1', '2019-09-06 00:53:12', '0:0:0:0:0:0:0:1', 'Mozilla/5.0 (Macintosh; Intel Mac OS X 10_14_6) AppleWebKit/537.36 (KHTML, like Gecko) Chrome/76.0.3809.132 Safari/537.36', '/a/sys/menu/save', 'POST', 'id=&parent.id=a91e496aa0ab42239c11617d7095034a&parent.name=&name=&href=demo/demoData/page&target=&icon=&sort=60&isShow=1&permission=&remarks=', '');
INSERT INTO `sys_log` VALUES ('dad187ed1b04404bac819ea025b17a57', '1', '--', '1', '2019-09-06 00:47:48', '0:0:0:0:0:0:0:1', 'Mozilla/5.0 (Macintosh; Intel Mac OS X 10_14_6) AppleWebKit/537.36 (KHTML, like Gecko) Chrome/76.0.3809.132 Safari/537.36', '/a/sys/menu/', 'GET', '', '');
INSERT INTO `sys_log` VALUES ('dae09f1267534ffb847dee8e672903bc', '1', '-', '1', '2019-09-08 21:22:31', '0:0:0:0:0:0:0:1', 'Mozilla/5.0 (Macintosh; Intel Mac OS X 10_14_6) AppleWebKit/537.36 (KHTML, like Gecko) Chrome/76.0.3809.132 Safari/537.36', '/a/demo/demoData/page', 'GET', '', '');
INSERT INTO `sys_log` VALUES ('db5ed0fe1140429c8bde96c30ec2a16e', '1', '', '1', '2019-09-10 11:10:53', '0:0:0:0:0:0:0:1', 'Mozilla/5.0 (Macintosh; Intel Mac OS X 10_14_6) AppleWebKit/537.36 (KHTML, like Gecko) Chrome/76.0.3809.132 Safari/537.36', '/a', 'GET', 'login=', '');
INSERT INTO `sys_log` VALUES ('db6a0661f2064757b1bff358f96892bd', '1', '---', '1', '2019-09-09 21:32:58', '0:0:0:0:0:0:0:1', 'Mozilla/5.0 (Macintosh; Intel Mac OS X 10_14_6) AppleWebKit/537.36 (KHTML, like Gecko) Chrome/76.0.3809.132 Safari/537.36', '/a/sys/user/list', 'GET', '', '');
INSERT INTO `sys_log` VALUES ('db6bffc11e594073b8af2de073898e3c', '1', '', '1', '2017-11-14 15:16:25', '182.110.0.154', 'Mozilla/5.0 (Windows NT 6.1; WOW64) AppleWebKit/537.36 (KHTML, like Gecko) Chrome/57.0.2987.98 Safari/537.36 LBBROWSER', '/jeesite/a', 'GET', 'login=', '');
INSERT INTO `sys_log` VALUES ('db907d8efb3441cf8f7dc96837663b1f', '1', '---', '1', '2017-11-14 15:17:02', '182.110.0.154', 'Mozilla/5.0 (Windows NT 6.1; WOW64) AppleWebKit/537.36 (KHTML, like Gecko) Chrome/57.0.2987.98 Safari/537.36 LBBROWSER', '/jeesite/a/test/testData/form', 'GET', '', '');
INSERT INTO `sys_log` VALUES ('db980299ffa441729c9ef5db9421ba42', '1', '-', '1', '2019-09-06 01:15:42', '0:0:0:0:0:0:0:1', 'Mozilla/5.0 (Macintosh; Intel Mac OS X 10_14_6) AppleWebKit/537.36 (KHTML, like Gecko) Chrome/76.0.3809.132 Safari/537.36', '/a/demo/demoData/list', 'GET', '', '');
INSERT INTO `sys_log` VALUES ('dcc3273c5d274be1828e3c03f4a15af8', '1', '--', '1', '2019-09-09 21:32:57', '0:0:0:0:0:0:0:1', 'Mozilla/5.0 (Macintosh; Intel Mac OS X 10_14_6) AppleWebKit/537.36 (KHTML, like Gecko) Chrome/76.0.3809.132 Safari/537.36', '/a/sys/area/', 'GET', '', '');
INSERT INTO `sys_log` VALUES ('dd37ecaca8734ac3937bcc634b544c10', '1', '---', '1', '2019-09-10 14:46:50', '0:0:0:0:0:0:0:1', 'Mozilla/5.0 (Macintosh; Intel Mac OS X 10_14_6) AppleWebKit/537.36 (KHTML, like Gecko) Chrome/76.0.3809.132 Safari/537.36', '/a/sys/user/checkLoginName', 'GET', 'oldLoginName=sd_admin&loginName=sd_admin', '');
INSERT INTO `sys_log` VALUES ('dd3d64ad220e49ac89057a279e002d7c', '1', '--', '1', '2019-09-09 04:10:26', '0:0:0:0:0:0:0:1', 'Mozilla/5.0 (Macintosh; Intel Mac OS X 10_14_6) AppleWebKit/537.36 (KHTML, like Gecko) Chrome/76.0.3809.132 Safari/537.36', '/a/sys/log', 'GET', '', '');
INSERT INTO `sys_log` VALUES ('dd5a9c17195b44b298e92901e827c332', '1', '-', '1', '2019-09-08 20:09:13', '0:0:0:0:0:0:0:1', 'Mozilla/5.0 (Macintosh; Intel Mac OS X 10_14_6) AppleWebKit/537.36 (KHTML, like Gecko) Chrome/76.0.3809.132 Safari/537.36', '/a/demo/demoData/page', 'GET', '', '');
INSERT INTO `sys_log` VALUES ('ddf0a7df5ae04260aefe7739a13e6f22', '1', '---', '1', '2019-09-06 00:51:57', '0:0:0:0:0:0:0:1', 'Mozilla/5.0 (Macintosh; Intel Mac OS X 10_14_6) AppleWebKit/537.36 (KHTML, like Gecko) Chrome/76.0.3809.132 Safari/537.36', '/a/sys/role/assign', 'GET', 'id=1', '');
INSERT INTO `sys_log` VALUES ('dea3922c12c44aaca437d87630563668', '1', '----', '1', '2017-11-14 15:15:31', '119.97.201.18', 'Mozilla/5.0 (Windows NT 10.0; WOW64) AppleWebKit/537.36 (KHTML, like Gecko) Chrome/62.0.3202.62 Safari/537.36', '/jeesite/a/cms/article/findByIds', 'GET', 'ids=1,2,3', '');
INSERT INTO `sys_log` VALUES ('df128409b33047b6a6c6c683fd4cdfff', '1', '--', '1', '2019-09-09 21:33:38', '0:0:0:0:0:0:0:1', 'Mozilla/5.0 (Macintosh; Intel Mac OS X 10_14_6) AppleWebKit/537.36 (KHTML, like Gecko) Chrome/76.0.3809.132 Safari/537.36', '/a/sys/office/', 'GET', '', '');
INSERT INTO `sys_log` VALUES ('df6263ac365f495e8a161cc6384b1711', '1', '--', '1', '2019-09-09 02:19:43', '0:0:0:0:0:0:0:1', 'Mozilla/5.0 (Macintosh; Intel Mac OS X 10_14_6) AppleWebKit/537.36 (KHTML, like Gecko) Chrome/76.0.3809.132 Safari/537.36', '/a/act/task/todo/', 'GET', '', '');
INSERT INTO `sys_log` VALUES ('df846f7497a04e798abebd830c4a1078', '1', '--', '1', '2019-09-06 00:49:58', '0:0:0:0:0:0:0:1', 'Mozilla/5.0 (Macintosh; Intel Mac OS X 10_14_6) AppleWebKit/537.36 (KHTML, like Gecko) Chrome/76.0.3809.132 Safari/537.36', '/a/sys/menu/', 'GET', '', '');
INSERT INTO `sys_log` VALUES ('dfa01ce68c5a46dba0c1fc025fa4e38b', '2', '--', '1', '2019-09-09 03:22:29', '0:0:0:0:0:0:0:1', 'Mozilla/5.0 (Macintosh; Intel Mac OS X 10_14_6) AppleWebKit/537.36 (KHTML, like Gecko) Chrome/76.0.3809.132 Safari/537.36', '/a/gen/genTable', 'GET', '', 'org.apache.jasper.JasperException: /WEB-INF/views/modules/gen/genTableList.jsp (line: 59, column: 92) The JSP specification requires that an attribute name is preceded by whitespace\n	at org.apache.jasper.compiler.DefaultErrorHandler.jspError(DefaultErrorHandler.java:41)\n	at org.apache.jasper.compiler.ErrorDispatcher.dispatch(ErrorDispatcher.java:275)\n	at org.apache.jasper.compiler.ErrorDispatcher.jspError(ErrorDispatcher.java:91)\n	at org.apache.jasper.compiler.Parser.parseAttributes(Parser.java:165)\n	at org.apache.jasper.compiler.Parser.parseAttributes(Parser.java:154)\n	at org.apache.jasper.compiler.Parser.parseCustomTag(Parser.java:1241)\n	at org.apache.jasper.compiler.Parser.parseElements(Parser.java:1460)\n	at org.apache.jasper.compiler.Parser.parseBody(Parser.java:1673)\n	at org.apache.jasper.compiler.Parser.parseOptionalBody(Parser.java:1006)\n	at org.apache.jasper.compiler.Parser.parseCustomTag(Parser.java:1281)\n	at org.apache.jasper.compiler.Parser.parseElements(Parser.java:1460)\n	at org.apache.jasper.compiler.Parser.parse(Parser.java:139)\n	at org.apache.jasper.compiler.ParserController.doParse(ParserController.java:227)\n	at org.apache.jasper.compiler.ParserController.parse(ParserController.java:100)\n	at org.apache.jasper.compiler.Compiler.generateJava(Compiler.java:199)\n	at org.apache.jasper.compiler.Compiler.compile(Compiler.java:356)\n	at org.apache.jasper.compiler.Compiler.compile(Compiler.java:336)\n	at org.apache.jasper.compiler.Compiler.compile(Compiler.java:323)\n	at org.apache.jasper.JspCompilationContext.compile(JspCompilationContext.java:585)\n	at org.apache.jasper.servlet.JspServletWrapper.service(JspServletWrapper.java:363)\n	at org.apache.jasper.servlet.JspServlet.serviceJspFile(JspServlet.java:396)\n	at org.apache.jasper.servlet.JspServlet.service(JspServlet.java:340)\n	at javax.servlet.http.HttpServlet.service(HttpServlet.java:729)\n	at org.apache.catalina.core.ApplicationFilterChain.internalDoFilter(ApplicationFilterChain.java:292)\n	at org.apache.catalina.core.ApplicationFilterChain.doFilter(ApplicationFilterChain.java:207)\n	at org.apache.tomcat.websocket.server.WsFilter.doFilter(WsFilter.java:52)\n	at org.apache.catalina.core.ApplicationFilterChain.internalDoFilter(ApplicationFilterChain.java:240)\n	at org.apache.catalina.core.ApplicationFilterChain.doFilter(ApplicationFilterChain.java:207)\n	at org.apache.catalina.core.ApplicationDispatcher.invoke(ApplicationDispatcher.java:720)\n	at org.apache.catalina.core.ApplicationDispatcher.processRequest(ApplicationDispatcher.java:466)\n	at org.apache.catalina.core.ApplicationDispatcher.doForward(ApplicationDispatcher.java:391)\n	at org.apache.catalina.core.ApplicationDispatcher.forward(ApplicationDispatcher.java:318)\n	at org.springframework.web.servlet.view.InternalResourceView.renderMergedOutputModel(InternalResourceView.java:168)\n	at org.springframework.web.servlet.view.AbstractView.render(AbstractView.java:303)\n	at org.springframework.web.servlet.DispatcherServlet.render(DispatcherServlet.java:1243)\n	at org.springframework.web.servlet.DispatcherServlet.processDispatchResult(DispatcherServlet.java:1027)\n	at org.springframework.web.servlet.DispatcherServlet.doDispatch(DispatcherServlet.java:971)\n	at org.springframework.web.servlet.DispatcherServlet.doService(DispatcherServlet.java:893)\n	at org.springframework.web.servlet.FrameworkServlet.processRequest(FrameworkServlet.java:965)\n	at org.springframework.web.servlet.FrameworkServlet.doGet(FrameworkServlet.java:856)\n	at javax.servlet.http.HttpServlet.service(HttpServlet.java:622)\n	at org.springframework.web.servlet.FrameworkServlet.service(FrameworkServlet.java:841)\n	at javax.servlet.http.HttpServlet.service(HttpServlet.java:729)\n	at org.apache.catalina.core.ApplicationFilterChain.internalDoFilter(ApplicationFilterChain.java:292)\n	at org.apache.catalina.core.ApplicationFilterChain.doFilter(ApplicationFilterChain.java:207)\n	at org.apache.tomcat.websocket.server.WsFilter.doFilter(WsFilter.java:52)\n	at org.apache.catalina.core.ApplicationFilterChain.internalDoFilter(ApplicationFilterChain.java:240)\n	at org.apache.catalina.core.ApplicationFilterChain.doFilter(ApplicationFilterChain.java:207)\n	at com.opensymphony.sitemesh.webapp.SiteMeshFilter.obtainContent(SiteMeshFilter.java:129)\n	at com.opensymphony.sitemesh.webapp.SiteMeshFilter.doFilter(SiteMeshFilter.java:77)\n	at org.apache.catalina.core.ApplicationFilterChain.internalDoFilter(ApplicationFilterChain.java:240)\n	at org.apache.catalina.core.ApplicationFilterChain.doFilter(ApplicationFilterChain.java:207)\n	at org.apache.shiro.web.servlet.ProxiedFilterChain.doFilter(ProxiedFilterChain.java:61)\n	at org.apache.shiro.web.servlet.AdviceFilter.executeChain(AdviceFilter.java:108)\n	at org.apache.shiro.web.servlet.AdviceFilter.doFilterInternal(AdviceFilter.java:137)\n	at org.apache.shiro.web.servlet.OncePerRequestFilter.doFilter(OncePerRequestFilter.java:125)\n	at org.apache.shiro.web.servlet.ProxiedFilterChain.doFilter(ProxiedFilterChain.java:66)\n	at org.apache.shiro.web.servlet.AbstractShiroFilter.executeChain(AbstractShiroFilter.java:449)\n	at org.apache.shiro.web.servlet.AbstractShiroFilter$1.call(AbstractShiroFilter.java:365)\n	at org.apache.shiro.subject.support.SubjectCallable.doCall(SubjectCallable.java:90)\n	at org.apache.shiro.subject.support.SubjectCallable.call(SubjectCallable.java:83)\n	at org.apache.shiro.subject.support.DelegatingSubject.execute(DelegatingSubject.java:383)\n	at org.apache.shiro.web.servlet.AbstractShiroFilter.doFilterInternal(AbstractShiroFilter.java:362)\n	at org.apache.shiro.web.servlet.OncePerRequestFilter.doFilter(OncePerRequestFilter.java:125)\n	at org.springframework.web.filter.DelegatingFilterProxy.invokeDelegate(DelegatingFilterProxy.java:344)\n	at org.springframework.web.filter.DelegatingFilterProxy.doFilter(DelegatingFilterProxy.java:261)\n	at org.apache.catalina.core.ApplicationFilterChain.internalDoFilter(ApplicationFilterChain.java:240)\n	at org.apache.catalina.core.ApplicationFilterChain.doFilter(ApplicationFilterChain.java:207)\n	at org.springframework.web.filter.CharacterEncodingFilter.doFilterInternal(CharacterEncodingFilter.java:85)\n	at org.springframework.web.filter.OncePerRequestFilter.doFilter(OncePerRequestFilter.java:107)\n	at org.apache.catalina.core.ApplicationFilterChain.internalDoFilter(ApplicationFilterChain.java:240)\n	at org.apache.catalina.core.ApplicationFilterChain.doFilter(ApplicationFilterChain.java:207)\n	at org.apache.catalina.core.StandardWrapperValve.invoke(StandardWrapperValve.java:212)\n	at org.apache.catalina.core.StandardContextValve.invoke(StandardContextValve.java:106)\n	at org.apache.catalina.authenticator.AuthenticatorBase.invoke(AuthenticatorBase.java:502)\n	at org.apache.catalina.core.StandardHostValve.invoke(StandardHostValve.java:141)\n	at org.apache.catalina.valves.ErrorReportValve.invoke(ErrorReportValve.java:79)\n	at org.apache.catalina.valves.AbstractAccessLogValve.invoke(AbstractAccessLogValve.java:616)\n	at org.apache.catalina.core.StandardEngineValve.invoke(StandardEngineValve.java:88)\n	at org.apache.catalina.connector.CoyoteAdapter.service(CoyoteAdapter.java:528)\n	at org.apache.coyote.http11.AbstractHttp11Processor.process(AbstractHttp11Processor.java:1100)\n	at org.apache.coyote.AbstractProtocol$AbstractConnectionHandler.process(AbstractProtocol.java:687)\n	at org.apache.tomcat.util.net.NioEndpoint$SocketProcessor.doRun(NioEndpoint.java:1520)\n	at org.apache.tomcat.util.net.NioEndpoint$SocketProcessor.run(NioEndpoint.java:1476)\n	at java.util.concurrent.ThreadPoolExecutor.runWorker(ThreadPoolExecutor.java:1142)\n	at java.util.concurrent.ThreadPoolExecutor$Worker.run(ThreadPoolExecutor.java:617)\n	at org.apache.tomcat.util.threads.TaskThread$WrappingRunnable.run(TaskThread.java:61)\n	at java.lang.Thread.run(Thread.java:745)\n');
INSERT INTO `sys_log` VALUES ('dfc114e583934b54bb2220c1436a5fd4', '1', '----', '1', '2017-11-14 15:15:55', '119.97.201.18', 'Mozilla/5.0 (Windows NT 10.0; WOW64) AppleWebKit/537.36 (KHTML, like Gecko) Chrome/62.0.3202.62 Safari/537.36', '/jeesite/a/cms/article/findByIds', 'GET', 'ids=1,2,3', '');
INSERT INTO `sys_log` VALUES ('e02d5ac9f49841e185cde1fc62ac7aad', '1', '-', '1', '2019-09-09 02:19:55', '0:0:0:0:0:0:0:1', 'Mozilla/5.0 (Macintosh; Intel Mac OS X 10_14_6) AppleWebKit/537.36 (KHTML, like Gecko) Chrome/76.0.3809.132 Safari/537.36', '/a/demo/demoData/list', 'GET', '', '');
INSERT INTO `sys_log` VALUES ('e0b4d86ecba641f4a5b70d9189db8a12', '1', '--', '1', '2019-09-06 00:52:47', '0:0:0:0:0:0:0:1', 'Mozilla/5.0 (Macintosh; Intel Mac OS X 10_14_6) AppleWebKit/537.36 (KHTML, like Gecko) Chrome/76.0.3809.132 Safari/537.36', '/a/sys/menu/', 'GET', '', '');
INSERT INTO `sys_log` VALUES ('e0d5af84d8594acebada42a037ce70e1', '1', '-', '1', '2019-09-08 22:13:49', '0:0:0:0:0:0:0:1', 'Mozilla/5.0 (Macintosh; Intel Mac OS X 10_14_6) AppleWebKit/537.36 (KHTML, like Gecko) Chrome/76.0.3809.132 Safari/537.36', '/a/demo/demoData/page', 'GET', '', '');
INSERT INTO `sys_log` VALUES ('e0efffa2e1524164a3a872cfc503b93d', '1', '', '1', '2019-09-09 00:16:23', '0:0:0:0:0:0:0:1', 'Mozilla/5.0 (Macintosh; Intel Mac OS X 10_14_6) AppleWebKit/537.36 (KHTML, like Gecko) Chrome/76.0.3809.132 Safari/537.36', '/a', 'GET', 'login=', '');
INSERT INTO `sys_log` VALUES ('e16f13d72c454b6b9c91c389c82fa796', '1', '---', '1', '2019-09-09 04:27:16', '0:0:0:0:0:0:0:1', 'Mozilla/5.0 (Macintosh; Intel Mac OS X 10_14_6) AppleWebKit/537.36 (KHTML, like Gecko) Chrome/76.0.3809.132 Safari/537.36', '/a/sys/user/list', 'GET', '', '');
INSERT INTO `sys_log` VALUES ('e1cdb3670bac479cb21a65f4b6c6fb9f', '1', '', '1', '2019-09-10 11:24:03', '0:0:0:0:0:0:0:1', 'Mozilla/5.0 (Macintosh; Intel Mac OS X 10_14_6) AppleWebKit/537.36 (KHTML, like Gecko) Chrome/76.0.3809.132 Safari/537.36', '/a', 'GET', 'login=', '');
INSERT INTO `sys_log` VALUES ('e1d2a6a6c0d243a697cecbca2636a26a', '1', '--', '1', '2019-09-09 02:51:05', '0:0:0:0:0:0:0:1', 'Mozilla/5.0 (Macintosh; Intel Mac OS X 10_14_6) AppleWebKit/537.36 (KHTML, like Gecko) Chrome/76.0.3809.132 Safari/537.36', '/a/gen/genScheme', 'GET', '', '');
INSERT INTO `sys_log` VALUES ('e24372956583422e8b18bed6f61b3061', '1', '--', '1', '2019-09-09 03:15:57', '0:0:0:0:0:0:0:1', 'Mozilla/5.0 (Macintosh; Intel Mac OS X 10_14_6) AppleWebKit/537.36 (KHTML, like Gecko) Chrome/76.0.3809.132 Safari/537.36', '/a/gen/genTable', 'GET', '', '');
INSERT INTO `sys_log` VALUES ('e2f37c350e034f15920ecedaa58efbaa', '1', '--', '1', '2019-09-09 03:16:52', '0:0:0:0:0:0:0:1', 'Mozilla/5.0 (Macintosh; Intel Mac OS X 10_14_6) AppleWebKit/537.36 (KHTML, like Gecko) Chrome/76.0.3809.132 Safari/537.36', '/a/gen/genTable', 'GET', '', '');
INSERT INTO `sys_log` VALUES ('e320bb9dc51a4fdfaa03e223cd339f6d', '1', '', '1', '2019-09-09 21:02:26', '0:0:0:0:0:0:0:1', 'Mozilla/5.0 (Macintosh; Intel Mac OS X 10_14_6) AppleWebKit/537.36 (KHTML, like Gecko) Chrome/76.0.3809.132 Safari/537.36', '/a', 'GET', 'login=', '');
INSERT INTO `sys_log` VALUES ('e3326eda10e44b769bb13ed154d88327', '1', '---', '1', '2019-09-06 00:47:35', '0:0:0:0:0:0:0:1', 'Mozilla/5.0 (Macintosh; Intel Mac OS X 10_14_6) AppleWebKit/537.36 (KHTML, like Gecko) Chrome/76.0.3809.132 Safari/537.36', '/a/sys/menu/form', 'GET', 'id=27', '');
INSERT INTO `sys_log` VALUES ('e39fcdc2b781461b8760a4dcbac8f8bd', '1', '--', '1', '2019-09-09 20:42:24', '0:0:0:0:0:0:0:1', 'Mozilla/5.0 (Macintosh; Intel Mac OS X 10_14_6) AppleWebKit/537.36 (KHTML, like Gecko) Chrome/76.0.3809.132 Safari/537.36', '/a/sys/area/', 'GET', '', '');
INSERT INTO `sys_log` VALUES ('e3fcffa4e32249e99bd812a2eecc7236', '1', '--', '1', '2017-11-14 15:14:20', '124.128.62.162', 'Mozilla/5.0 (Windows NT 10.0; WOW64) AppleWebKit/537.36 (KHTML, like Gecko) Chrome/55.0.2883.87 Safari/537.36', '/jeesite/a/sys/user/index', 'GET', '', '');
INSERT INTO `sys_log` VALUES ('e4680513c8b74cec9ed8b190a39d3c8c', '1', '--', '1', '2019-09-09 21:06:13', '0:0:0:0:0:0:0:1', 'Mozilla/5.0 (Macintosh; Intel Mac OS X 10_14_6) AppleWebKit/537.36 (KHTML, like Gecko) Chrome/76.0.3809.132 Safari/537.36', '/a/sys/area/', 'GET', '', '');
INSERT INTO `sys_log` VALUES ('e4b72b4378734955b8ca277910d9c4ba', '1', '--', '1', '2019-09-09 03:15:53', '0:0:0:0:0:0:0:1', 'Mozilla/5.0 (Macintosh; Intel Mac OS X 10_14_6) AppleWebKit/537.36 (KHTML, like Gecko) Chrome/76.0.3809.132 Safari/537.36', '/a/test/testDataMain', 'GET', '', '');
INSERT INTO `sys_log` VALUES ('e4cd15bc4e36415c9f7ed7c28e073a98', '1', '', '1', '2019-09-08 20:41:23', '0:0:0:0:0:0:0:1', 'Mozilla/5.0 (Macintosh; Intel Mac OS X 10_14_6) AppleWebKit/537.36 (KHTML, like Gecko) Chrome/76.0.3809.132 Safari/537.36', '/a', 'GET', 'login=', '');
INSERT INTO `sys_log` VALUES ('e4e46c6b17904bcdac1826533c670085', '1', '---', '1', '2017-11-14 15:14:46', '119.97.201.18', 'Mozilla/5.0 (Windows NT 10.0; WOW64) AppleWebKit/537.36 (KHTML, like Gecko) Chrome/62.0.3202.62 Safari/537.36', '/jeesite/a/cms/article/', 'GET', 'category.id=4', '');
INSERT INTO `sys_log` VALUES ('e4ec7faa65d74cebba397d6382098185', '1', '---', '1', '2019-09-09 21:32:54', '0:0:0:0:0:0:0:1', 'Mozilla/5.0 (Macintosh; Intel Mac OS X 10_14_6) AppleWebKit/537.36 (KHTML, like Gecko) Chrome/76.0.3809.132 Safari/537.36', '/a/sys/user/list', 'GET', '', '');
INSERT INTO `sys_log` VALUES ('e4f30a328d71405cbb09b7a6cc9750e2', '1', '---', '1', '2019-09-06 00:49:47', '0:0:0:0:0:0:0:1', 'Mozilla/5.0 (Macintosh; Intel Mac OS X 10_14_6) AppleWebKit/537.36 (KHTML, like Gecko) Chrome/76.0.3809.132 Safari/537.36', '/a/sys/menu/form', 'GET', 'id=79', '');
INSERT INTO `sys_log` VALUES ('e58b61a0d2bb45169b5d51d8bb3675d4', '1', '-', '1', '2019-09-08 19:47:18', '0:0:0:0:0:0:0:1', 'Mozilla/5.0 (Macintosh; Intel Mac OS X 10_14_6) AppleWebKit/537.36 (KHTML, like Gecko) Chrome/76.0.3809.132 Safari/537.36', '/a/demo/demoData/page', 'GET', '', '');
INSERT INTO `sys_log` VALUES ('e59dd6bfe0d7483b85378f9d8946daf5', '1', '--', '1', '2019-09-09 03:15:36', '0:0:0:0:0:0:0:1', 'Mozilla/5.0 (Macintosh; Intel Mac OS X 10_14_6) AppleWebKit/537.36 (KHTML, like Gecko) Chrome/76.0.3809.132 Safari/537.36', '/a/gen/genScheme', 'GET', '', '');
INSERT INTO `sys_log` VALUES ('e5d9f5b4c9c04343a68fe77469e4fb0e', '1', '--', '1', '2019-09-09 21:07:26', '0:0:0:0:0:0:0:1', 'Mozilla/5.0 (Macintosh; Intel Mac OS X 10_14_6) AppleWebKit/537.36 (KHTML, like Gecko) Chrome/76.0.3809.132 Safari/537.36', '/a/sys/area/', 'GET', '', '');
INSERT INTO `sys_log` VALUES ('e65034a1ea9b441babba449453284a3f', '1', '--', '1', '2019-09-09 21:04:25', '0:0:0:0:0:0:0:1', 'Mozilla/5.0 (Macintosh; Intel Mac OS X 10_14_6) AppleWebKit/537.36 (KHTML, like Gecko) Chrome/76.0.3809.132 Safari/537.36', '/a/sys/area/', 'GET', '', '');
INSERT INTO `sys_log` VALUES ('e66bea5c18d8418dafd29e27bafccb9c', '1', '--', '1', '2019-09-09 02:47:33', '0:0:0:0:0:0:0:1', 'Mozilla/5.0 (Macintosh; Intel Mac OS X 10_14_6) AppleWebKit/537.36 (KHTML, like Gecko) Chrome/76.0.3809.132 Safari/537.36', '/a/gen/genTable', 'GET', '', '');
INSERT INTO `sys_log` VALUES ('e69fb5952bb84471b00407230da5ce80', '1', '--', '1', '2019-09-09 21:32:56', '0:0:0:0:0:0:0:1', 'Mozilla/5.0 (Macintosh; Intel Mac OS X 10_14_6) AppleWebKit/537.36 (KHTML, like Gecko) Chrome/76.0.3809.132 Safari/537.36', '/a/sys/office/', 'GET', '', '');
INSERT INTO `sys_log` VALUES ('e778c415528544119c236f6aa2805e03', '1', '-', '1', '2019-09-06 00:56:26', '0:0:0:0:0:0:0:1', 'Mozilla/5.0 (Macintosh; Intel Mac OS X 10_14_6) AppleWebKit/537.36 (KHTML, like Gecko) Chrome/76.0.3809.132 Safari/537.36', '/a/demo/demoData/list', 'GET', '', '');
INSERT INTO `sys_log` VALUES ('e7c1201977b74c79ae54dea67c37122d', '1', '--', '1', '2019-09-09 02:47:34', '0:0:0:0:0:0:0:1', 'Mozilla/5.0 (Macintosh; Intel Mac OS X 10_14_6) AppleWebKit/537.36 (KHTML, like Gecko) Chrome/76.0.3809.132 Safari/537.36', '/a/gen/genScheme', 'GET', '', '');
INSERT INTO `sys_log` VALUES ('e7d846de276c4d7fb8ed8254be818b81', '1', '--', '1', '2019-09-09 02:19:45', '0:0:0:0:0:0:0:1', 'Mozilla/5.0 (Macintosh; Intel Mac OS X 10_14_6) AppleWebKit/537.36 (KHTML, like Gecko) Chrome/76.0.3809.132 Safari/537.36', '/a/oa/leave', 'GET', '', '');
INSERT INTO `sys_log` VALUES ('e8bc765418cf4e98a56b017fc3721ade', '1', '-', '1', '2019-09-06 02:30:36', '0:0:0:0:0:0:0:1', 'Mozilla/5.0 (Macintosh; Intel Mac OS X 10_14_6) AppleWebKit/537.36 (KHTML, like Gecko) Chrome/76.0.3809.132 Safari/537.36', '/a/demo/demoData/page', 'GET', '', '');
INSERT INTO `sys_log` VALUES ('e8f19100ae5c489087279208866898f6', '1', '-', '1', '2019-09-09 00:57:04', '0:0:0:0:0:0:0:1', 'Mozilla/5.0 (Macintosh; Intel Mac OS X 10_14_6) AppleWebKit/537.36 (KHTML, like Gecko) Chrome/76.0.3809.132 Safari/537.36', '/a/demo/demoData/page', 'GET', '', '');
INSERT INTO `sys_log` VALUES ('e9f48def1b9c4a60ba7806e5507594a8', '1', '--', '1', '2019-09-06 00:54:07', '0:0:0:0:0:0:0:1', 'Mozilla/5.0 (Macintosh; Intel Mac OS X 10_14_6) AppleWebKit/537.36 (KHTML, like Gecko) Chrome/76.0.3809.132 Safari/537.36', '/a/sys/menu/', 'GET', '', '');
INSERT INTO `sys_log` VALUES ('ea15634459404dd8b7c7a7a3a553e6c7', '1', '-', '1', '2019-09-06 04:01:03', '0:0:0:0:0:0:0:1', 'Mozilla/5.0 (Macintosh; Intel Mac OS X 10_14_6) AppleWebKit/537.36 (KHTML, like Gecko) Chrome/76.0.3809.132 Safari/537.36', '/a/demo/demoData/page', 'GET', '', '');
INSERT INTO `sys_log` VALUES ('ea7cd6a94bfb4fce84372505eecf674a', '1', '--', '1', '2019-09-09 20:27:51', '0:0:0:0:0:0:0:1', 'Mozilla/5.0 (Macintosh; Intel Mac OS X 10_14_6) AppleWebKit/537.36 (KHTML, like Gecko) Chrome/76.0.3809.132 Safari/537.36', '/a/sys/office/', 'GET', '', '');
INSERT INTO `sys_log` VALUES ('eab80460864a4f7f98a141f15718e2c5', '1', '---', '1', '2019-09-06 00:52:53', '0:0:0:0:0:0:0:1', 'Mozilla/5.0 (Macintosh; Intel Mac OS X 10_14_6) AppleWebKit/537.36 (KHTML, like Gecko) Chrome/76.0.3809.132 Safari/537.36', '/a/sys/menu/form', 'GET', 'parent.id=a91e496aa0ab42239c11617d7095034a', '');
INSERT INTO `sys_log` VALUES ('eb2a4c581e6847298c9fc27cfdbb0283', '1', '-', '1', '2019-09-08 20:34:21', '0:0:0:0:0:0:0:1', 'Mozilla/5.0 (Macintosh; Intel Mac OS X 10_14_6) AppleWebKit/537.36 (KHTML, like Gecko) Chrome/76.0.3809.132 Safari/537.36', '/a/demo/demoData/page', 'GET', '', '');
INSERT INTO `sys_log` VALUES ('eb76b95926a8483ebc214d8cd29795c8', '1', '--', '1', '2019-09-10 15:14:38', '10.10.101.227', 'Mozilla/5.0 (Windows NT 10.0; Win64; x64) AppleWebKit/537.36 (KHTML, like Gecko) Chrome/76.0.3809.132 Safari/537.36', '/fastsite-1.2.7/a/sys/user/info', 'GET', '', '');
INSERT INTO `sys_log` VALUES ('eba1756e2ab14d1bbeca72509c194f4e', '1', '-', '1', '2019-09-09 02:11:23', '0:0:0:0:0:0:0:1', 'Mozilla/5.0 (Macintosh; Intel Mac OS X 10_14_6) AppleWebKit/537.36 (KHTML, like Gecko) Chrome/76.0.3809.132 Safari/537.36', '/a/demo/demoData/page', 'GET', '', '');
INSERT INTO `sys_log` VALUES ('ebb17910af684d0e93a65660c47c3ee5', '1', '--', '1', '2017-11-14 15:14:18', '124.128.62.162', 'Mozilla/5.0 (Windows NT 10.0; WOW64) AppleWebKit/537.36 (KHTML, like Gecko) Chrome/55.0.2883.87 Safari/537.36', '/jeesite/a/cms/', 'GET', '', '');
INSERT INTO `sys_log` VALUES ('ec22d7e530154ab887be2571d3f01072', '1', '---', '1', '2019-09-09 21:30:50', '0:0:0:0:0:0:0:1', 'Mozilla/5.0 (Macintosh; Intel Mac OS X 10_14_6) AppleWebKit/537.36 (KHTML, like Gecko) Chrome/76.0.3809.132 Safari/537.36', '/a/sys/office/list', 'GET', 'id=&parentIds=', '');
INSERT INTO `sys_log` VALUES ('ec30b30fe52c416c942ac579f469252a', '1', '--', '1', '2019-09-09 03:44:12', '0:0:0:0:0:0:0:1', 'Mozilla/5.0 (Macintosh; Intel Mac OS X 10_14_6) AppleWebKit/537.36 (KHTML, like Gecko) Chrome/76.0.3809.132 Safari/537.36', '/a/gen/genScheme', 'GET', '', '');
INSERT INTO `sys_log` VALUES ('ece4daceec4749539e8a1078f74ba1b9', '1', '--', '1', '2017-11-14 15:16:56', '182.110.0.154', 'Mozilla/5.0 (Windows NT 6.1; WOW64) AppleWebKit/537.36 (KHTML, like Gecko) Chrome/57.0.2987.98 Safari/537.36 LBBROWSER', '/jeesite/a/test/testData', 'GET', '', '');
INSERT INTO `sys_log` VALUES ('ed10a7f3f4f444539e18188bf8a2cc83', '1', '---', '1', '2019-09-06 00:54:07', '0:0:0:0:0:0:0:1', 'Mozilla/5.0 (Macintosh; Intel Mac OS X 10_14_6) AppleWebKit/537.36 (KHTML, like Gecko) Chrome/76.0.3809.132 Safari/537.36', '/a/sys/menu/save', 'POST', 'id=3fa3250a18ce4883a67e0de89588232b&parent.id=a91e496aa0ab42239c11617d7095034a&parent.name=&name=&href=/demo/demoData/page&target=&icon=&sort=60&isShow=1&permission=&remarks=', '');
INSERT INTO `sys_log` VALUES ('ed679430ae0640d6ad027448fb59edb6', '1', '--', '1', '2019-09-09 21:03:28', '0:0:0:0:0:0:0:1', 'Mozilla/5.0 (Macintosh; Intel Mac OS X 10_14_6) AppleWebKit/537.36 (KHTML, like Gecko) Chrome/76.0.3809.132 Safari/537.36', '/a/sys/area/', 'GET', '', '');
INSERT INTO `sys_log` VALUES ('edbb9c90db814289913f197342d3d1f4', '1', '--', '1', '2019-09-09 03:30:28', '0:0:0:0:0:0:0:1', 'Mozilla/5.0 (Macintosh; Intel Mac OS X 10_14_6) AppleWebKit/537.36 (KHTML, like Gecko) Chrome/76.0.3809.132 Safari/537.36', '/a/gen/genTable', 'GET', '', '');
INSERT INTO `sys_log` VALUES ('edcbead9c0224f128467eef665c0565a', '1', '-', '1', '2019-09-09 02:12:41', '0:0:0:0:0:0:0:1', 'Mozilla/5.0 (Macintosh; Intel Mac OS X 10_14_6) AppleWebKit/537.36 (KHTML, like Gecko) Chrome/76.0.3809.132 Safari/537.36', '/a/demo/demoData/page', 'GET', '', '');
INSERT INTO `sys_log` VALUES ('edce0bdde5a94341a8995dd4bd263005', '1', '--', '1', '2019-09-09 21:01:38', '0:0:0:0:0:0:0:1', 'Mozilla/5.0 (Macintosh; Intel Mac OS X 10_14_6) AppleWebKit/537.36 (KHTML, like Gecko) Chrome/76.0.3809.132 Safari/537.36', '/a/sys/area/', 'GET', '', '');
INSERT INTO `sys_log` VALUES ('eeccd12fce8a4573b8e22cd577ad530d', '1', '-', '1', '2019-09-08 20:28:26', '0:0:0:0:0:0:0:1', 'Mozilla/5.0 (Macintosh; Intel Mac OS X 10_14_6) AppleWebKit/537.36 (KHTML, like Gecko) Chrome/76.0.3809.132 Safari/537.36', '/a/demo/demoData/page', 'GET', '', '');
INSERT INTO `sys_log` VALUES ('eeedbe7ab3dd4178acd3af4251d9b572', '1', '-', '1', '2019-09-09 00:51:35', '0:0:0:0:0:0:0:1', 'Mozilla/5.0 (Macintosh; Intel Mac OS X 10_14_6) AppleWebKit/537.36 (KHTML, like Gecko) Chrome/76.0.3809.132 Safari/537.36', '/a/demo/demoData/page', 'GET', '', '');
INSERT INTO `sys_log` VALUES ('ef5632ab0be34fcc89fa8e3214b70b06', '1', '--', '1', '2019-09-09 03:43:18', '0:0:0:0:0:0:0:1', 'Mozilla/5.0 (Macintosh; Intel Mac OS X 10_14_6) AppleWebKit/537.36 (KHTML, like Gecko) Chrome/76.0.3809.132 Safari/537.36', '/a/gen/genTable', 'GET', '', '');
INSERT INTO `sys_log` VALUES ('ef6d9b1cb0df4b7d87c281e2a096aed0', '1', '--', '1', '2019-09-09 03:29:04', '0:0:0:0:0:0:0:1', 'Mozilla/5.0 (Macintosh; Intel Mac OS X 10_14_6) AppleWebKit/537.36 (KHTML, like Gecko) Chrome/76.0.3809.132 Safari/537.36', '/a/gen/genTable', 'GET', '', '');
INSERT INTO `sys_log` VALUES ('efe2ef92722b46629b5badb434e15c24', '1', '-', '1', '2017-11-14 15:18:42', '220.160.68.3', 'Mozilla/5.0 (Windows NT 10.0; WOW64) AppleWebKit/537.36 (KHTML, like Gecko) Chrome/50.0.2661.102 Safari/537.36', '/jeesite/a/cms/tree', 'GET', '', '');
INSERT INTO `sys_log` VALUES ('f12e056af95843778413d5e87af201d9', '1', '--', '1', '2019-09-09 20:34:08', '0:0:0:0:0:0:0:1', 'Mozilla/5.0 (Macintosh; Intel Mac OS X 10_14_6) AppleWebKit/537.36 (KHTML, like Gecko) Chrome/76.0.3809.132 Safari/537.36', '/a/sys/area/', 'GET', '', '');
INSERT INTO `sys_log` VALUES ('f13fa5e2fe484f17b98689511f046529', '1', '-', '1', '2019-09-08 19:43:18', '0:0:0:0:0:0:0:1', 'Mozilla/5.0 (Macintosh; Intel Mac OS X 10_14_6) AppleWebKit/537.36 (KHTML, like Gecko) Chrome/76.0.3809.132 Safari/537.36', '/a/demo/demoData/page', 'GET', '', '');
INSERT INTO `sys_log` VALUES ('f1964148b72c43888a77f5171879449d', '1', '', '1', '2019-09-07 04:11:17', '0:0:0:0:0:0:0:1', 'Mozilla/5.0 (Macintosh; Intel Mac OS X 10_14_6) AppleWebKit/537.36 (KHTML, like Gecko) Chrome/76.0.3809.132 Safari/537.36', '/a', 'GET', 'login=', '');
INSERT INTO `sys_log` VALUES ('f2a31f51028b46feb5a63702b73262d6', '1', '--', '1', '2019-09-09 03:39:40', '0:0:0:0:0:0:0:1', 'Mozilla/5.0 (Macintosh; Intel Mac OS X 10_14_6) AppleWebKit/537.36 (KHTML, like Gecko) Chrome/76.0.3809.132 Safari/537.36', '/a/gen/genTable', 'GET', '', '');
INSERT INTO `sys_log` VALUES ('f2e23a17bf34480686beec3a45c50c75', '1', '-', '1', '2019-09-06 04:02:19', '0:0:0:0:0:0:0:1', 'Mozilla/5.0 (Macintosh; Intel Mac OS X 10_14_6) AppleWebKit/537.36 (KHTML, like Gecko) Chrome/76.0.3809.132 Safari/537.36', '/a/demo/demoData/page', 'GET', '', '');
INSERT INTO `sys_log` VALUES ('f2fa5ed8bdc64fd0bd9e04eee6616aed', '1', '-', '1', '2019-09-09 02:01:40', '0:0:0:0:0:0:0:1', 'Mozilla/5.0 (Macintosh; Intel Mac OS X 10_14_6) AppleWebKit/537.36 (KHTML, like Gecko) Chrome/76.0.3809.132 Safari/537.36', '/a/demo/demoData/page', 'GET', '', '');
INSERT INTO `sys_log` VALUES ('f3039c2aac404421bb5ec64adba16c67', '1', '--', '1', '2019-09-09 21:16:48', '0:0:0:0:0:0:0:1', 'Mozilla/5.0 (Macintosh; Intel Mac OS X 10_14_6) AppleWebKit/537.36 (KHTML, like Gecko) Chrome/76.0.3809.132 Safari/537.36', '/a/sys/menu/', 'GET', '', '');
INSERT INTO `sys_log` VALUES ('f369105e17a241e686db665a557ccdde', '1', '-', '1', '2019-09-08 21:41:06', '0:0:0:0:0:0:0:1', 'Mozilla/5.0 (Macintosh; Intel Mac OS X 10_14_6) AppleWebKit/537.36 (KHTML, like Gecko) Chrome/76.0.3809.132 Safari/537.36', '/a/demo/demoData/page', 'GET', '', '');
INSERT INTO `sys_log` VALUES ('f40e3c713b994f09bd7f3239e58d0fd2', '1', '--', '1', '2019-09-09 03:07:22', '0:0:0:0:0:0:0:1', 'Mozilla/5.0 (Macintosh; Intel Mac OS X 10_14_6) AppleWebKit/537.36 (KHTML, like Gecko) Chrome/76.0.3809.132 Safari/537.36', '/a/gen/genScheme', 'GET', '', '');
INSERT INTO `sys_log` VALUES ('f44d62126df845fa8f2de5520ce61d73', '1', '--', '1', '2019-09-09 04:06:30', '0:0:0:0:0:0:0:1', 'Mozilla/5.0 (Macintosh; Intel Mac OS X 10_14_6) AppleWebKit/537.36 (KHTML, like Gecko) Chrome/76.0.3809.132 Safari/537.36', '/a/sys/log', 'GET', '', '');
INSERT INTO `sys_log` VALUES ('f4cb7e7c4b794aa5bd276aa4a072337f', '1', '-', '1', '2019-09-06 02:39:33', '0:0:0:0:0:0:0:1', 'Mozilla/5.0 (Macintosh; Intel Mac OS X 10_14_6) AppleWebKit/537.36 (KHTML, like Gecko) Chrome/76.0.3809.132 Safari/537.36', '/a/demo/demoData/page', 'GET', '', '');
INSERT INTO `sys_log` VALUES ('f4d1d7120db24d5db270c3b535d87ff3', '1', '-', '1', '2019-09-09 02:06:58', '0:0:0:0:0:0:0:1', 'Mozilla/5.0 (Macintosh; Intel Mac OS X 10_14_6) AppleWebKit/537.36 (KHTML, like Gecko) Chrome/76.0.3809.132 Safari/537.36', '/a/demo/demoData/page', 'GET', '', '');
INSERT INTO `sys_log` VALUES ('f50abfdf4fef4c24be699e416c939871', '1', '--', '1', '2019-09-09 20:16:54', '0:0:0:0:0:0:0:1', 'Mozilla/5.0 (Macintosh; Intel Mac OS X 10_14_6) AppleWebKit/537.36 (KHTML, like Gecko) Chrome/76.0.3809.132 Safari/537.36', '/a/gen/genTable', 'GET', '', '');
INSERT INTO `sys_log` VALUES ('f523410e2b1541ab87095a3bd0f3ffae', '2', '--', '1', '2019-09-09 03:23:01', '0:0:0:0:0:0:0:1', 'Mozilla/5.0 (Macintosh; Intel Mac OS X 10_14_6) AppleWebKit/537.36 (KHTML, like Gecko) Chrome/76.0.3809.132 Safari/537.36', '/a/gen/genTable', 'GET', '', 'org.apache.jasper.JasperException: /WEB-INF/views/modules/gen/genTableList.jsp (line: 67, column: 95) The JSP specification requires that an attribute name is preceded by whitespace\n	at org.apache.jasper.compiler.DefaultErrorHandler.jspError(DefaultErrorHandler.java:41)\n	at org.apache.jasper.compiler.ErrorDispatcher.dispatch(ErrorDispatcher.java:275)\n	at org.apache.jasper.compiler.ErrorDispatcher.jspError(ErrorDispatcher.java:91)\n	at org.apache.jasper.compiler.Parser.parseAttributes(Parser.java:165)\n	at org.apache.jasper.compiler.Parser.parseAttributes(Parser.java:154)\n	at org.apache.jasper.compiler.Parser.parseCustomTag(Parser.java:1241)\n	at org.apache.jasper.compiler.Parser.parseElements(Parser.java:1460)\n	at org.apache.jasper.compiler.Parser.parseBody(Parser.java:1673)\n	at org.apache.jasper.compiler.Parser.parseOptionalBody(Parser.java:1006)\n	at org.apache.jasper.compiler.Parser.parseCustomTag(Parser.java:1281)\n	at org.apache.jasper.compiler.Parser.parseElements(Parser.java:1460)\n	at org.apache.jasper.compiler.Parser.parse(Parser.java:139)\n	at org.apache.jasper.compiler.ParserController.doParse(ParserController.java:227)\n	at org.apache.jasper.compiler.ParserController.parse(ParserController.java:100)\n	at org.apache.jasper.compiler.Compiler.generateJava(Compiler.java:199)\n	at org.apache.jasper.compiler.Compiler.compile(Compiler.java:356)\n	at org.apache.jasper.compiler.Compiler.compile(Compiler.java:336)\n	at org.apache.jasper.compiler.Compiler.compile(Compiler.java:323)\n	at org.apache.jasper.JspCompilationContext.compile(JspCompilationContext.java:585)\n	at org.apache.jasper.servlet.JspServletWrapper.service(JspServletWrapper.java:363)\n	at org.apache.jasper.servlet.JspServlet.serviceJspFile(JspServlet.java:396)\n	at org.apache.jasper.servlet.JspServlet.service(JspServlet.java:340)\n	at javax.servlet.http.HttpServlet.service(HttpServlet.java:729)\n	at org.apache.catalina.core.ApplicationFilterChain.internalDoFilter(ApplicationFilterChain.java:292)\n	at org.apache.catalina.core.ApplicationFilterChain.doFilter(ApplicationFilterChain.java:207)\n	at org.apache.tomcat.websocket.server.WsFilter.doFilter(WsFilter.java:52)\n	at org.apache.catalina.core.ApplicationFilterChain.internalDoFilter(ApplicationFilterChain.java:240)\n	at org.apache.catalina.core.ApplicationFilterChain.doFilter(ApplicationFilterChain.java:207)\n	at org.apache.catalina.core.ApplicationDispatcher.invoke(ApplicationDispatcher.java:720)\n	at org.apache.catalina.core.ApplicationDispatcher.processRequest(ApplicationDispatcher.java:466)\n	at org.apache.catalina.core.ApplicationDispatcher.doForward(ApplicationDispatcher.java:391)\n	at org.apache.catalina.core.ApplicationDispatcher.forward(ApplicationDispatcher.java:318)\n	at org.springframework.web.servlet.view.InternalResourceView.renderMergedOutputModel(InternalResourceView.java:168)\n	at org.springframework.web.servlet.view.AbstractView.render(AbstractView.java:303)\n	at org.springframework.web.servlet.DispatcherServlet.render(DispatcherServlet.java:1243)\n	at org.springframework.web.servlet.DispatcherServlet.processDispatchResult(DispatcherServlet.java:1027)\n	at org.springframework.web.servlet.DispatcherServlet.doDispatch(DispatcherServlet.java:971)\n	at org.springframework.web.servlet.DispatcherServlet.doService(DispatcherServlet.java:893)\n	at org.springframework.web.servlet.FrameworkServlet.processRequest(FrameworkServlet.java:965)\n	at org.springframework.web.servlet.FrameworkServlet.doGet(FrameworkServlet.java:856)\n	at javax.servlet.http.HttpServlet.service(HttpServlet.java:622)\n	at org.springframework.web.servlet.FrameworkServlet.service(FrameworkServlet.java:841)\n	at javax.servlet.http.HttpServlet.service(HttpServlet.java:729)\n	at org.apache.catalina.core.ApplicationFilterChain.internalDoFilter(ApplicationFilterChain.java:292)\n	at org.apache.catalina.core.ApplicationFilterChain.doFilter(ApplicationFilterChain.java:207)\n	at org.apache.tomcat.websocket.server.WsFilter.doFilter(WsFilter.java:52)\n	at org.apache.catalina.core.ApplicationFilterChain.internalDoFilter(ApplicationFilterChain.java:240)\n	at org.apache.catalina.core.ApplicationFilterChain.doFilter(ApplicationFilterChain.java:207)\n	at com.opensymphony.sitemesh.webapp.SiteMeshFilter.obtainContent(SiteMeshFilter.java:129)\n	at com.opensymphony.sitemesh.webapp.SiteMeshFilter.doFilter(SiteMeshFilter.java:77)\n	at org.apache.catalina.core.ApplicationFilterChain.internalDoFilter(ApplicationFilterChain.java:240)\n	at org.apache.catalina.core.ApplicationFilterChain.doFilter(ApplicationFilterChain.java:207)\n	at org.apache.shiro.web.servlet.ProxiedFilterChain.doFilter(ProxiedFilterChain.java:61)\n	at org.apache.shiro.web.servlet.AdviceFilter.executeChain(AdviceFilter.java:108)\n	at org.apache.shiro.web.servlet.AdviceFilter.doFilterInternal(AdviceFilter.java:137)\n	at org.apache.shiro.web.servlet.OncePerRequestFilter.doFilter(OncePerRequestFilter.java:125)\n	at org.apache.shiro.web.servlet.ProxiedFilterChain.doFilter(ProxiedFilterChain.java:66)\n	at org.apache.shiro.web.servlet.AbstractShiroFilter.executeChain(AbstractShiroFilter.java:449)\n	at org.apache.shiro.web.servlet.AbstractShiroFilter$1.call(AbstractShiroFilter.java:365)\n	at org.apache.shiro.subject.support.SubjectCallable.doCall(SubjectCallable.java:90)\n	at org.apache.shiro.subject.support.SubjectCallable.call(SubjectCallable.java:83)\n	at org.apache.shiro.subject.support.DelegatingSubject.execute(DelegatingSubject.java:383)\n	at org.apache.shiro.web.servlet.AbstractShiroFilter.doFilterInternal(AbstractShiroFilter.java:362)\n	at org.apache.shiro.web.servlet.OncePerRequestFilter.doFilter(OncePerRequestFilter.java:125)\n	at org.springframework.web.filter.DelegatingFilterProxy.invokeDelegate(DelegatingFilterProxy.java:344)\n	at org.springframework.web.filter.DelegatingFilterProxy.doFilter(DelegatingFilterProxy.java:261)\n	at org.apache.catalina.core.ApplicationFilterChain.internalDoFilter(ApplicationFilterChain.java:240)\n	at org.apache.catalina.core.ApplicationFilterChain.doFilter(ApplicationFilterChain.java:207)\n	at org.springframework.web.filter.CharacterEncodingFilter.doFilterInternal(CharacterEncodingFilter.java:85)\n	at org.springframework.web.filter.OncePerRequestFilter.doFilter(OncePerRequestFilter.java:107)\n	at org.apache.catalina.core.ApplicationFilterChain.internalDoFilter(ApplicationFilterChain.java:240)\n	at org.apache.catalina.core.ApplicationFilterChain.doFilter(ApplicationFilterChain.java:207)\n	at org.apache.catalina.core.StandardWrapperValve.invoke(StandardWrapperValve.java:212)\n	at org.apache.catalina.core.StandardContextValve.invoke(StandardContextValve.java:106)\n	at org.apache.catalina.authenticator.AuthenticatorBase.invoke(AuthenticatorBase.java:502)\n	at org.apache.catalina.core.StandardHostValve.invoke(StandardHostValve.java:141)\n	at org.apache.catalina.valves.ErrorReportValve.invoke(ErrorReportValve.java:79)\n	at org.apache.catalina.valves.AbstractAccessLogValve.invoke(AbstractAccessLogValve.java:616)\n	at org.apache.catalina.core.StandardEngineValve.invoke(StandardEngineValve.java:88)\n	at org.apache.catalina.connector.CoyoteAdapter.service(CoyoteAdapter.java:528)\n	at org.apache.coyote.http11.AbstractHttp11Processor.process(AbstractHttp11Processor.java:1100)\n	at org.apache.coyote.AbstractProtocol$AbstractConnectionHandler.process(AbstractProtocol.java:687)\n	at org.apache.tomcat.util.net.NioEndpoint$SocketProcessor.doRun(NioEndpoint.java:1520)\n	at org.apache.tomcat.util.net.NioEndpoint$SocketProcessor.run(NioEndpoint.java:1476)\n	at java.util.concurrent.ThreadPoolExecutor.runWorker(ThreadPoolExecutor.java:1142)\n	at java.util.concurrent.ThreadPoolExecutor$Worker.run(ThreadPoolExecutor.java:617)\n	at org.apache.tomcat.util.threads.TaskThread$WrappingRunnable.run(TaskThread.java:61)\n	at java.lang.Thread.run(Thread.java:745)\n');
INSERT INTO `sys_log` VALUES ('f597b1c1d3a94132b1e9bc12fcc30c6a', '1', '--', '1', '2019-09-09 21:13:11', '0:0:0:0:0:0:0:1', 'Mozilla/5.0 (Macintosh; Intel Mac OS X 10_14_6) AppleWebKit/537.36 (KHTML, like Gecko) Chrome/76.0.3809.132 Safari/537.36', '/a/sys/user/index', 'GET', '', '');
INSERT INTO `sys_log` VALUES ('f68dc9b508c341fb9b9d7aacc26850df', '1', '--', '1', '2017-11-14 15:14:58', '124.128.62.162', 'Mozilla/5.0 (Windows NT 10.0; WOW64) AppleWebKit/537.36 (KHTML, like Gecko) Chrome/55.0.2883.87 Safari/537.36', '/jeesite/a/oa/oaNotify', 'GET', 'tabPageId=jerichotabiframe_5', '');
INSERT INTO `sys_log` VALUES ('f72fe3879b71425e8bfe923f4f4cb9d1', '1', '--', '1', '2019-09-09 03:47:24', '0:0:0:0:0:0:0:1', 'Mozilla/5.0 (Macintosh; Intel Mac OS X 10_14_6) AppleWebKit/537.36 (KHTML, like Gecko) Chrome/76.0.3809.132 Safari/537.36', '/a/gen/genTable', 'GET', '', '');
INSERT INTO `sys_log` VALUES ('f8d81190da8e4d4389c07ec708a9e417', '1', '-', '1', '2019-09-09 01:36:25', '0:0:0:0:0:0:0:1', 'Mozilla/5.0 (Macintosh; Intel Mac OS X 10_14_6) AppleWebKit/537.36 (KHTML, like Gecko) Chrome/76.0.3809.132 Safari/537.36', '/a/demo/demoData/page', 'GET', '', '');
INSERT INTO `sys_log` VALUES ('f9b58eb4749c4262b952215cb54cded3', '1', '-', '1', '2019-09-06 00:54:56', '0:0:0:0:0:0:0:1', 'Mozilla/5.0 (Macintosh; Intel Mac OS X 10_14_6) AppleWebKit/537.36 (KHTML, like Gecko) Chrome/76.0.3809.132 Safari/537.36', '/a/demo/demoData/page', 'GET', '', '');
INSERT INTO `sys_log` VALUES ('fa051e2e81f94ed9a1fd380f0f1dec85', '1', '-', '1', '2019-09-08 19:33:10', '0:0:0:0:0:0:0:1', 'Mozilla/5.0 (Macintosh; Intel Mac OS X 10_14_6) AppleWebKit/537.36 (KHTML, like Gecko) Chrome/76.0.3809.132 Safari/537.36', '/a/demo/demoData/page', 'GET', '', '');
INSERT INTO `sys_log` VALUES ('fa7e6045f2d34ab1b298b48855d9a793', '1', '---', '1', '2017-11-14 15:15:11', '119.97.201.18', 'Mozilla/5.0 (Windows NT 10.0; WOW64) AppleWebKit/537.36 (KHTML, like Gecko) Chrome/62.0.3202.62 Safari/537.36', '/jeesite/a/cms/article/', 'GET', 'category.id=4', '');
INSERT INTO `sys_log` VALUES ('fabb1a1e71e5492e9a8340bd9733c8c3', '1', '-', '1', '2019-09-06 00:52:20', '0:0:0:0:0:0:0:1', 'Mozilla/5.0 (Macintosh; Intel Mac OS X 10_14_6) AppleWebKit/537.36 (KHTML, like Gecko) Chrome/76.0.3809.132 Safari/537.36', '/a/demo/demoData/list', 'GET', '', '');
INSERT INTO `sys_log` VALUES ('fb7818377679461c9b19195c1517d7a3', '1', '---', '1', '2019-09-06 00:53:39', '0:0:0:0:0:0:0:1', 'Mozilla/5.0 (Macintosh; Intel Mac OS X 10_14_6) AppleWebKit/537.36 (KHTML, like Gecko) Chrome/76.0.3809.132 Safari/537.36', '/a/sys/role/form', 'GET', 'id=1', '');
INSERT INTO `sys_log` VALUES ('fbb80b12d2ad4d8eb09d2db7f48ebe6a', '1', '---', '1', '2019-09-09 02:19:50', '0:0:0:0:0:0:0:1', 'Mozilla/5.0 (Macintosh; Intel Mac OS X 10_14_6) AppleWebKit/537.36 (KHTML, like Gecko) Chrome/76.0.3809.132 Safari/537.36', '/a/oa/leave/form', 'GET', '', '');
INSERT INTO `sys_log` VALUES ('fbbf52b75e494c018abcf56c72f685e1', '1', '-', '1', '2019-09-08 19:23:30', '0:0:0:0:0:0:0:1', 'Mozilla/5.0 (Macintosh; Intel Mac OS X 10_14_6) AppleWebKit/537.36 (KHTML, like Gecko) Chrome/76.0.3809.132 Safari/537.36', '/a/demo/demoData/page', 'GET', '', '');
INSERT INTO `sys_log` VALUES ('fc1a8b723deb44bb87a479ab3d2d4268', '1', '--', '1', '2017-11-14 15:18:42', '220.160.68.3', 'Mozilla/5.0 (Windows NT 10.0; WOW64) AppleWebKit/537.36 (KHTML, like Gecko) Chrome/50.0.2661.102 Safari/537.36', '/jeesite/a/sys/user/index', 'GET', '', '');
INSERT INTO `sys_log` VALUES ('fc7e1d90573e4230bd204fc67807d29e', '1', '-', '1', '2019-09-06 07:59:10', '0:0:0:0:0:0:0:1', 'Mozilla/5.0 (Macintosh; Intel Mac OS X 10_14_6) AppleWebKit/537.36 (KHTML, like Gecko) Chrome/76.0.3809.132 Safari/537.36', '/a/demo/demoData/page', 'GET', '', '');
INSERT INTO `sys_log` VALUES ('fd44974adb254dd99795e85a032bfc8a', '1', '-', '1', '2019-09-06 02:51:14', '0:0:0:0:0:0:0:1', 'Mozilla/5.0 (Macintosh; Intel Mac OS X 10_14_6) AppleWebKit/537.36 (KHTML, like Gecko) Chrome/76.0.3809.132 Safari/537.36', '/a/demo/demoData/page', 'GET', '', '');
INSERT INTO `sys_log` VALUES ('fd62aa7a8b564a149a6b92864fc3b289', '1', '--', '1', '2019-09-09 03:05:50', '0:0:0:0:0:0:0:1', 'Mozilla/5.0 (Macintosh; Intel Mac OS X 10_14_6) AppleWebKit/537.36 (KHTML, like Gecko) Chrome/76.0.3809.132 Safari/537.36', '/a/gen/genTable', 'GET', '', '');
INSERT INTO `sys_log` VALUES ('fd862d8604c649a9b439daad3c20fb25', '1', '-', '1', '2019-09-08 21:54:39', '0:0:0:0:0:0:0:1', 'Mozilla/5.0 (Macintosh; Intel Mac OS X 10_14_6) AppleWebKit/537.36 (KHTML, like Gecko) Chrome/76.0.3809.132 Safari/537.36', '/a/demo/demoData/page', 'GET', '', '');
INSERT INTO `sys_log` VALUES ('fd8ab0dccdcb48f3ada8df3da25d1ff9', '1', '--', '1', '2019-09-09 02:58:36', '0:0:0:0:0:0:0:1', 'Mozilla/5.0 (Macintosh; Intel Mac OS X 10_14_6) AppleWebKit/537.36 (KHTML, like Gecko) Chrome/76.0.3809.132 Safari/537.36', '/a/gen/genScheme', 'GET', '', '');
INSERT INTO `sys_log` VALUES ('fda9efdf591541b8a7fef1d9097907e6', '1', '---', '1', '2019-09-06 00:47:07', '0:0:0:0:0:0:0:1', 'Mozilla/5.0 (Macintosh; Intel Mac OS X 10_14_6) AppleWebKit/537.36 (KHTML, like Gecko) Chrome/76.0.3809.132 Safari/537.36', '/a/sys/menu/save', 'POST', 'id=27&parent.id=1&parent.name=&name=&href=&target=&icon=flag&sort=100&isShow=1&permission=&remarks=', '');
INSERT INTO `sys_log` VALUES ('fe0203e4beec40149a81c779ee4335c7', '1', '--', '1', '2019-09-09 04:26:55', '0:0:0:0:0:0:0:1', 'Mozilla/5.0 (Macintosh; Intel Mac OS X 10_14_6) AppleWebKit/537.36 (KHTML, like Gecko) Chrome/76.0.3809.132 Safari/537.36', '/a/sys/menu/', 'GET', '', '');
INSERT INTO `sys_log` VALUES ('fe17233ad8324b7f9b6395e868caa5cc', '1', '--', '1', '2019-09-09 21:29:06', '0:0:0:0:0:0:0:1', 'Mozilla/5.0 (Macintosh; Intel Mac OS X 10_14_6) AppleWebKit/537.36 (KHTML, like Gecko) Chrome/76.0.3809.132 Safari/537.36', '/a/sys/dict/', 'GET', '', '');
INSERT INTO `sys_log` VALUES ('fefdbf7f959b43d18b48b4eacd81622b', '1', '-', '1', '2019-09-08 21:21:11', '0:0:0:0:0:0:0:1', 'Mozilla/5.0 (Macintosh; Intel Mac OS X 10_14_6) AppleWebKit/537.36 (KHTML, like Gecko) Chrome/76.0.3809.132 Safari/537.36', '/a/demo/demoData/page', 'GET', '', '');
INSERT INTO `sys_log` VALUES ('ff4124d2ba844896a76e4d291c5ebae0', '1', '--', '1', '2019-09-09 03:46:41', '0:0:0:0:0:0:0:1', 'Mozilla/5.0 (Macintosh; Intel Mac OS X 10_14_6) AppleWebKit/537.36 (KHTML, like Gecko) Chrome/76.0.3809.132 Safari/537.36', '/a/gen/genTable', 'GET', '', '');

-- ----------------------------
-- Table structure for sys_mdict
-- ----------------------------
DROP TABLE IF EXISTS `sys_mdict`;
CREATE TABLE `sys_mdict`  (
  `id` varchar(64) CHARACTER SET utf8 COLLATE utf8_general_ci NOT NULL COMMENT '',
  `parent_id` varchar(64) CHARACTER SET utf8 COLLATE utf8_general_ci NOT NULL COMMENT '',
  `parent_ids` varchar(2000) CHARACTER SET utf8 COLLATE utf8_general_ci NOT NULL COMMENT '',
  `name` varchar(100) CHARACTER SET utf8 COLLATE utf8_general_ci NOT NULL COMMENT '',
  `sort` decimal(10, 0) NOT NULL COMMENT '',
  `description` varchar(100) CHARACTER SET utf8 COLLATE utf8_general_ci NULL DEFAULT NULL COMMENT '',
  `create_by` varchar(64) CHARACTER SET utf8 COLLATE utf8_general_ci NOT NULL COMMENT '',
  `create_date` datetime(0) NOT NULL COMMENT '',
  `update_by` varchar(64) CHARACTER SET utf8 COLLATE utf8_general_ci NOT NULL COMMENT '',
  `update_date` datetime(0) NOT NULL COMMENT '',
  `remarks` varchar(255) CHARACTER SET utf8 COLLATE utf8_general_ci NULL DEFAULT NULL COMMENT '',
  `del_flag` char(1) CHARACTER SET utf8 COLLATE utf8_general_ci NOT NULL DEFAULT '0' COMMENT '',
  PRIMARY KEY (`id`) USING BTREE,
  INDEX `sys_mdict_parent_id`(`parent_id`) USING BTREE,
  INDEX `sys_mdict_del_flag`(`del_flag`) USING BTREE
) ENGINE = InnoDB CHARACTER SET = utf8 COLLATE = utf8_general_ci COMMENT = '' ROW_FORMAT = Dynamic;

-- ----------------------------
-- Table structure for sys_menu
-- ----------------------------
DROP TABLE IF EXISTS `sys_menu`;
CREATE TABLE `sys_menu`  (
  `id` varchar(64) CHARACTER SET utf8 COLLATE utf8_general_ci NOT NULL COMMENT '',
  `parent_id` varchar(64) CHARACTER SET utf8 COLLATE utf8_general_ci NOT NULL COMMENT '',
  `parent_ids` varchar(2000) CHARACTER SET utf8 COLLATE utf8_general_ci NOT NULL COMMENT '',
  `name` varchar(100) CHARACTER SET utf8 COLLATE utf8_general_ci NOT NULL COMMENT '',
  `sort` decimal(10, 0) NOT NULL COMMENT '',
  `href` varchar(2000) CHARACTER SET utf8 COLLATE utf8_general_ci NULL DEFAULT NULL COMMENT '',
  `target` varchar(20) CHARACTER SET utf8 COLLATE utf8_general_ci NULL DEFAULT NULL COMMENT '',
  `icon` varchar(100) CHARACTER SET utf8 COLLATE utf8_general_ci NULL DEFAULT NULL COMMENT '',
  `is_show` char(1) CHARACTER SET utf8 COLLATE utf8_general_ci NOT NULL COMMENT '',
  `permission` varchar(200) CHARACTER SET utf8 COLLATE utf8_general_ci NULL DEFAULT NULL COMMENT '',
  `create_by` varchar(64) CHARACTER SET utf8 COLLATE utf8_general_ci NOT NULL COMMENT '',
  `create_date` datetime(0) NOT NULL COMMENT '',
  `update_by` varchar(64) CHARACTER SET utf8 COLLATE utf8_general_ci NOT NULL COMMENT '',
  `update_date` datetime(0) NOT NULL COMMENT '',
  `remarks` varchar(255) CHARACTER SET utf8 COLLATE utf8_general_ci NULL DEFAULT NULL COMMENT '',
  `del_flag` char(1) CHARACTER SET utf8 COLLATE utf8_general_ci NOT NULL DEFAULT '0' COMMENT '',
  PRIMARY KEY (`id`) USING BTREE,
  INDEX `sys_menu_parent_id`(`parent_id`) USING BTREE,
  INDEX `sys_menu_del_flag`(`del_flag`) USING BTREE
) ENGINE = InnoDB CHARACTER SET = utf8 COLLATE = utf8_general_ci COMMENT = '' ROW_FORMAT = Dynamic;

-- ----------------------------
-- Records of sys_menu
-- ----------------------------
INSERT INTO `sys_menu` VALUES ('0b2ebd4d639e4c2b83c2dd0764522f24', 'ba8092291b40482db8fe7fc006ea3d76', '0,1,79,3c92c17886944d0687e73e286cada573,ba8092291b40482db8fe7fc006ea3d76,', '', 60, '', '', '', '0', 'test:testData:edit', '1', '2013-08-12 13:10:05', '1', '2013-08-12 13:10:05', '', '0');
INSERT INTO `sys_menu` VALUES ('0ca004d6b1bf4bcab9670a5060d82a55', '3c92c17886944d0687e73e286cada573', '0,1,79,3c92c17886944d0687e73e286cada573,', '', 90, '/test/testTree', '', '', '1', '', '1', '2013-08-12 13:10:05', '1', '2013-08-12 13:10:05', '', '0');
INSERT INTO `sys_menu` VALUES ('1', '0', '0,', '', 0, NULL, NULL, NULL, '1', NULL, '1', '2013-05-27 08:00:00', '1', '2013-05-27 08:00:00', NULL, '0');
INSERT INTO `sys_menu` VALUES ('10', '3', '0,1,2,3,', '', 60, '/sys/dict/', NULL, 'th-list', '1', NULL, '1', '2013-05-27 08:00:00', '1', '2013-05-27 08:00:00', NULL, '0');
INSERT INTO `sys_menu` VALUES ('11', '10', '0,1,2,3,10,', '', 30, NULL, NULL, NULL, '0', 'sys:dict:view', '1', '2013-05-27 08:00:00', '1', '2013-05-27 08:00:00', NULL, '0');
INSERT INTO `sys_menu` VALUES ('12', '10', '0,1,2,3,10,', '', 40, NULL, NULL, NULL, '0', 'sys:dict:edit', '1', '2013-05-27 08:00:00', '1', '2013-05-27 08:00:00', NULL, '0');
INSERT INTO `sys_menu` VALUES ('13', '2', '0,1,2,', '', 970, NULL, NULL, NULL, '1', NULL, '1', '2013-05-27 08:00:00', '1', '2013-05-27 08:00:00', NULL, '0');
INSERT INTO `sys_menu` VALUES ('14', '13', '0,1,2,13,', '', 50, '/sys/area/', NULL, 'th', '1', NULL, '1', '2013-05-27 08:00:00', '1', '2013-05-27 08:00:00', NULL, '0');
INSERT INTO `sys_menu` VALUES ('15', '14', '0,1,2,13,14,', '', 30, NULL, NULL, NULL, '0', 'sys:area:view', '1', '2013-05-27 08:00:00', '1', '2013-05-27 08:00:00', NULL, '0');
INSERT INTO `sys_menu` VALUES ('16', '14', '0,1,2,13,14,', '', 40, NULL, NULL, NULL, '0', 'sys:area:edit', '1', '2013-05-27 08:00:00', '1', '2013-05-27 08:00:00', NULL, '0');
INSERT INTO `sys_menu` VALUES ('17', '13', '0,1,2,13,', '', 40, '/sys/office/', NULL, 'th-large', '1', NULL, '1', '2013-05-27 08:00:00', '1', '2013-05-27 08:00:00', NULL, '0');
INSERT INTO `sys_menu` VALUES ('18', '17', '0,1,2,13,17,', '', 30, NULL, NULL, NULL, '0', 'sys:office:view', '1', '2013-05-27 08:00:00', '1', '2013-05-27 08:00:00', NULL, '0');
INSERT INTO `sys_menu` VALUES ('19', '17', '0,1,2,13,17,', '', 40, NULL, NULL, NULL, '0', 'sys:office:edit', '1', '2013-05-27 08:00:00', '1', '2013-05-27 08:00:00', NULL, '0');
INSERT INTO `sys_menu` VALUES ('2', '1', '0,1,', '', 900, '', '', 'th-large', '1', '', '1', '2013-05-27 08:00:00', '1', '2019-09-06 00:49:21', '', '0');
INSERT INTO `sys_menu` VALUES ('20', '13', '0,1,2,13,', '', 30, '/sys/user/index', NULL, 'user', '1', NULL, '1', '2013-05-27 08:00:00', '1', '2013-05-27 08:00:00', NULL, '0');
INSERT INTO `sys_menu` VALUES ('21', '20', '0,1,2,13,20,', '', 30, NULL, NULL, NULL, '0', 'sys:user:view', '1', '2013-05-27 08:00:00', '1', '2013-05-27 08:00:00', NULL, '0');
INSERT INTO `sys_menu` VALUES ('22', '20', '0,1,2,13,20,', '', 40, NULL, NULL, NULL, '0', 'sys:user:edit', '1', '2013-05-27 08:00:00', '1', '2013-05-27 08:00:00', NULL, '0');
INSERT INTO `sys_menu` VALUES ('23', '2', '0,1,2,', '', 990, NULL, NULL, NULL, '0', NULL, '1', '2013-05-27 08:00:00', '1', '2013-05-27 08:00:00', NULL, '1');
INSERT INTO `sys_menu` VALUES ('24', '23', '0,1,2,23', '', 30, 'http://jeesite.com', '_blank', NULL, '0', NULL, '1', '2013-05-27 08:00:00', '1', '2013-05-27 08:00:00', NULL, '0');
INSERT INTO `sys_menu` VALUES ('25', '23', '0,1,2,23', '', 50, 'http://jeesite.com/donation.html', '_blank', NULL, '0', NULL, '1', '2013-05-27 08:00:00', '1', '2013-05-27 08:00:00', NULL, '1');
INSERT INTO `sys_menu` VALUES ('26', '23', '0,1,2,23', '', 80, 'http://bbs.jeesite.com', '_blank', NULL, '0', NULL, '1', '2013-05-27 08:00:00', '1', '2013-05-27 08:00:00', NULL, '1');
INSERT INTO `sys_menu` VALUES ('27', '1', '0,1,', '', 100, '', '', 'user', '1', '', '1', '2013-05-27 08:00:00', '1', '2019-09-06 00:49:39', '', '0');
INSERT INTO `sys_menu` VALUES ('28', '27', '0,1,27,', '', 30, NULL, NULL, NULL, '1', NULL, '1', '2013-05-27 08:00:00', '1', '2013-05-27 08:00:00', NULL, '0');
INSERT INTO `sys_menu` VALUES ('29', '28', '0,1,27,28,', '', 30, '/sys/user/info', NULL, 'user', '1', NULL, '1', '2013-05-27 08:00:00', '1', '2013-05-27 08:00:00', NULL, '0');
INSERT INTO `sys_menu` VALUES ('3', '2', '0,1,2,', '', 980, NULL, NULL, NULL, '1', NULL, '1', '2013-05-27 08:00:00', '1', '2013-05-27 08:00:00', NULL, '0');
INSERT INTO `sys_menu` VALUES ('30', '28', '0,1,27,28,', '', 40, '/sys/user/modifyPwd', NULL, 'lock', '1', NULL, '1', '2013-05-27 08:00:00', '1', '2013-05-27 08:00:00', NULL, '0');
INSERT INTO `sys_menu` VALUES ('31', '1', '0,1,', '', 500, NULL, NULL, NULL, '1', NULL, '1', '2013-05-27 08:00:00', '1', '2013-05-27 08:00:00', NULL, '1');
INSERT INTO `sys_menu` VALUES ('32', '31', '0,1,31,', '', 990, NULL, NULL, NULL, '1', NULL, '1', '2013-05-27 08:00:00', '1', '2013-05-27 08:00:00', NULL, '1');
INSERT INTO `sys_menu` VALUES ('33', '32', '0,1,31,32', '', 30, '/cms/category/', NULL, 'align-justify', '1', NULL, '1', '2013-05-27 08:00:00', '1', '2013-05-27 08:00:00', NULL, '1');
INSERT INTO `sys_menu` VALUES ('34', '33', '0,1,31,32,33,', '', 30, NULL, NULL, NULL, '0', 'cms:category:view', '1', '2013-05-27 08:00:00', '1', '2013-05-27 08:00:00', NULL, '1');
INSERT INTO `sys_menu` VALUES ('35', '33', '0,1,31,32,33,', '', 40, NULL, NULL, NULL, '0', 'cms:category:edit', '1', '2013-05-27 08:00:00', '1', '2013-05-27 08:00:00', NULL, '1');
INSERT INTO `sys_menu` VALUES ('36', '32', '0,1,31,32', '', 40, '/cms/site/', NULL, 'certificate', '1', NULL, '1', '2013-05-27 08:00:00', '1', '2013-05-27 08:00:00', NULL, '1');
INSERT INTO `sys_menu` VALUES ('37', '36', '0,1,31,32,36,', '', 30, NULL, NULL, NULL, '0', 'cms:site:view', '1', '2013-05-27 08:00:00', '1', '2013-05-27 08:00:00', NULL, '1');
INSERT INTO `sys_menu` VALUES ('38', '36', '0,1,31,32,36,', '', 40, NULL, NULL, NULL, '0', 'cms:site:edit', '1', '2013-05-27 08:00:00', '1', '2013-05-27 08:00:00', NULL, '1');
INSERT INTO `sys_menu` VALUES ('39', '32', '0,1,31,32', '', 50, '/cms/site/select', NULL, 'retweet', '1', 'cms:site:select', '1', '2013-05-27 08:00:00', '1', '2013-05-27 08:00:00', NULL, '1');
INSERT INTO `sys_menu` VALUES ('3c92c17886944d0687e73e286cada573', '79', '0,1,79,', '', 120, '', '', '', '1', '', '1', '2013-08-12 13:10:05', '1', '2013-08-12 13:10:05', '', '0');
INSERT INTO `sys_menu` VALUES ('3fa3250a18ce4883a67e0de89588232b', 'a91e496aa0ab42239c11617d7095034a', '0,1,a91e496aa0ab42239c11617d7095034a,', '', 60, '/demo/demoData/page', '', '', '1', '', '1', '2019-09-06 00:53:12', '1', '2019-09-06 00:54:07', '', '0');
INSERT INTO `sys_menu` VALUES ('4', '3', '0,1,2,3,', '', 30, '/sys/menu/', NULL, 'list-alt', '1', NULL, '1', '2013-05-27 08:00:00', '1', '2013-05-27 08:00:00', NULL, '0');
INSERT INTO `sys_menu` VALUES ('40', '31', '0,1,31,', '', 500, NULL, NULL, NULL, '1', 'cms:view', '1', '2013-05-27 08:00:00', '1', '2013-05-27 08:00:00', NULL, '1');
INSERT INTO `sys_menu` VALUES ('41', '40', '0,1,31,40,', '', 30, '/cms/', NULL, 'briefcase', '1', NULL, '1', '2013-05-27 08:00:00', '1', '2013-05-27 08:00:00', NULL, '1');
INSERT INTO `sys_menu` VALUES ('42', '41', '0,1,31,40,41,', '', 40, '/cms/article/', NULL, 'file', '0', NULL, '1', '2013-05-27 08:00:00', '1', '2013-05-27 08:00:00', NULL, '1');
INSERT INTO `sys_menu` VALUES ('43', '42', '0,1,31,40,41,42,', '', 30, NULL, NULL, NULL, '0', 'cms:article:view', '1', '2013-05-27 08:00:00', '1', '2013-05-27 08:00:00', NULL, '1');
INSERT INTO `sys_menu` VALUES ('44', '42', '0,1,31,40,41,42,', '', 40, NULL, NULL, NULL, '0', 'cms:article:edit', '1', '2013-05-27 08:00:00', '1', '2013-05-27 08:00:00', NULL, '1');
INSERT INTO `sys_menu` VALUES ('45', '42', '0,1,31,40,41,42,', '', 50, NULL, NULL, NULL, '0', 'cms:article:audit', '1', '2013-05-27 08:00:00', '1', '2013-05-27 08:00:00', NULL, '1');
INSERT INTO `sys_menu` VALUES ('46', '41', '0,1,31,40,41,', '', 60, '/cms/link/', NULL, 'random', '0', NULL, '1', '2013-05-27 08:00:00', '1', '2013-05-27 08:00:00', NULL, '1');
INSERT INTO `sys_menu` VALUES ('47', '46', '0,1,31,40,41,46,', '', 30, NULL, NULL, NULL, '0', 'cms:link:view', '1', '2013-05-27 08:00:00', '1', '2013-05-27 08:00:00', NULL, '1');
INSERT INTO `sys_menu` VALUES ('48', '46', '0,1,31,40,41,46,', '', 40, NULL, NULL, NULL, '0', 'cms:link:edit', '1', '2013-05-27 08:00:00', '1', '2013-05-27 08:00:00', NULL, '1');
INSERT INTO `sys_menu` VALUES ('4855cf3b25c244fb8500a380db189d97', 'b1f6d1b86ba24365bae7fd86c5082317', '0,1,79,3c92c17886944d0687e73e286cada573,b1f6d1b86ba24365bae7fd86c5082317,', '', 30, '', '', '', '0', 'test:testDataMain:view', '1', '2013-08-12 13:10:05', '1', '2013-08-12 13:10:05', '', '0');
INSERT INTO `sys_menu` VALUES ('49', '46', '0,1,31,40,41,46,', '', 50, NULL, NULL, NULL, '0', 'cms:link:audit', '1', '2013-05-27 08:00:00', '1', '2013-05-27 08:00:00', NULL, '1');
INSERT INTO `sys_menu` VALUES ('5', '4', '0,1,2,3,4,', '', 30, NULL, NULL, NULL, '0', 'sys:menu:view', '1', '2013-05-27 08:00:00', '1', '2013-05-27 08:00:00', NULL, '0');
INSERT INTO `sys_menu` VALUES ('50', '40', '0,1,31,40,', '', 40, '/cms/comment/?status=2', NULL, 'comment', '1', NULL, '1', '2013-05-27 08:00:00', '1', '2013-05-27 08:00:00', NULL, '1');
INSERT INTO `sys_menu` VALUES ('51', '50', '0,1,31,40,50,', '', 30, NULL, NULL, NULL, '0', 'cms:comment:view', '1', '2013-05-27 08:00:00', '1', '2013-05-27 08:00:00', NULL, '1');
INSERT INTO `sys_menu` VALUES ('52', '50', '0,1,31,40,50,', '', 40, NULL, NULL, NULL, '0', 'cms:comment:edit', '1', '2013-05-27 08:00:00', '1', '2013-05-27 08:00:00', NULL, '1');
INSERT INTO `sys_menu` VALUES ('53', '40', '0,1,31,40,', '', 80, '/cms/guestbook/?status=2', NULL, 'glass', '1', NULL, '1', '2013-05-27 08:00:00', '1', '2013-05-27 08:00:00', NULL, '1');
INSERT INTO `sys_menu` VALUES ('54', '53', '0,1,31,40,53,', '', 30, NULL, NULL, NULL, '0', 'cms:guestbook:view', '1', '2013-05-27 08:00:00', '1', '2013-05-27 08:00:00', NULL, '1');
INSERT INTO `sys_menu` VALUES ('55', '53', '0,1,31,40,53,', '', 40, NULL, NULL, NULL, '0', 'cms:guestbook:edit', '1', '2013-05-27 08:00:00', '1', '2013-05-27 08:00:00', NULL, '1');
INSERT INTO `sys_menu` VALUES ('56', '71', '0,1,27,71,', '', 90, '/../static/ckfinder/ckfinder.html', NULL, 'folder-open', '1', NULL, '1', '2013-05-27 08:00:00', '1', '2013-05-27 08:00:00', NULL, '0');
INSERT INTO `sys_menu` VALUES ('57', '56', '0,1,27,40,56,', '', 30, NULL, NULL, NULL, '0', 'cms:ckfinder:view', '1', '2013-05-27 08:00:00', '1', '2013-05-27 08:00:00', NULL, '0');
INSERT INTO `sys_menu` VALUES ('58', '56', '0,1,27,40,56,', '', 40, NULL, NULL, NULL, '0', 'cms:ckfinder:upload', '1', '2013-05-27 08:00:00', '1', '2013-05-27 08:00:00', NULL, '0');
INSERT INTO `sys_menu` VALUES ('59', '56', '0,1,27,40,56,', '', 50, NULL, NULL, NULL, '0', 'cms:ckfinder:edit', '1', '2013-05-27 08:00:00', '1', '2013-05-27 08:00:00', NULL, '0');
INSERT INTO `sys_menu` VALUES ('6', '4', '0,1,2,3,4,', '', 40, NULL, NULL, NULL, '0', 'sys:menu:edit', '1', '2013-05-27 08:00:00', '1', '2013-05-27 08:00:00', NULL, '0');
INSERT INTO `sys_menu` VALUES ('60', '31', '0,1,31,', '', 600, NULL, NULL, NULL, '1', NULL, '1', '2013-05-27 08:00:00', '1', '2013-05-27 08:00:00', NULL, '1');
INSERT INTO `sys_menu` VALUES ('61', '60', '0,1,31,60,', '', 30, '/cms/stats/article', NULL, 'tasks', '1', 'cms:stats:article', '1', '2013-05-27 08:00:00', '1', '2013-05-27 08:00:00', NULL, '1');
INSERT INTO `sys_menu` VALUES ('62', '1', '0,1,', '', 200, '', '', 'dashboard', '1', '', '1', '2013-05-27 08:00:00', '1', '2019-09-06 00:48:02', '', '0');
INSERT INTO `sys_menu` VALUES ('63', '62', '0,1,62,', '', 30, NULL, NULL, NULL, '1', NULL, '1', '2013-05-27 08:00:00', '1', '2013-05-27 08:00:00', NULL, '0');
INSERT INTO `sys_menu` VALUES ('64', '63', '0,1,62,63,', '', 300, '/oa/leave', NULL, 'leaf', '0', NULL, '1', '2013-05-27 08:00:00', '1', '2013-05-27 08:00:00', NULL, '0');
INSERT INTO `sys_menu` VALUES ('65', '64', '0,1,62,63,64,', '', 30, NULL, NULL, NULL, '0', 'oa:leave:view', '1', '2013-05-27 08:00:00', '1', '2013-05-27 08:00:00', NULL, '0');
INSERT INTO `sys_menu` VALUES ('65d779ccec984ff0b31df79b87ed9d56', 'a91e496aa0ab42239c11617d7095034a', '0,1,a91e496aa0ab42239c11617d7095034a,', '', 30, '/demo/demoData/list', '', '', '1', 'demo:demoData:view,demo:demoData:edit', '1', '2019-09-06 00:50:59', '1', '2019-09-06 00:51:44', '', '0');
INSERT INTO `sys_menu` VALUES ('66', '64', '0,1,62,63,64,', '', 40, NULL, NULL, NULL, '0', 'oa:leave:edit', '1', '2013-05-27 08:00:00', '1', '2013-05-27 08:00:00', NULL, '0');
INSERT INTO `sys_menu` VALUES ('67', '2', '0,1,2,', '', 985, NULL, NULL, NULL, '1', NULL, '1', '2013-06-03 08:00:00', '1', '2013-06-03 08:00:00', NULL, '0');
INSERT INTO `sys_menu` VALUES ('68', '67', '0,1,2,67,', '', 30, '/sys/log', NULL, 'pencil', '1', 'sys:log:view', '1', '2013-06-03 08:00:00', '1', '2013-06-03 08:00:00', NULL, '0');
INSERT INTO `sys_menu` VALUES ('69', '62', '0,1,62,', '', 300, NULL, NULL, NULL, '1', NULL, '1', '2013-05-27 08:00:00', '1', '2013-05-27 08:00:00', NULL, '0');
INSERT INTO `sys_menu` VALUES ('7', '3', '0,1,2,3,', '', 50, '/sys/role/', NULL, 'lock', '1', NULL, '1', '2013-05-27 08:00:00', '1', '2013-05-27 08:00:00', NULL, '0');
INSERT INTO `sys_menu` VALUES ('70', '69', '0,1,62,69,', '', 50, '/act/process', NULL, 'road', '1', 'act:process:edit', '1', '2013-05-27 08:00:00', '1', '2013-05-27 08:00:00', NULL, '0');
INSERT INTO `sys_menu` VALUES ('71', '27', '0,1,27,', '', 90, NULL, NULL, NULL, '1', NULL, '1', '2013-05-27 08:00:00', '1', '2013-05-27 08:00:00', NULL, '0');
INSERT INTO `sys_menu` VALUES ('72', '69', '0,1,62,69,', '', 100, '/act/model', NULL, 'road', '1', 'act:model:edit', '1', '2013-09-20 08:00:00', '1', '2013-09-20 08:00:00', NULL, '0');
INSERT INTO `sys_menu` VALUES ('73', '63', '0,1,62,63,', '', 50, '/act/task/todo/', NULL, 'tasks', '1', NULL, '1', '2013-09-24 08:00:00', '1', '2013-09-24 08:00:00', NULL, '0');
INSERT INTO `sys_menu` VALUES ('74', '63', '0,1,62,63,', '', 100, '/oa/testAudit', NULL, NULL, '1', 'oa:testAudit:view,oa:testAudit:edit', '1', '2013-09-24 08:00:00', '1', '2013-09-24 08:00:00', NULL, '0');
INSERT INTO `sys_menu` VALUES ('75', '1', '0,1,', '', 3000, NULL, NULL, NULL, '1', NULL, '1', '2013-10-08 08:00:00', '1', '2013-10-08 08:00:00', NULL, '1');
INSERT INTO `sys_menu` VALUES ('79', '1', '0,1,', '', 5000, '', '', 'desktop', '1', '', '1', '2013-10-16 08:00:00', '1', '2019-09-06 00:49:58', '', '0');
INSERT INTO `sys_menu` VALUES ('8', '7', '0,1,2,3,7,', '', 30, NULL, NULL, NULL, '0', 'sys:role:view', '1', '2013-05-27 08:00:00', '1', '2013-05-27 08:00:00', NULL, '0');
INSERT INTO `sys_menu` VALUES ('80', '79', '0,1,79,', '', 50, NULL, NULL, NULL, '1', NULL, '1', '2013-10-16 08:00:00', '1', '2013-10-16 08:00:00', NULL, '0');
INSERT INTO `sys_menu` VALUES ('81', '80', '0,1,79,80,', '', 30, '/gen/genScheme', NULL, NULL, '1', 'gen:genScheme:view,gen:genScheme:edit', '1', '2013-10-16 08:00:00', '1', '2013-10-16 08:00:00', NULL, '0');
INSERT INTO `sys_menu` VALUES ('82', '80', '0,1,79,80,', '', 20, '/gen/genTable', NULL, NULL, '1', 'gen:genTable:view,gen:genTable:edit,gen:genTableColumn:view,gen:genTableColumn:edit', '1', '2013-10-16 08:00:00', '1', '2013-10-16 08:00:00', NULL, '0');
INSERT INTO `sys_menu` VALUES ('83', '80', '0,1,79,80,', '', 90, '/gen/genTemplate', NULL, NULL, '1', 'gen:genTemplate:view,gen:genTemplate:edit', '1', '2013-10-16 08:00:00', '1', '2013-10-16 08:00:00', NULL, '1');
INSERT INTO `sys_menu` VALUES ('84', '67', '0,1,2,67,', '', 40, '/../druid', '', 'random', '1', '', '1', '2013-10-18 08:00:00', '1', '2019-09-09 04:26:55', '', '0');
INSERT INTO `sys_menu` VALUES ('85', '76', '0,1,75,76,', '', 80, '/../static/map/map-city.html', NULL, NULL, '1', NULL, '1', '2013-10-22 08:00:00', '1', '2013-10-22 08:00:00', NULL, '0');
INSERT INTO `sys_menu` VALUES ('86', '75', '0,1,75,', '', 50, NULL, NULL, NULL, '1', NULL, '1', '2013-10-22 08:00:00', '1', '2013-10-22 08:00:00', NULL, '1');
INSERT INTO `sys_menu` VALUES ('87', '86', '0,1,75,86,', '', 30, '/test/test/form', NULL, NULL, '1', 'test:test:view,test:test:edit', '1', '2013-10-22 08:00:00', '1', '2013-10-22 08:00:00', NULL, '1');
INSERT INTO `sys_menu` VALUES ('88', '62', '0,1,62,', '', 20, '', '', '', '1', '', '1', '2013-11-08 08:00:00', '1', '2013-11-08 08:00:00', NULL, '0');
INSERT INTO `sys_menu` VALUES ('89', '88', '0,1,62,88,', '', 30, '/oa/oaNotify/self', '', '', '1', '', '1', '2013-11-08 08:00:00', '1', '2013-11-08 08:00:00', NULL, '0');
INSERT INTO `sys_menu` VALUES ('9', '7', '0,1,2,3,7,', '', 40, NULL, NULL, NULL, '0', 'sys:role:edit', '1', '2013-05-27 08:00:00', '1', '2013-05-27 08:00:00', NULL, '0');
INSERT INTO `sys_menu` VALUES ('90', '88', '0,1,62,88,', '', 50, '/oa/oaNotify', '', '', '1', 'oa:oaNotify:view,oa:oaNotify:edit', '1', '2013-11-08 08:00:00', '1', '2013-11-08 08:00:00', NULL, '0');
INSERT INTO `sys_menu` VALUES ('a91e496aa0ab42239c11617d7095034a', '1', '0,1,', '', 5030, '', '', 'indent-right', '1', '', '1', '2019-09-06 00:46:18', '1', '2019-09-06 00:46:18', '', '0');
INSERT INTO `sys_menu` VALUES ('afab2db430e2457f9cf3a11feaa8b869', '0ca004d6b1bf4bcab9670a5060d82a55', '0,1,79,3c92c17886944d0687e73e286cada573,0ca004d6b1bf4bcab9670a5060d82a55,', '', 60, '', '', '', '0', 'test:testTree:edit', '1', '2013-08-12 13:10:05', '1', '2013-08-12 13:10:05', '', '0');
INSERT INTO `sys_menu` VALUES ('b1f6d1b86ba24365bae7fd86c5082317', '3c92c17886944d0687e73e286cada573', '0,1,79,3c92c17886944d0687e73e286cada573,', '', 60, '/test/testDataMain', '', '', '1', '', '1', '2013-08-12 13:10:05', '1', '2013-08-12 13:10:05', '', '0');
INSERT INTO `sys_menu` VALUES ('ba8092291b40482db8fe7fc006ea3d76', '3c92c17886944d0687e73e286cada573', '0,1,79,3c92c17886944d0687e73e286cada573,', '', 30, '/test/testData', '', '', '1', '', '1', '2013-08-12 13:10:05', '1', '2013-08-12 13:10:05', '', '0');
INSERT INTO `sys_menu` VALUES ('c2e4d9082a0b4386884a0b203afe2c5c', '0ca004d6b1bf4bcab9670a5060d82a55', '0,1,79,3c92c17886944d0687e73e286cada573,0ca004d6b1bf4bcab9670a5060d82a55,', '', 30, '', '', '', '0', 'test:testTree:view', '1', '2013-08-12 13:10:05', '1', '2013-08-12 13:10:05', '', '0');
INSERT INTO `sys_menu` VALUES ('d15ec45a4c5449c3bbd7a61d5f9dd1d2', 'b1f6d1b86ba24365bae7fd86c5082317', '0,1,79,3c92c17886944d0687e73e286cada573,b1f6d1b86ba24365bae7fd86c5082317,', '', 60, '', '', '', '0', 'test:testDataMain:edit', '1', '2013-08-12 13:10:05', '1', '2013-08-12 13:10:05', '', '0');
INSERT INTO `sys_menu` VALUES ('df7ce823c5b24ff9bada43d992f373e2', 'ba8092291b40482db8fe7fc006ea3d76', '0,1,79,3c92c17886944d0687e73e286cada573,ba8092291b40482db8fe7fc006ea3d76,', '', 30, '', '', '', '0', 'test:testData:view', '1', '2013-08-12 13:10:05', '1', '2013-08-12 13:10:05', '', '0');

-- ----------------------------
-- Table structure for sys_office
-- ----------------------------
DROP TABLE IF EXISTS `sys_office`;
CREATE TABLE `sys_office`  (
  `id` varchar(64) CHARACTER SET utf8 COLLATE utf8_general_ci NOT NULL COMMENT '',
  `parent_id` varchar(64) CHARACTER SET utf8 COLLATE utf8_general_ci NOT NULL COMMENT '',
  `parent_ids` varchar(2000) CHARACTER SET utf8 COLLATE utf8_general_ci NOT NULL COMMENT '',
  `name` varchar(100) CHARACTER SET utf8 COLLATE utf8_general_ci NOT NULL COMMENT '',
  `sort` decimal(10, 0) NOT NULL COMMENT '',
  `area_id` varchar(64) CHARACTER SET utf8 COLLATE utf8_general_ci NOT NULL COMMENT '',
  `code` varchar(100) CHARACTER SET utf8 COLLATE utf8_general_ci NULL DEFAULT NULL COMMENT '',
  `type` char(1) CHARACTER SET utf8 COLLATE utf8_general_ci NOT NULL COMMENT '',
  `grade` char(1) CHARACTER SET utf8 COLLATE utf8_general_ci NOT NULL COMMENT '',
  `address` varchar(255) CHARACTER SET utf8 COLLATE utf8_general_ci NULL DEFAULT NULL COMMENT '',
  `zip_code` varchar(100) CHARACTER SET utf8 COLLATE utf8_general_ci NULL DEFAULT NULL COMMENT '',
  `master` varchar(100) CHARACTER SET utf8 COLLATE utf8_general_ci NULL DEFAULT NULL COMMENT '',
  `phone` varchar(200) CHARACTER SET utf8 COLLATE utf8_general_ci NULL DEFAULT NULL COMMENT '',
  `fax` varchar(200) CHARACTER SET utf8 COLLATE utf8_general_ci NULL DEFAULT NULL COMMENT '',
  `email` varchar(200) CHARACTER SET utf8 COLLATE utf8_general_ci NULL DEFAULT NULL COMMENT '',
  `USEABLE` varchar(64) CHARACTER SET utf8 COLLATE utf8_general_ci NULL DEFAULT NULL COMMENT '',
  `PRIMARY_PERSON` varchar(64) CHARACTER SET utf8 COLLATE utf8_general_ci NULL DEFAULT NULL COMMENT '',
  `DEPUTY_PERSON` varchar(64) CHARACTER SET utf8 COLLATE utf8_general_ci NULL DEFAULT NULL COMMENT '',
  `create_by` varchar(64) CHARACTER SET utf8 COLLATE utf8_general_ci NOT NULL COMMENT '',
  `create_date` datetime(0) NOT NULL COMMENT '',
  `update_by` varchar(64) CHARACTER SET utf8 COLLATE utf8_general_ci NOT NULL COMMENT '',
  `update_date` datetime(0) NOT NULL COMMENT '',
  `remarks` varchar(255) CHARACTER SET utf8 COLLATE utf8_general_ci NULL DEFAULT NULL COMMENT '',
  `del_flag` char(1) CHARACTER SET utf8 COLLATE utf8_general_ci NOT NULL DEFAULT '0' COMMENT '',
  PRIMARY KEY (`id`) USING BTREE,
  INDEX `sys_office_parent_id`(`parent_id`) USING BTREE,
  INDEX `sys_office_del_flag`(`del_flag`) USING BTREE,
  INDEX `sys_office_type`(`type`) USING BTREE
) ENGINE = InnoDB CHARACTER SET = utf8 COLLATE = utf8_general_ci COMMENT = '' ROW_FORMAT = Dynamic;

-- ----------------------------
-- Records of sys_office
-- ----------------------------
INSERT INTO `sys_office` VALUES ('1', '0', '0,', '', 10, '2', '100000', '1', '1', NULL, NULL, NULL, NULL, NULL, NULL, '1', NULL, NULL, '1', '2013-05-27 08:00:00', '1', '2013-05-27 08:00:00', NULL, '0');
INSERT INTO `sys_office` VALUES ('10', '7', '0,1,7,', '', 30, '3', '200003', '2', '2', NULL, NULL, NULL, NULL, NULL, NULL, '1', NULL, NULL, '1', '2013-05-27 08:00:00', '1', '2013-05-27 08:00:00', NULL, '0');
INSERT INTO `sys_office` VALUES ('11', '7', '0,1,7,', '', 40, '3', '200004', '2', '2', NULL, NULL, NULL, NULL, NULL, NULL, '1', NULL, NULL, '1', '2013-05-27 08:00:00', '1', '2013-05-27 08:00:00', NULL, '0');
INSERT INTO `sys_office` VALUES ('12', '7', '0,1,7,', '', 0, '4', '201000', '1', '3', NULL, NULL, NULL, NULL, NULL, NULL, '1', NULL, NULL, '1', '2013-05-27 08:00:00', '1', '2013-05-27 08:00:00', NULL, '0');
INSERT INTO `sys_office` VALUES ('13', '12', '0,1,7,12,', '', 10, '4', '201001', '2', '3', NULL, NULL, NULL, NULL, NULL, NULL, '1', NULL, NULL, '1', '2013-05-27 08:00:00', '1', '2013-05-27 08:00:00', NULL, '0');
INSERT INTO `sys_office` VALUES ('14', '12', '0,1,7,12,', '', 20, '4', '201002', '2', '3', NULL, NULL, NULL, NULL, NULL, NULL, '1', NULL, NULL, '1', '2013-05-27 08:00:00', '1', '2013-05-27 08:00:00', NULL, '0');
INSERT INTO `sys_office` VALUES ('15', '12', '0,1,7,12,', '', 30, '4', '201003', '2', '3', NULL, NULL, NULL, NULL, NULL, NULL, '1', NULL, NULL, '1', '2013-05-27 08:00:00', '1', '2013-05-27 08:00:00', NULL, '0');
INSERT INTO `sys_office` VALUES ('16', '12', '0,1,7,12,', '', 40, '4', '201004', '2', '3', NULL, NULL, NULL, NULL, NULL, NULL, '1', NULL, NULL, '1', '2013-05-27 08:00:00', '1', '2013-05-27 08:00:00', NULL, '0');
INSERT INTO `sys_office` VALUES ('17', '7', '0,1,7,', '', 40, '5', '201010', '1', '3', NULL, NULL, NULL, NULL, NULL, NULL, '1', NULL, NULL, '1', '2013-05-27 08:00:00', '1', '2013-05-27 08:00:00', NULL, '0');
INSERT INTO `sys_office` VALUES ('18', '17', '0,1,7,17,', '', 10, '5', '201011', '2', '3', NULL, NULL, NULL, NULL, NULL, NULL, '1', NULL, NULL, '1', '2013-05-27 08:00:00', '1', '2013-05-27 08:00:00', NULL, '0');
INSERT INTO `sys_office` VALUES ('19', '17', '0,1,7,17,', '', 20, '5', '201012', '2', '3', NULL, NULL, NULL, NULL, NULL, NULL, '1', NULL, NULL, '1', '2013-05-27 08:00:00', '1', '2013-05-27 08:00:00', NULL, '0');
INSERT INTO `sys_office` VALUES ('2', '1', '0,1,', '', 10, '2', '100001', '2', '1', NULL, NULL, NULL, NULL, NULL, NULL, '1', NULL, NULL, '1', '2013-05-27 08:00:00', '1', '2013-05-27 08:00:00', NULL, '0');
INSERT INTO `sys_office` VALUES ('20', '17', '0,1,7,17,', '', 30, '5', '201013', '2', '3', NULL, NULL, NULL, NULL, NULL, NULL, '1', NULL, NULL, '1', '2013-05-27 08:00:00', '1', '2013-05-27 08:00:00', NULL, '0');
INSERT INTO `sys_office` VALUES ('21', '17', '0,1,7,17,', '', 40, '5', '201014', '2', '3', NULL, NULL, NULL, NULL, NULL, NULL, '1', NULL, NULL, '1', '2013-05-27 08:00:00', '1', '2013-05-27 08:00:00', NULL, '0');
INSERT INTO `sys_office` VALUES ('22', '7', '0,1,7,', '', 50, '6', '201010', '1', '3', NULL, NULL, NULL, NULL, NULL, NULL, '1', NULL, NULL, '1', '2013-05-27 08:00:00', '1', '2013-05-27 08:00:00', NULL, '0');
INSERT INTO `sys_office` VALUES ('23', '22', '0,1,7,22,', '', 10, '6', '201011', '2', '3', NULL, NULL, NULL, NULL, NULL, NULL, '1', NULL, NULL, '1', '2013-05-27 08:00:00', '1', '2013-05-27 08:00:00', NULL, '0');
INSERT INTO `sys_office` VALUES ('24', '22', '0,1,7,22,', '', 20, '6', '201012', '2', '3', NULL, NULL, NULL, NULL, NULL, NULL, '1', NULL, NULL, '1', '2013-05-27 08:00:00', '1', '2013-05-27 08:00:00', NULL, '0');
INSERT INTO `sys_office` VALUES ('25', '22', '0,1,7,22,', '', 30, '6', '201013', '2', '3', NULL, NULL, NULL, NULL, NULL, NULL, '1', NULL, NULL, '1', '2013-05-27 08:00:00', '1', '2013-05-27 08:00:00', NULL, '0');
INSERT INTO `sys_office` VALUES ('26', '22', '0,1,7,22,', '', 40, '6', '201014', '2', '3', NULL, NULL, NULL, NULL, NULL, NULL, '1', NULL, NULL, '1', '2013-05-27 08:00:00', '1', '2013-05-27 08:00:00', NULL, '0');
INSERT INTO `sys_office` VALUES ('3', '1', '0,1,', '', 20, '2', '100002', '2', '1', NULL, NULL, NULL, NULL, NULL, NULL, '1', NULL, NULL, '1', '2013-05-27 08:00:00', '1', '2013-05-27 08:00:00', NULL, '0');
INSERT INTO `sys_office` VALUES ('4', '1', '0,1,', '', 30, '2', '100003', '2', '1', NULL, NULL, NULL, NULL, NULL, NULL, '1', NULL, NULL, '1', '2013-05-27 08:00:00', '1', '2013-05-27 08:00:00', NULL, '0');
INSERT INTO `sys_office` VALUES ('5', '1', '0,1,', '', 40, '2', '100004', '2', '1', NULL, NULL, NULL, NULL, NULL, NULL, '1', NULL, NULL, '1', '2013-05-27 08:00:00', '1', '2013-05-27 08:00:00', NULL, '0');
INSERT INTO `sys_office` VALUES ('6', '1', '0,1,', '', 50, '2', '100005', '2', '1', NULL, NULL, NULL, NULL, NULL, NULL, '1', NULL, NULL, '1', '2013-05-27 08:00:00', '1', '2013-05-27 08:00:00', NULL, '0');
INSERT INTO `sys_office` VALUES ('7', '1', '0,1,', '', 20, '3', '200000', '1', '2', NULL, NULL, NULL, NULL, NULL, NULL, '1', NULL, NULL, '1', '2013-05-27 08:00:00', '1', '2013-05-27 08:00:00', NULL, '0');
INSERT INTO `sys_office` VALUES ('8', '7', '0,1,7,', '', 10, '3', '200001', '2', '2', NULL, NULL, NULL, NULL, NULL, NULL, '1', NULL, NULL, '1', '2013-05-27 08:00:00', '1', '2013-05-27 08:00:00', NULL, '0');
INSERT INTO `sys_office` VALUES ('9', '7', '0,1,7,', '', 20, '3', '200002', '2', '2', NULL, NULL, NULL, NULL, NULL, NULL, '1', NULL, NULL, '1', '2013-05-27 08:00:00', '1', '2013-05-27 08:00:00', NULL, '0');

-- ----------------------------
-- Table structure for sys_role
-- ----------------------------
DROP TABLE IF EXISTS `sys_role`;
CREATE TABLE `sys_role`  (
  `id` varchar(64) CHARACTER SET utf8 COLLATE utf8_general_ci NOT NULL COMMENT '',
  `office_id` varchar(64) CHARACTER SET utf8 COLLATE utf8_general_ci NULL DEFAULT NULL COMMENT '',
  `name` varchar(100) CHARACTER SET utf8 COLLATE utf8_general_ci NOT NULL COMMENT '',
  `enname` varchar(255) CHARACTER SET utf8 COLLATE utf8_general_ci NULL DEFAULT NULL COMMENT '',
  `role_type` varchar(255) CHARACTER SET utf8 COLLATE utf8_general_ci NULL DEFAULT NULL COMMENT '',
  `data_scope` char(1) CHARACTER SET utf8 COLLATE utf8_general_ci NULL DEFAULT NULL COMMENT '',
  `is_sys` varchar(64) CHARACTER SET utf8 COLLATE utf8_general_ci NULL DEFAULT NULL COMMENT '',
  `useable` varchar(64) CHARACTER SET utf8 COLLATE utf8_general_ci NULL DEFAULT NULL COMMENT '',
  `create_by` varchar(64) CHARACTER SET utf8 COLLATE utf8_general_ci NOT NULL COMMENT '',
  `create_date` datetime(0) NOT NULL COMMENT '',
  `update_by` varchar(64) CHARACTER SET utf8 COLLATE utf8_general_ci NOT NULL COMMENT '',
  `update_date` datetime(0) NOT NULL COMMENT '',
  `remarks` varchar(255) CHARACTER SET utf8 COLLATE utf8_general_ci NULL DEFAULT NULL COMMENT '',
  `del_flag` char(1) CHARACTER SET utf8 COLLATE utf8_general_ci NOT NULL DEFAULT '0' COMMENT '',
  PRIMARY KEY (`id`) USING BTREE,
  INDEX `sys_role_del_flag`(`del_flag`) USING BTREE,
  INDEX `sys_role_enname`(`enname`) USING BTREE
) ENGINE = InnoDB CHARACTER SET = utf8 COLLATE = utf8_general_ci COMMENT = '' ROW_FORMAT = Dynamic;

-- ----------------------------
-- Records of sys_role
-- ----------------------------
INSERT INTO `sys_role` VALUES ('1', '1', '', 'dept', 'assignment', '1', '1', '1', '1', '2013-05-27 08:00:00', '1', '2019-09-06 00:53:42', '', '0');
INSERT INTO `sys_role` VALUES ('2', '1', '', 'hr', 'assignment', '2', NULL, '1', '1', '2013-05-27 08:00:00', '1', '2013-05-27 08:00:00', NULL, '0');
INSERT INTO `sys_role` VALUES ('3', '1', '', 'a', 'assignment', '3', NULL, '1', '1', '2013-05-27 08:00:00', '1', '2013-05-27 08:00:00', NULL, '0');
INSERT INTO `sys_role` VALUES ('4', '1', '', 'b', 'assignment', '4', NULL, '1', '1', '2013-05-27 08:00:00', '1', '2013-05-27 08:00:00', NULL, '0');
INSERT INTO `sys_role` VALUES ('5', '1', '', 'c', 'assignment', '5', NULL, '1', '1', '2013-05-27 08:00:00', '1', '2013-05-27 08:00:00', NULL, '0');
INSERT INTO `sys_role` VALUES ('6', '1', '', 'd', 'assignment', '8', NULL, '1', '1', '2013-05-27 08:00:00', '1', '2013-05-27 08:00:00', NULL, '0');
INSERT INTO `sys_role` VALUES ('7', '7', '', 'e', 'assignment', '9', NULL, '1', '1', '2013-05-27 08:00:00', '1', '2013-05-27 08:00:00', NULL, '0');

-- ----------------------------
-- Table structure for sys_role_menu
-- ----------------------------
DROP TABLE IF EXISTS `sys_role_menu`;
CREATE TABLE `sys_role_menu`  (
  `role_id` varchar(64) CHARACTER SET utf8 COLLATE utf8_general_ci NOT NULL COMMENT '',
  `menu_id` varchar(64) CHARACTER SET utf8 COLLATE utf8_general_ci NOT NULL COMMENT '',
  PRIMARY KEY (`role_id`, `menu_id`) USING BTREE
) ENGINE = InnoDB CHARACTER SET = utf8 COLLATE = utf8_general_ci COMMENT = '-' ROW_FORMAT = Dynamic;

-- ----------------------------
-- Records of sys_role_menu
-- ----------------------------
INSERT INTO `sys_role_menu` VALUES ('1', '0b2ebd4d639e4c2b83c2dd0764522f24');
INSERT INTO `sys_role_menu` VALUES ('1', '0ca004d6b1bf4bcab9670a5060d82a55');
INSERT INTO `sys_role_menu` VALUES ('1', '1');
INSERT INTO `sys_role_menu` VALUES ('1', '10');
INSERT INTO `sys_role_menu` VALUES ('1', '11');
INSERT INTO `sys_role_menu` VALUES ('1', '12');
INSERT INTO `sys_role_menu` VALUES ('1', '13');
INSERT INTO `sys_role_menu` VALUES ('1', '14');
INSERT INTO `sys_role_menu` VALUES ('1', '15');
INSERT INTO `sys_role_menu` VALUES ('1', '16');
INSERT INTO `sys_role_menu` VALUES ('1', '17');
INSERT INTO `sys_role_menu` VALUES ('1', '18');
INSERT INTO `sys_role_menu` VALUES ('1', '19');
INSERT INTO `sys_role_menu` VALUES ('1', '2');
INSERT INTO `sys_role_menu` VALUES ('1', '20');
INSERT INTO `sys_role_menu` VALUES ('1', '21');
INSERT INTO `sys_role_menu` VALUES ('1', '22');
INSERT INTO `sys_role_menu` VALUES ('1', '27');
INSERT INTO `sys_role_menu` VALUES ('1', '28');
INSERT INTO `sys_role_menu` VALUES ('1', '29');
INSERT INTO `sys_role_menu` VALUES ('1', '3');
INSERT INTO `sys_role_menu` VALUES ('1', '30');
INSERT INTO `sys_role_menu` VALUES ('1', '3c92c17886944d0687e73e286cada573');
INSERT INTO `sys_role_menu` VALUES ('1', '3fa3250a18ce4883a67e0de89588232b');
INSERT INTO `sys_role_menu` VALUES ('1', '4');
INSERT INTO `sys_role_menu` VALUES ('1', '4855cf3b25c244fb8500a380db189d97');
INSERT INTO `sys_role_menu` VALUES ('1', '5');
INSERT INTO `sys_role_menu` VALUES ('1', '56');
INSERT INTO `sys_role_menu` VALUES ('1', '57');
INSERT INTO `sys_role_menu` VALUES ('1', '58');
INSERT INTO `sys_role_menu` VALUES ('1', '59');
INSERT INTO `sys_role_menu` VALUES ('1', '6');
INSERT INTO `sys_role_menu` VALUES ('1', '62');
INSERT INTO `sys_role_menu` VALUES ('1', '63');
INSERT INTO `sys_role_menu` VALUES ('1', '64');
INSERT INTO `sys_role_menu` VALUES ('1', '65');
INSERT INTO `sys_role_menu` VALUES ('1', '65d779ccec984ff0b31df79b87ed9d56');
INSERT INTO `sys_role_menu` VALUES ('1', '66');
INSERT INTO `sys_role_menu` VALUES ('1', '67');
INSERT INTO `sys_role_menu` VALUES ('1', '68');
INSERT INTO `sys_role_menu` VALUES ('1', '69');
INSERT INTO `sys_role_menu` VALUES ('1', '7');
INSERT INTO `sys_role_menu` VALUES ('1', '70');
INSERT INTO `sys_role_menu` VALUES ('1', '71');
INSERT INTO `sys_role_menu` VALUES ('1', '72');
INSERT INTO `sys_role_menu` VALUES ('1', '73');
INSERT INTO `sys_role_menu` VALUES ('1', '74');
INSERT INTO `sys_role_menu` VALUES ('1', '79');
INSERT INTO `sys_role_menu` VALUES ('1', '8');
INSERT INTO `sys_role_menu` VALUES ('1', '80');
INSERT INTO `sys_role_menu` VALUES ('1', '81');
INSERT INTO `sys_role_menu` VALUES ('1', '82');
INSERT INTO `sys_role_menu` VALUES ('1', '84');
INSERT INTO `sys_role_menu` VALUES ('1', '88');
INSERT INTO `sys_role_menu` VALUES ('1', '89');
INSERT INTO `sys_role_menu` VALUES ('1', '9');
INSERT INTO `sys_role_menu` VALUES ('1', '90');
INSERT INTO `sys_role_menu` VALUES ('1', 'a91e496aa0ab42239c11617d7095034a');
INSERT INTO `sys_role_menu` VALUES ('1', 'afab2db430e2457f9cf3a11feaa8b869');
INSERT INTO `sys_role_menu` VALUES ('1', 'b1f6d1b86ba24365bae7fd86c5082317');
INSERT INTO `sys_role_menu` VALUES ('1', 'ba8092291b40482db8fe7fc006ea3d76');
INSERT INTO `sys_role_menu` VALUES ('1', 'c2e4d9082a0b4386884a0b203afe2c5c');
INSERT INTO `sys_role_menu` VALUES ('1', 'd15ec45a4c5449c3bbd7a61d5f9dd1d2');
INSERT INTO `sys_role_menu` VALUES ('1', 'df7ce823c5b24ff9bada43d992f373e2');
INSERT INTO `sys_role_menu` VALUES ('2', '1');
INSERT INTO `sys_role_menu` VALUES ('2', '10');
INSERT INTO `sys_role_menu` VALUES ('2', '11');
INSERT INTO `sys_role_menu` VALUES ('2', '12');
INSERT INTO `sys_role_menu` VALUES ('2', '13');
INSERT INTO `sys_role_menu` VALUES ('2', '14');
INSERT INTO `sys_role_menu` VALUES ('2', '15');
INSERT INTO `sys_role_menu` VALUES ('2', '16');
INSERT INTO `sys_role_menu` VALUES ('2', '17');
INSERT INTO `sys_role_menu` VALUES ('2', '18');
INSERT INTO `sys_role_menu` VALUES ('2', '19');
INSERT INTO `sys_role_menu` VALUES ('2', '2');
INSERT INTO `sys_role_menu` VALUES ('2', '20');
INSERT INTO `sys_role_menu` VALUES ('2', '21');
INSERT INTO `sys_role_menu` VALUES ('2', '22');
INSERT INTO `sys_role_menu` VALUES ('2', '23');
INSERT INTO `sys_role_menu` VALUES ('2', '24');
INSERT INTO `sys_role_menu` VALUES ('2', '25');
INSERT INTO `sys_role_menu` VALUES ('2', '26');
INSERT INTO `sys_role_menu` VALUES ('2', '27');
INSERT INTO `sys_role_menu` VALUES ('2', '28');
INSERT INTO `sys_role_menu` VALUES ('2', '29');
INSERT INTO `sys_role_menu` VALUES ('2', '3');
INSERT INTO `sys_role_menu` VALUES ('2', '30');
INSERT INTO `sys_role_menu` VALUES ('2', '31');
INSERT INTO `sys_role_menu` VALUES ('2', '32');
INSERT INTO `sys_role_menu` VALUES ('2', '33');
INSERT INTO `sys_role_menu` VALUES ('2', '34');
INSERT INTO `sys_role_menu` VALUES ('2', '35');
INSERT INTO `sys_role_menu` VALUES ('2', '36');
INSERT INTO `sys_role_menu` VALUES ('2', '37');
INSERT INTO `sys_role_menu` VALUES ('2', '38');
INSERT INTO `sys_role_menu` VALUES ('2', '39');
INSERT INTO `sys_role_menu` VALUES ('2', '4');
INSERT INTO `sys_role_menu` VALUES ('2', '40');
INSERT INTO `sys_role_menu` VALUES ('2', '41');
INSERT INTO `sys_role_menu` VALUES ('2', '42');
INSERT INTO `sys_role_menu` VALUES ('2', '43');
INSERT INTO `sys_role_menu` VALUES ('2', '44');
INSERT INTO `sys_role_menu` VALUES ('2', '45');
INSERT INTO `sys_role_menu` VALUES ('2', '46');
INSERT INTO `sys_role_menu` VALUES ('2', '47');
INSERT INTO `sys_role_menu` VALUES ('2', '48');
INSERT INTO `sys_role_menu` VALUES ('2', '49');
INSERT INTO `sys_role_menu` VALUES ('2', '5');
INSERT INTO `sys_role_menu` VALUES ('2', '50');
INSERT INTO `sys_role_menu` VALUES ('2', '51');
INSERT INTO `sys_role_menu` VALUES ('2', '52');
INSERT INTO `sys_role_menu` VALUES ('2', '53');
INSERT INTO `sys_role_menu` VALUES ('2', '54');
INSERT INTO `sys_role_menu` VALUES ('2', '55');
INSERT INTO `sys_role_menu` VALUES ('2', '56');
INSERT INTO `sys_role_menu` VALUES ('2', '57');
INSERT INTO `sys_role_menu` VALUES ('2', '58');
INSERT INTO `sys_role_menu` VALUES ('2', '59');
INSERT INTO `sys_role_menu` VALUES ('2', '6');
INSERT INTO `sys_role_menu` VALUES ('2', '60');
INSERT INTO `sys_role_menu` VALUES ('2', '61');
INSERT INTO `sys_role_menu` VALUES ('2', '62');
INSERT INTO `sys_role_menu` VALUES ('2', '63');
INSERT INTO `sys_role_menu` VALUES ('2', '64');
INSERT INTO `sys_role_menu` VALUES ('2', '65');
INSERT INTO `sys_role_menu` VALUES ('2', '66');
INSERT INTO `sys_role_menu` VALUES ('2', '67');
INSERT INTO `sys_role_menu` VALUES ('2', '68');
INSERT INTO `sys_role_menu` VALUES ('2', '69');
INSERT INTO `sys_role_menu` VALUES ('2', '7');
INSERT INTO `sys_role_menu` VALUES ('2', '70');
INSERT INTO `sys_role_menu` VALUES ('2', '71');
INSERT INTO `sys_role_menu` VALUES ('2', '72');
INSERT INTO `sys_role_menu` VALUES ('2', '73');
INSERT INTO `sys_role_menu` VALUES ('2', '74');
INSERT INTO `sys_role_menu` VALUES ('2', '75');
INSERT INTO `sys_role_menu` VALUES ('2', '76');
INSERT INTO `sys_role_menu` VALUES ('2', '77');
INSERT INTO `sys_role_menu` VALUES ('2', '78');
INSERT INTO `sys_role_menu` VALUES ('2', '79');
INSERT INTO `sys_role_menu` VALUES ('2', '8');
INSERT INTO `sys_role_menu` VALUES ('2', '80');
INSERT INTO `sys_role_menu` VALUES ('2', '81');
INSERT INTO `sys_role_menu` VALUES ('2', '82');
INSERT INTO `sys_role_menu` VALUES ('2', '83');
INSERT INTO `sys_role_menu` VALUES ('2', '84');
INSERT INTO `sys_role_menu` VALUES ('2', '85');
INSERT INTO `sys_role_menu` VALUES ('2', '86');
INSERT INTO `sys_role_menu` VALUES ('2', '87');
INSERT INTO `sys_role_menu` VALUES ('2', '88');
INSERT INTO `sys_role_menu` VALUES ('2', '89');
INSERT INTO `sys_role_menu` VALUES ('2', '9');
INSERT INTO `sys_role_menu` VALUES ('2', '90');
INSERT INTO `sys_role_menu` VALUES ('3', '1');
INSERT INTO `sys_role_menu` VALUES ('3', '10');
INSERT INTO `sys_role_menu` VALUES ('3', '11');
INSERT INTO `sys_role_menu` VALUES ('3', '12');
INSERT INTO `sys_role_menu` VALUES ('3', '13');
INSERT INTO `sys_role_menu` VALUES ('3', '14');
INSERT INTO `sys_role_menu` VALUES ('3', '15');
INSERT INTO `sys_role_menu` VALUES ('3', '16');
INSERT INTO `sys_role_menu` VALUES ('3', '17');
INSERT INTO `sys_role_menu` VALUES ('3', '18');
INSERT INTO `sys_role_menu` VALUES ('3', '19');
INSERT INTO `sys_role_menu` VALUES ('3', '2');
INSERT INTO `sys_role_menu` VALUES ('3', '20');
INSERT INTO `sys_role_menu` VALUES ('3', '21');
INSERT INTO `sys_role_menu` VALUES ('3', '22');
INSERT INTO `sys_role_menu` VALUES ('3', '23');
INSERT INTO `sys_role_menu` VALUES ('3', '24');
INSERT INTO `sys_role_menu` VALUES ('3', '25');
INSERT INTO `sys_role_menu` VALUES ('3', '26');
INSERT INTO `sys_role_menu` VALUES ('3', '27');
INSERT INTO `sys_role_menu` VALUES ('3', '28');
INSERT INTO `sys_role_menu` VALUES ('3', '29');
INSERT INTO `sys_role_menu` VALUES ('3', '3');
INSERT INTO `sys_role_menu` VALUES ('3', '30');
INSERT INTO `sys_role_menu` VALUES ('3', '31');
INSERT INTO `sys_role_menu` VALUES ('3', '32');
INSERT INTO `sys_role_menu` VALUES ('3', '33');
INSERT INTO `sys_role_menu` VALUES ('3', '34');
INSERT INTO `sys_role_menu` VALUES ('3', '35');
INSERT INTO `sys_role_menu` VALUES ('3', '36');
INSERT INTO `sys_role_menu` VALUES ('3', '37');
INSERT INTO `sys_role_menu` VALUES ('3', '38');
INSERT INTO `sys_role_menu` VALUES ('3', '39');
INSERT INTO `sys_role_menu` VALUES ('3', '4');
INSERT INTO `sys_role_menu` VALUES ('3', '40');
INSERT INTO `sys_role_menu` VALUES ('3', '41');
INSERT INTO `sys_role_menu` VALUES ('3', '42');
INSERT INTO `sys_role_menu` VALUES ('3', '43');
INSERT INTO `sys_role_menu` VALUES ('3', '44');
INSERT INTO `sys_role_menu` VALUES ('3', '45');
INSERT INTO `sys_role_menu` VALUES ('3', '46');
INSERT INTO `sys_role_menu` VALUES ('3', '47');
INSERT INTO `sys_role_menu` VALUES ('3', '48');
INSERT INTO `sys_role_menu` VALUES ('3', '49');
INSERT INTO `sys_role_menu` VALUES ('3', '5');
INSERT INTO `sys_role_menu` VALUES ('3', '50');
INSERT INTO `sys_role_menu` VALUES ('3', '51');
INSERT INTO `sys_role_menu` VALUES ('3', '52');
INSERT INTO `sys_role_menu` VALUES ('3', '53');
INSERT INTO `sys_role_menu` VALUES ('3', '54');
INSERT INTO `sys_role_menu` VALUES ('3', '55');
INSERT INTO `sys_role_menu` VALUES ('3', '56');
INSERT INTO `sys_role_menu` VALUES ('3', '57');
INSERT INTO `sys_role_menu` VALUES ('3', '58');
INSERT INTO `sys_role_menu` VALUES ('3', '59');
INSERT INTO `sys_role_menu` VALUES ('3', '6');
INSERT INTO `sys_role_menu` VALUES ('3', '60');
INSERT INTO `sys_role_menu` VALUES ('3', '61');
INSERT INTO `sys_role_menu` VALUES ('3', '62');
INSERT INTO `sys_role_menu` VALUES ('3', '63');
INSERT INTO `sys_role_menu` VALUES ('3', '64');
INSERT INTO `sys_role_menu` VALUES ('3', '65');
INSERT INTO `sys_role_menu` VALUES ('3', '66');
INSERT INTO `sys_role_menu` VALUES ('3', '67');
INSERT INTO `sys_role_menu` VALUES ('3', '68');
INSERT INTO `sys_role_menu` VALUES ('3', '69');
INSERT INTO `sys_role_menu` VALUES ('3', '7');
INSERT INTO `sys_role_menu` VALUES ('3', '70');
INSERT INTO `sys_role_menu` VALUES ('3', '71');
INSERT INTO `sys_role_menu` VALUES ('3', '72');
INSERT INTO `sys_role_menu` VALUES ('3', '73');
INSERT INTO `sys_role_menu` VALUES ('3', '74');
INSERT INTO `sys_role_menu` VALUES ('3', '75');
INSERT INTO `sys_role_menu` VALUES ('3', '76');
INSERT INTO `sys_role_menu` VALUES ('3', '77');
INSERT INTO `sys_role_menu` VALUES ('3', '78');
INSERT INTO `sys_role_menu` VALUES ('3', '79');
INSERT INTO `sys_role_menu` VALUES ('3', '8');
INSERT INTO `sys_role_menu` VALUES ('3', '80');
INSERT INTO `sys_role_menu` VALUES ('3', '81');
INSERT INTO `sys_role_menu` VALUES ('3', '82');
INSERT INTO `sys_role_menu` VALUES ('3', '83');
INSERT INTO `sys_role_menu` VALUES ('3', '84');
INSERT INTO `sys_role_menu` VALUES ('3', '85');
INSERT INTO `sys_role_menu` VALUES ('3', '86');
INSERT INTO `sys_role_menu` VALUES ('3', '87');
INSERT INTO `sys_role_menu` VALUES ('3', '88');
INSERT INTO `sys_role_menu` VALUES ('3', '89');
INSERT INTO `sys_role_menu` VALUES ('3', '9');
INSERT INTO `sys_role_menu` VALUES ('3', '90');

-- ----------------------------
-- Table structure for sys_role_office
-- ----------------------------
DROP TABLE IF EXISTS `sys_role_office`;
CREATE TABLE `sys_role_office`  (
  `role_id` varchar(64) CHARACTER SET utf8 COLLATE utf8_general_ci NOT NULL COMMENT '',
  `office_id` varchar(64) CHARACTER SET utf8 COLLATE utf8_general_ci NOT NULL COMMENT '',
  PRIMARY KEY (`role_id`, `office_id`) USING BTREE
) ENGINE = InnoDB CHARACTER SET = utf8 COLLATE = utf8_general_ci COMMENT = '-' ROW_FORMAT = Dynamic;

-- ----------------------------
-- Records of sys_role_office
-- ----------------------------
INSERT INTO `sys_role_office` VALUES ('7', '10');
INSERT INTO `sys_role_office` VALUES ('7', '11');
INSERT INTO `sys_role_office` VALUES ('7', '12');
INSERT INTO `sys_role_office` VALUES ('7', '13');
INSERT INTO `sys_role_office` VALUES ('7', '14');
INSERT INTO `sys_role_office` VALUES ('7', '15');
INSERT INTO `sys_role_office` VALUES ('7', '16');
INSERT INTO `sys_role_office` VALUES ('7', '17');
INSERT INTO `sys_role_office` VALUES ('7', '18');
INSERT INTO `sys_role_office` VALUES ('7', '19');
INSERT INTO `sys_role_office` VALUES ('7', '20');
INSERT INTO `sys_role_office` VALUES ('7', '21');
INSERT INTO `sys_role_office` VALUES ('7', '22');
INSERT INTO `sys_role_office` VALUES ('7', '23');
INSERT INTO `sys_role_office` VALUES ('7', '24');
INSERT INTO `sys_role_office` VALUES ('7', '25');
INSERT INTO `sys_role_office` VALUES ('7', '26');
INSERT INTO `sys_role_office` VALUES ('7', '7');
INSERT INTO `sys_role_office` VALUES ('7', '8');
INSERT INTO `sys_role_office` VALUES ('7', '9');

-- ----------------------------
-- Table structure for sys_user
-- ----------------------------
DROP TABLE IF EXISTS `sys_user`;
CREATE TABLE `sys_user`  (
  `id` varchar(64) CHARACTER SET utf8 COLLATE utf8_general_ci NOT NULL COMMENT '',
  `company_id` varchar(64) CHARACTER SET utf8 COLLATE utf8_general_ci NOT NULL COMMENT '',
  `office_id` varchar(64) CHARACTER SET utf8 COLLATE utf8_general_ci NOT NULL COMMENT '',
  `login_name` varchar(100) CHARACTER SET utf8 COLLATE utf8_general_ci NOT NULL COMMENT '',
  `password` varchar(100) CHARACTER SET utf8 COLLATE utf8_general_ci NOT NULL COMMENT '',
  `no` varchar(100) CHARACTER SET utf8 COLLATE utf8_general_ci NULL DEFAULT NULL COMMENT '',
  `name` varchar(100) CHARACTER SET utf8 COLLATE utf8_general_ci NOT NULL COMMENT '',
  `email` varchar(200) CHARACTER SET utf8 COLLATE utf8_general_ci NULL DEFAULT NULL COMMENT '',
  `phone` varchar(200) CHARACTER SET utf8 COLLATE utf8_general_ci NULL DEFAULT NULL COMMENT '',
  `mobile` varchar(200) CHARACTER SET utf8 COLLATE utf8_general_ci NULL DEFAULT NULL COMMENT '',
  `user_type` char(1) CHARACTER SET utf8 COLLATE utf8_general_ci NULL DEFAULT NULL COMMENT '',
  `photo` varchar(1000) CHARACTER SET utf8 COLLATE utf8_general_ci NULL DEFAULT NULL COMMENT '',
  `login_ip` varchar(100) CHARACTER SET utf8 COLLATE utf8_general_ci NULL DEFAULT NULL COMMENT 'IP',
  `login_date` datetime(0) NULL DEFAULT NULL COMMENT '',
  `login_flag` varchar(64) CHARACTER SET utf8 COLLATE utf8_general_ci NULL DEFAULT NULL COMMENT '',
  `create_by` varchar(64) CHARACTER SET utf8 COLLATE utf8_general_ci NOT NULL COMMENT '',
  `create_date` datetime(0) NOT NULL COMMENT '',
  `update_by` varchar(64) CHARACTER SET utf8 COLLATE utf8_general_ci NOT NULL COMMENT '',
  `update_date` datetime(0) NOT NULL COMMENT '',
  `remarks` varchar(255) CHARACTER SET utf8 COLLATE utf8_general_ci NULL DEFAULT NULL COMMENT '',
  `del_flag` char(1) CHARACTER SET utf8 COLLATE utf8_general_ci NOT NULL DEFAULT '0' COMMENT '',
  PRIMARY KEY (`id`) USING BTREE,
  INDEX `sys_user_office_id`(`office_id`) USING BTREE,
  INDEX `sys_user_login_name`(`login_name`) USING BTREE,
  INDEX `sys_user_company_id`(`company_id`) USING BTREE,
  INDEX `sys_user_update_date`(`update_date`) USING BTREE,
  INDEX `sys_user_del_flag`(`del_flag`) USING BTREE
) ENGINE = InnoDB CHARACTER SET = utf8 COLLATE = utf8_general_ci COMMENT = '' ROW_FORMAT = Dynamic;

-- ----------------------------
-- Records of sys_user
-- ----------------------------
INSERT INTO `sys_user` VALUES ('1', '1', '2', 'admin', '619f0ea191ea913557fabefa1c1e07d520bd2efebb0ae2fcf260a5ae', '0001', '', 'admin@163.com', '867533', '8675', '', NULL, '10.10.101.227', '2019-09-10 15:15:14', '1', '1', '2013-05-27 08:00:00', '1', '2019-09-10 14:48:16', '', '0');
INSERT INTO `sys_user` VALUES ('10', '7', '11', 'jn_jsb', '02a3f0772fcca9f415adc990734b45c6f059c7d33ee28362c4852032', '0010', '', NULL, NULL, NULL, NULL, NULL, NULL, NULL, '1', '1', '2013-05-27 08:00:00', '1', '2013-05-27 08:00:00', NULL, '0');
INSERT INTO `sys_user` VALUES ('11', '12', '13', 'lc_admin', '02a3f0772fcca9f415adc990734b45c6f059c7d33ee28362c4852032', '0011', '', NULL, NULL, NULL, NULL, NULL, NULL, NULL, '1', '1', '2013-05-27 08:00:00', '1', '2013-05-27 08:00:00', NULL, '0');
INSERT INTO `sys_user` VALUES ('12', '12', '18', 'lx_admin', '02a3f0772fcca9f415adc990734b45c6f059c7d33ee28362c4852032', '0012', '', NULL, NULL, NULL, NULL, NULL, NULL, NULL, '1', '1', '2013-05-27 08:00:00', '1', '2013-05-27 08:00:00', NULL, '0');
INSERT INTO `sys_user` VALUES ('13', '22', '23', 'gx_admin', '02a3f0772fcca9f415adc990734b45c6f059c7d33ee28362c4852032', '0013', '', NULL, NULL, NULL, NULL, NULL, NULL, NULL, '1', '1', '2013-05-27 08:00:00', '1', '2013-05-27 08:00:00', NULL, '0');
INSERT INTO `sys_user` VALUES ('2', '1', '2', 'sd_admin', '02a3f0772fcca9f415adc990734b45c6f059c7d33ee28362c4852032', '0002', '', '', '', '', '', '', NULL, NULL, '1', '1', '2013-05-27 08:00:00', '1', '2019-09-10 14:46:56', '3', '0');
INSERT INTO `sys_user` VALUES ('3', '1', '3', 'sd_zhb', '02a3f0772fcca9f415adc990734b45c6f059c7d33ee28362c4852032', '0003', '', NULL, NULL, NULL, NULL, NULL, NULL, NULL, '1', '1', '2013-05-27 08:00:00', '1', '2013-05-27 08:00:00', NULL, '0');
INSERT INTO `sys_user` VALUES ('4', '1', '4', 'sd_scb', '02a3f0772fcca9f415adc990734b45c6f059c7d33ee28362c4852032', '0004', '', NULL, NULL, NULL, NULL, NULL, NULL, NULL, '1', '1', '2013-05-27 08:00:00', '1', '2013-05-27 08:00:00', NULL, '0');
INSERT INTO `sys_user` VALUES ('5', '1', '5', 'sd_jsb', '02a3f0772fcca9f415adc990734b45c6f059c7d33ee28362c4852032', '0005', '', NULL, NULL, NULL, NULL, NULL, NULL, NULL, '1', '1', '2013-05-27 08:00:00', '1', '2013-05-27 08:00:00', NULL, '0');
INSERT INTO `sys_user` VALUES ('6', '1', '6', 'sd_yfb', '02a3f0772fcca9f415adc990734b45c6f059c7d33ee28362c4852032', '0006', '', NULL, NULL, NULL, NULL, NULL, NULL, NULL, '1', '1', '2013-05-27 08:00:00', '1', '2013-05-27 08:00:00', NULL, '0');
INSERT INTO `sys_user` VALUES ('7', '7', '8', 'jn_admin', '02a3f0772fcca9f415adc990734b45c6f059c7d33ee28362c4852032', '0007', '', NULL, NULL, NULL, NULL, NULL, NULL, NULL, '1', '1', '2013-05-27 08:00:00', '1', '2013-05-27 08:00:00', NULL, '0');
INSERT INTO `sys_user` VALUES ('8', '7', '9', 'jn_zhb', '02a3f0772fcca9f415adc990734b45c6f059c7d33ee28362c4852032', '0008', '', NULL, NULL, NULL, NULL, NULL, NULL, NULL, '1', '1', '2013-05-27 08:00:00', '1', '2013-05-27 08:00:00', NULL, '0');
INSERT INTO `sys_user` VALUES ('9', '7', '10', 'jn_scb', '02a3f0772fcca9f415adc990734b45c6f059c7d33ee28362c4852032', '0009', '', NULL, NULL, NULL, NULL, NULL, NULL, NULL, '1', '1', '2013-05-27 08:00:00', '1', '2013-05-27 08:00:00', NULL, '0');

-- ----------------------------
-- Table structure for sys_user_role
-- ----------------------------
DROP TABLE IF EXISTS `sys_user_role`;
CREATE TABLE `sys_user_role`  (
  `user_id` varchar(64) CHARACTER SET utf8 COLLATE utf8_general_ci NOT NULL COMMENT '',
  `role_id` varchar(64) CHARACTER SET utf8 COLLATE utf8_general_ci NOT NULL COMMENT '',
  PRIMARY KEY (`user_id`, `role_id`) USING BTREE
) ENGINE = InnoDB CHARACTER SET = utf8 COLLATE = utf8_general_ci COMMENT = '-' ROW_FORMAT = Dynamic;

-- ----------------------------
-- Records of sys_user_role
-- ----------------------------
INSERT INTO `sys_user_role` VALUES ('1', '1');
INSERT INTO `sys_user_role` VALUES ('1', '2');
INSERT INTO `sys_user_role` VALUES ('10', '2');
INSERT INTO `sys_user_role` VALUES ('11', '3');
INSERT INTO `sys_user_role` VALUES ('12', '4');
INSERT INTO `sys_user_role` VALUES ('13', '5');
INSERT INTO `sys_user_role` VALUES ('14', '6');
INSERT INTO `sys_user_role` VALUES ('2', '1');
INSERT INTO `sys_user_role` VALUES ('2', '7');
INSERT INTO `sys_user_role` VALUES ('3', '2');
INSERT INTO `sys_user_role` VALUES ('4', '3');
INSERT INTO `sys_user_role` VALUES ('5', '4');
INSERT INTO `sys_user_role` VALUES ('6', '5');
INSERT INTO `sys_user_role` VALUES ('7', '2');
INSERT INTO `sys_user_role` VALUES ('7', '7');
INSERT INTO `sys_user_role` VALUES ('8', '2');
INSERT INTO `sys_user_role` VALUES ('9', '1');

-- ----------------------------
-- Table structure for test_data
-- ----------------------------
DROP TABLE IF EXISTS `test_data`;
CREATE TABLE `test_data`  (
  `id` varchar(64) CHARACTER SET utf8 COLLATE utf8_general_ci NOT NULL COMMENT '',
  `user_id` varchar(64) CHARACTER SET utf8 COLLATE utf8_general_ci NULL DEFAULT NULL COMMENT '',
  `office_id` varchar(64) CHARACTER SET utf8 COLLATE utf8_general_ci NULL DEFAULT NULL COMMENT '',
  `area_id` varchar(64) CHARACTER SET utf8 COLLATE utf8_general_ci NULL DEFAULT NULL COMMENT '',
  `name` varchar(100) CHARACTER SET utf8 COLLATE utf8_general_ci NULL DEFAULT NULL COMMENT '',
  `sex` char(1) CHARACTER SET utf8 COLLATE utf8_general_ci NULL DEFAULT NULL COMMENT '',
  `in_date` date NULL DEFAULT NULL COMMENT '',
  `create_by` varchar(64) CHARACTER SET utf8 COLLATE utf8_general_ci NOT NULL COMMENT '',
  `create_date` datetime(0) NOT NULL COMMENT '',
  `update_by` varchar(64) CHARACTER SET utf8 COLLATE utf8_general_ci NOT NULL COMMENT '',
  `update_date` datetime(0) NOT NULL COMMENT '',
  `remarks` varchar(255) CHARACTER SET utf8 COLLATE utf8_general_ci NULL DEFAULT NULL COMMENT '',
  `del_flag` char(1) CHARACTER SET utf8 COLLATE utf8_general_ci NOT NULL DEFAULT '0' COMMENT '',
  PRIMARY KEY (`id`) USING BTREE,
  INDEX `test_data_del_flag`(`del_flag`) USING BTREE
) ENGINE = InnoDB CHARACTER SET = utf8 COLLATE = utf8_general_ci COMMENT = '' ROW_FORMAT = Dynamic;

-- ----------------------------
-- Table structure for test_data_child
-- ----------------------------
DROP TABLE IF EXISTS `test_data_child`;
CREATE TABLE `test_data_child`  (
  `id` varchar(64) CHARACTER SET utf8 COLLATE utf8_general_ci NOT NULL COMMENT '',
  `test_data_main_id` varchar(64) CHARACTER SET utf8 COLLATE utf8_general_ci NULL DEFAULT NULL COMMENT 'ID',
  `name` varchar(100) CHARACTER SET utf8 COLLATE utf8_general_ci NULL DEFAULT NULL COMMENT '',
  `create_by` varchar(64) CHARACTER SET utf8 COLLATE utf8_general_ci NOT NULL COMMENT '',
  `create_date` datetime(0) NOT NULL COMMENT '',
  `update_by` varchar(64) CHARACTER SET utf8 COLLATE utf8_general_ci NOT NULL COMMENT '',
  `update_date` datetime(0) NOT NULL COMMENT '',
  `remarks` varchar(255) CHARACTER SET utf8 COLLATE utf8_general_ci NULL DEFAULT NULL COMMENT '',
  `del_flag` char(1) CHARACTER SET utf8 COLLATE utf8_general_ci NOT NULL DEFAULT '0' COMMENT '',
  PRIMARY KEY (`id`) USING BTREE,
  INDEX `test_data_child_del_flag`(`del_flag`) USING BTREE
) ENGINE = InnoDB CHARACTER SET = utf8 COLLATE = utf8_general_ci COMMENT = '' ROW_FORMAT = Dynamic;

-- ----------------------------
-- Table structure for test_data_main
-- ----------------------------
DROP TABLE IF EXISTS `test_data_main`;
CREATE TABLE `test_data_main`  (
  `id` varchar(64) CHARACTER SET utf8 COLLATE utf8_general_ci NOT NULL COMMENT '',
  `user_id` varchar(64) CHARACTER SET utf8 COLLATE utf8_general_ci NULL DEFAULT NULL COMMENT '',
  `office_id` varchar(64) CHARACTER SET utf8 COLLATE utf8_general_ci NULL DEFAULT NULL COMMENT '',
  `area_id` varchar(64) CHARACTER SET utf8 COLLATE utf8_general_ci NULL DEFAULT NULL COMMENT '',
  `name` varchar(100) CHARACTER SET utf8 COLLATE utf8_general_ci NULL DEFAULT NULL COMMENT '',
  `sex` char(1) CHARACTER SET utf8 COLLATE utf8_general_ci NULL DEFAULT NULL COMMENT '',
  `in_date` date NULL DEFAULT NULL COMMENT '',
  `create_by` varchar(64) CHARACTER SET utf8 COLLATE utf8_general_ci NOT NULL COMMENT '',
  `create_date` datetime(0) NOT NULL COMMENT '',
  `update_by` varchar(64) CHARACTER SET utf8 COLLATE utf8_general_ci NOT NULL COMMENT '',
  `update_date` datetime(0) NOT NULL COMMENT '',
  `remarks` varchar(255) CHARACTER SET utf8 COLLATE utf8_general_ci NULL DEFAULT NULL COMMENT '',
  `del_flag` char(1) CHARACTER SET utf8 COLLATE utf8_general_ci NOT NULL DEFAULT '0' COMMENT '',
  PRIMARY KEY (`id`) USING BTREE,
  INDEX `test_data_main_del_flag`(`del_flag`) USING BTREE
) ENGINE = InnoDB CHARACTER SET = utf8 COLLATE = utf8_general_ci COMMENT = '' ROW_FORMAT = Dynamic;

-- ----------------------------
-- Table structure for test_image
-- ----------------------------
DROP TABLE IF EXISTS `test_image`;
CREATE TABLE `test_image`  (
  `id` varchar(64) CHARACTER SET utf8 COLLATE utf8_general_ci NOT NULL COMMENT '',
  `user_id` varchar(64) CHARACTER SET utf8 COLLATE utf8_general_ci NULL DEFAULT NULL COMMENT '',
  `office_id` varchar(64) CHARACTER SET utf8 COLLATE utf8_general_ci NULL DEFAULT NULL COMMENT '',
  `area_id` varchar(64) CHARACTER SET utf8 COLLATE utf8_general_ci NULL DEFAULT NULL COMMENT '',
  `name` varchar(100) CHARACTER SET utf8 COLLATE utf8_general_ci NULL DEFAULT NULL COMMENT '',
  `sex` char(1) CHARACTER SET utf8 COLLATE utf8_general_ci NULL DEFAULT NULL COMMENT '',
  `in_date` date NULL DEFAULT NULL COMMENT '',
  `img_path` varchar(500) CHARACTER SET utf8 COLLATE utf8_general_ci NULL DEFAULT NULL COMMENT '',
  `create_by` varchar(64) CHARACTER SET utf8 COLLATE utf8_general_ci NOT NULL COMMENT '',
  `create_date` datetime(0) NOT NULL COMMENT '',
  `update_by` varchar(64) CHARACTER SET utf8 COLLATE utf8_general_ci NOT NULL COMMENT '',
  `update_date` datetime(0) NOT NULL COMMENT '',
  `remarks` varchar(255) CHARACTER SET utf8 COLLATE utf8_general_ci NULL DEFAULT NULL COMMENT '',
  `del_flag` char(1) CHARACTER SET utf8 COLLATE utf8_general_ci NOT NULL DEFAULT '0' COMMENT '',
  PRIMARY KEY (`id`) USING BTREE,
  INDEX `test_data_del_flag`(`del_flag`) USING BTREE
) ENGINE = InnoDB CHARACTER SET = utf8 COLLATE = utf8_general_ci COMMENT = '' ROW_FORMAT = Dynamic;

-- ----------------------------
-- Records of test_image
-- ----------------------------
INSERT INTO `test_image` VALUES ('f33c84b4757e4b37aa5a937c1a7c320c', '3', '4', '5', 'cse', '1', '2017-12-26', '|/jeesite_ctop/userfiles/1/files/test2/testImage/2017/12/%E7%BF%85%E8%86%80%E7%A1%AC%E4%BA%86.jpg', '1', '2017-12-26 13:41:39', '1', '2017-12-26 13:41:39', 'ggg', '0');

-- ----------------------------
-- Table structure for test_tree
-- ----------------------------
DROP TABLE IF EXISTS `test_tree`;
CREATE TABLE `test_tree`  (
  `id` varchar(64) CHARACTER SET utf8 COLLATE utf8_general_ci NOT NULL COMMENT '',
  `parent_id` varchar(64) CHARACTER SET utf8 COLLATE utf8_general_ci NOT NULL COMMENT '',
  `parent_ids` varchar(2000) CHARACTER SET utf8 COLLATE utf8_general_ci NOT NULL COMMENT '',
  `name` varchar(100) CHARACTER SET utf8 COLLATE utf8_general_ci NOT NULL COMMENT '',
  `sort` decimal(10, 0) NOT NULL COMMENT '',
  `create_by` varchar(64) CHARACTER SET utf8 COLLATE utf8_general_ci NOT NULL COMMENT '',
  `create_date` datetime(0) NOT NULL COMMENT '',
  `update_by` varchar(64) CHARACTER SET utf8 COLLATE utf8_general_ci NOT NULL COMMENT '',
  `update_date` datetime(0) NOT NULL COMMENT '',
  `remarks` varchar(255) CHARACTER SET utf8 COLLATE utf8_general_ci NULL DEFAULT NULL COMMENT '',
  `del_flag` char(1) CHARACTER SET utf8 COLLATE utf8_general_ci NOT NULL DEFAULT '0' COMMENT '',
  PRIMARY KEY (`id`) USING BTREE,
  INDEX `test_tree_del_flag`(`del_flag`) USING BTREE,
  INDEX `test_data_parent_id`(`parent_id`) USING BTREE
) ENGINE = InnoDB CHARACTER SET = utf8 COLLATE = utf8_general_ci COMMENT = '' ROW_FORMAT = Dynamic;

SET FOREIGN_KEY_CHECKS = 1;
